REGIONE,ASL,ANNO,PERIODO_DI_RIFERIMENTO,ID_PRESTAZIONE,DESC_PRESTAZIONE,COD_PRESTAZIONE,EROGAZIONI,EROGAZIONI_DAGARANTIRE,EROGAZIONI_DAGARANTIRE_B,EROGAZIONI_DAGARANTIRE_B_TMAX,EROGAZIONI_DAGARANTIRE_D,EROGAZIONI_DAGARANTIRE_D_TMAX,EROGAZIONI_DAGARANTIRE_P,EROGAZIONI_DAGARANTIRE_P_TMAX
PUGLIA,BARI - 160114,2024,I TRIMESTRE 2024,1,Prima Visita cardiologica,89.7,8915,2862,1359,660,1193,620,277,277
PUGLIA,BARI - 160114,2024,I TRIMESTRE 2024,2,Prima Visita chirurgia vascolare,89.7,1655,493,263,110,230,117,,
PUGLIA,BARI - 160114,2024,I TRIMESTRE 2024,3,Prima Visita endocrinologica,89.7,5849,1589,825,361,760,376,3,2
PUGLIA,BARI - 160114,2024,I TRIMESTRE 2024,4,Prima Visita neurologica,89.13.00,6394,1958,1035,490,820,446,102,102
PUGLIA,BARI - 160114,2024,I TRIMESTRE 2024,5,Prima Visita oculistica,95.02.00,10431,3405,1035,608,1559,1010,755,747
PUGLIA,BARI - 160114,2024,I TRIMESTRE 2024,6,Prima Visita ortopedica,89.7,6976,2102,1084,457,1014,525,1,1
PUGLIA,BARI - 160114,2024,I TRIMESTRE 2024,7,Prima Visita ginecologica,89.26.00,5670,665,358,231,252,131,54,54
PUGLIA,BARI - 160114,2024,I TRIMESTRE 2024,8,Prima Visita otorinolaringoiatrica,89.7,7926,2676,1334,573,1339,741,1,1
PUGLIA,BARI - 160114,2024,I TRIMESTRE 2024,9,Prima Visita urologica,89.7,3874,1156,556,248,599,272,,
PUGLIA,BARI - 160114,2024,I TRIMESTRE 2024,10,Prima Visita dermatologica,89.7,8651,3049,1338,659,1504,729,191,190
PUGLIA,BARI - 160114,2024,I TRIMESTRE 2024,11,Prima Visita fisiatrica,89.7,13157,6805,2206,2099,2043,1982,2446,2446
PUGLIA,BARI - 160114,2024,I TRIMESTRE 2024,12,Prima Visita gastroenterologica,89.7,2308,599,320,126,278,126,,
PUGLIA,BARI - 160114,2024,I TRIMESTRE 2024,13,Prima Visita oncologica,89.7,3139,386,261,231,125,120,,
PUGLIA,BARI - 160114,2024,I TRIMESTRE 2024,14,Prima Visita pneumologica,89.7,4025,1005,504,239,424,234,74,74
PUGLIA,BARI - 160114,2024,I TRIMESTRE 2024,15,Mammografia bilaterale,87.37.01,6061,1909,257,210,461,398,1161,1161
PUGLIA,BARI - 160114,2024,I TRIMESTRE 2024,16,Mammografia monolaterale,87.37.02,80,14,6,6,2,2,5,5
PUGLIA,BARI - 160114,2024,I TRIMESTRE 2024,17,TC del Torace,87.41.00,1888,634,274,146,215,173,127,127
PUGLIA,BARI - 160114,2024,I TRIMESTRE 2024,18,TC del Torace senza e con MDC,87.41.01,3135,1226,497,281,341,272,323,323
PUGLIA,BARI - 160114,2024,I TRIMESTRE 2024,19,TC dell’addome superiore,88.01.01,40,20,8,2,5,4,7,7
PUGLIA,BARI - 160114,2024,I TRIMESTRE 2024,20,TC dell’addome superiore senza e con MDC,88.01.02,464,184,76,43,40,31,59,59
PUGLIA,BARI - 160114,2024,I TRIMESTRE 2024,21,TC dell’addome inferiore,88.01.03,36,21,8,3,5,5,7,7
PUGLIA,BARI - 160114,2024,I TRIMESTRE 2024,22,TC dell’addome inferiore senza e con MDC,88.01.04,460,183,78,43,44,35,53,53
PUGLIA,BARI - 160114,2024,I TRIMESTRE 2024,23,TC dell’addome completo,88.01.05,441,156,68,46,52,44,26,26
PUGLIA,BARI - 160114,2024,I TRIMESTRE 2024,24,TC dell’addome completo senza e con MDC,88.01.06,3264,1360,566,326,352,299,343,343
PUGLIA,BARI - 160114,2024,I TRIMESTRE 2024,25,TC Cranio - encefalo,87.03.00,814,366,162,85,99,78,93,93
PUGLIA,BARI - 160114,2024,I TRIMESTRE 2024,26,TC Cranio - encefalo senza e con MDC,87.03.01,1465,588,234,131,148,119,168,168
PUGLIA,BARI - 160114,2024,I TRIMESTRE 2024,27,TC del rachide e dello speco vertebrale cervicale,88.38.01,384,155,78,37,34,28,41,41
PUGLIA,BARI - 160114,2024,I TRIMESTRE 2024,28,TC del rachide e dello speco vertebrale toracico,88.38.01,,,,,,,,
PUGLIA,BARI - 160114,2024,I TRIMESTRE 2024,29,TC del rachide e dello speco vertebrale lombosacrale,88.38.01,,,,,,,,
PUGLIA,BARI - 160114,2024,I TRIMESTRE 2024,30,TC del rachide e dello speco vertebrale cervicale senza e con MDC,88.38.02,76,16,7,3,7,1,2,2
PUGLIA,BARI - 160114,2024,I TRIMESTRE 2024,31,TC del rachide e dello speco vertebrale toracico senza e con MDC,88.38.02,,,,,,,,
PUGLIA,BARI - 160114,2024,I TRIMESTRE 2024,32,TC del rachide e dello speco vertebrale lombosacrale senza e con MDC,88.38.02,,,,,,,,
PUGLIA,BARI - 160114,2024,I TRIMESTRE 2024,33,TC di Bacino e articolazioni sacroiliache,88.38.05,55,29,8,4,5,3,14,14
PUGLIA,BARI - 160114,2024,I TRIMESTRE 2024,34,"RM di encefalo e tronco encefalico, giunzione cranio spinale e relativo distretto vascolare",89.31.01,1007,593,181,138,154,138,226,226
PUGLIA,BARI - 160114,2024,I TRIMESTRE 2024,35,"RM di encefalo e tronco encefalico, giunzione cranio spinale e relativo distretto vascolare senza e con MDC",89.31.02,1661,651,253,130,152,111,193,193
PUGLIA,BARI - 160114,2024,I TRIMESTRE 2024,36,RM di addome inferiore e scavo pelvico,89.35.04,127,62,21,12,22,15,14,14
PUGLIA,BARI - 160114,2024,I TRIMESTRE 2024,37,RM di addome inferiore e scavo pelvico senza e con MDC,89.35.05,972,363,171,97,76,44,94,94
PUGLIA,BARI - 160114,2024,I TRIMESTRE 2024,38,RM della colonna in toto,89.33.00,4264,2751,745,568,644,544,1263,1263
PUGLIA,BARI - 160114,2024,I TRIMESTRE 2024,39,RM della colonna in toto senza e con MDC,89.33.01,1072,413,169,77,89,61,124,124
PUGLIA,BARI - 160114,2024,I TRIMESTRE 2024,40,Diagnostica ecografica del capo e del collo,89.11.04,4566,1718,668,331,771,479,269,268
PUGLIA,BARI - 160114,2024,I TRIMESTRE 2024,41,Eco (color) dopplergrafia cardiaca,89.12.03,2680,875,335,173,347,241,191,191
PUGLIA,BARI - 160114,2024,I TRIMESTRE 2024,42,Eco (color) dopplergrafia dei tronchi sovra aortici,89.13.05,5797,2381,739,380,1127,810,507,504
PUGLIA,BARI - 160114,2024,I TRIMESTRE 2024,43,Ecografia dell’addome superiore,89.14.01,3094,1253,470,247,523,380,244,244
PUGLIA,BARI - 160114,2024,I TRIMESTRE 2024,44,Ecografia dell’addome inferiore,89.15.01,1095,429,198,98,181,123,49,49
PUGLIA,BARI - 160114,2024,I TRIMESTRE 2024,45,Ecografia dell’addome completo,89.16.01,7973,3815,1413,885,1353,1060,996,996
PUGLIA,BARI - 160114,2024,I TRIMESTRE 2024,46,Ecografia bilaterale della mammella,89.13.01,7659,2225,369,275,577,473,1246,1246
PUGLIA,BARI - 160114,2024,I TRIMESTRE 2024,47,Ecografia monolaterale della mammella,89.13.02,74,16,5,4,3,2,7,7
PUGLIA,BARI - 160114,2024,I TRIMESTRE 2024,48,Ecografia ostetrica,89.18.00,3392,141,89,47,52,50,,
PUGLIA,BARI - 160114,2024,I TRIMESTRE 2024,49,Ecografia ginecologica,89.18.02,896,206,139,102,61,36,6,6
PUGLIA,BARI - 160114,2024,I TRIMESTRE 2024,50,Ecocolor doppler degli arti inferiori arterioso e/o venoso,89.17.02,4197,1607,633,271,639,417,322,320
PUGLIA,BARI - 160114,2024,I TRIMESTRE 2024,51,Colonscopia totale con endoscopio flessibile,45.23.00,1296,404,239,122,165,67,,
PUGLIA,BARI - 160114,2024,I TRIMESTRE 2024,52,Polipectomia dell’intestino crasso in corso di endoscopia sede unica,45.42.00,110,23,4,3,3,3,16,16
PUGLIA,BARI - 160114,2024,I TRIMESTRE 2024,53,Rettosigmoidoscopia con endoscopio flessibile,45.24.00,63,4,1,1,3,3,,
PUGLIA,BARI - 160114,2024,I TRIMESTRE 2024,54,Esofagogastroduodenoscopia,45.13.00,1172,613,248,101,251,146,111,111
PUGLIA,BARI - 160114,2024,I TRIMESTRE 2024,55,Esofagogastroduodenoscopia con biopsia in sede unica,45.16.00,979,313,209,61,103,63,1,1
PUGLIA,BARI - 160114,2024,I TRIMESTRE 2024,56,Elettrocardiogramma,89.52.00,10693,3231,1550,784,1332,926,316,316
PUGLIA,BARI - 160114,2024,I TRIMESTRE 2024,57,Elettrocardiogramma dinamico (Holter),89.50.00,1932,806,377,172,327,178,93,89
PUGLIA,BARI - 160114,2024,I TRIMESTRE 2024,58,Test cardiovascolare da sforzo con cicloergometro o con pedana mobile,89.41 - 89.43,968,192,108,28,84,27,,
PUGLIA,BARI - 160114,2024,I TRIMESTRE 2024,59,Altri test cardiovascolari da sforzo,89.44.00,39,1,1,1,,,,
PUGLIA,BARI - 160114,2024,I TRIMESTRE 2024,60,Esame audiometrico tonale,95.41.01,3152,1047,433,172,511,308,103,103
PUGLIA,BARI - 160114,2024,I TRIMESTRE 2024,61,Spirometria semplice,89.37.01,1889,710,361,225,253,204,93,93
PUGLIA,BARI - 160114,2024,I TRIMESTRE 2024,62,Spirometria globale,89.37.02,1379,491,179,109,238,202,68,68
PUGLIA,BARI - 160114,2024,I TRIMESTRE 2024,63,Fotografia del fundus,95.11.00,22,,,,,,,
PUGLIA,BARI - 160114,2024,I TRIMESTRE 2024,64,ELETTROMIOGRAFIA SEMPLICE [EMG] PER ARTO SUPERIORE. Analisi qualitativa fino a 6 muscoli. Non associabile a 93.09.1 e 93.09.2,93.08.01,7320,2732,1009,531,1130,804,561,561
PUGLIA,BARI - 160114,2024,I TRIMESTRE 2024,65,ELETTROMIOGRAFIA SEMPLICE [EMG] PER ARTO INFERIORE fino a 4 muscoli. Analisi qualitativa. Non associabile a 93.09.1 e 93.09.2,93.08.01,,,,,,,,
PUGLIA,BARI - 160114,2024,I TRIMESTRE 2024,66 - 67,ELETTROMIOGRAFIA SEMPLICE [EMG] DEL CAPO fino a 4 muscoli. Analisi qualitativa. Escluso: EMG dell'occhio (95.25) e POLISONNOGRAFIA (89.17),93.08.01,,,,,,,,
PUGLIA,BARI - 160114,2024,I TRIMESTRE 2024,,ELETTROMIOGRAFIA SEMPLICE [EMG] DEL TRONCO. Analisi qualitativa. Fino a 4 muscoli,,,,,,,,,
PUGLIA,BARI - 160114,2024,I TRIMESTRE 2024,68,"VALUTAZIONE EMG DINAMICA DEL CAMMINO. Valutazione EMG di superficie o con elettrodi a filo (4 muscoli), associato ad esame basografico per la definizione delle fasi del passo. Non associabile a ANALISI DELLA CINEMATICA E DELLA DINAMICA DEL PASSO (93.05.7)",93.08.01,,,,,,,,
PUGLIA,BARI - 160114,2024,I TRIMESTRE 2024,69,EMG DINAMICA DELL'ARTO SUPERIORE. Valutazione EMG di superficie o con elettrodi a filo (4 muscoli),93.08.01,,,,,,,,
PUGLIA,BT - 160113,2024,I TRIMESTRE 2024,1,Prima Visita cardiologica,89.7,3999,1731,895,470,726,443,106,106
PUGLIA,BT - 160113,2024,I TRIMESTRE 2024,2,Prima Visita chirurgia vascolare,89.7,355,123,66,30,57,34,,
PUGLIA,BT - 160113,2024,I TRIMESTRE 2024,3,Prima Visita endocrinologica,89.7,1405,680,264,130,298,156,117,117
PUGLIA,BT - 160113,2024,I TRIMESTRE 2024,4,Prima Visita neurologica,89.13.00,2306,729,431,265,298,200,,
PUGLIA,BT - 160113,2024,I TRIMESTRE 2024,5,Prima Visita oculistica,95.02.00,1698,686,334,124,352,166,,
PUGLIA,BT - 160113,2024,I TRIMESTRE 2024,6,Prima Visita ortopedica,89.7,1441,643,326,135,317,141,,
PUGLIA,BT - 160113,2024,I TRIMESTRE 2024,7,Prima Visita ginecologica,89.26.00,1032,392,155,118,237,187,,
PUGLIA,BT - 160113,2024,I TRIMESTRE 2024,8,Prima Visita otorinolaringoiatrica,89.7,2086,1196,629,263,567,199,,
PUGLIA,BT - 160113,2024,I TRIMESTRE 2024,9,Prima Visita urologica,89.7,590,327,166,51,161,62,,
PUGLIA,BT - 160113,2024,I TRIMESTRE 2024,10,Prima Visita dermatologica,89.7,3297,2027,667,464,1006,754,352,352
PUGLIA,BT - 160113,2024,I TRIMESTRE 2024,11,Prima Visita fisiatrica,89.7,4959,2997,822,744,1159,1135,991,991
PUGLIA,BT - 160113,2024,I TRIMESTRE 2024,12,Prima Visita gastroenterologica,89.7,684,348,182,109,166,90,,
PUGLIA,BT - 160113,2024,I TRIMESTRE 2024,13,Prima Visita oncologica,89.7,542,178,141,118,37,33,,
PUGLIA,BT - 160113,2024,I TRIMESTRE 2024,14,Prima Visita pneumologica,89.7,2135,651,366,200,285,226,,
PUGLIA,BT - 160113,2024,I TRIMESTRE 2024,15,Mammografia bilaterale,87.37.01,1282,715,207,133,296,263,210,210
PUGLIA,BT - 160113,2024,I TRIMESTRE 2024,16,Mammografia monolaterale,87.37.02,12,3,2,1,1,1,,
PUGLIA,BT - 160113,2024,I TRIMESTRE 2024,17,TC del Torace,87.41.00,537,228,146,78,63,46,18,18
PUGLIA,BT - 160113,2024,I TRIMESTRE 2024,18,TC del Torace senza e con MDC,87.41.01,750,403,294,93,109,45,,
PUGLIA,BT - 160113,2024,I TRIMESTRE 2024,19,TC dell’addome superiore,88.01.01,16,8,3,2,3,3,1,1
PUGLIA,BT - 160113,2024,I TRIMESTRE 2024,20,TC dell’addome superiore senza e con MDC,88.01.02,73,37,30,7,7,3,,
PUGLIA,BT - 160113,2024,I TRIMESTRE 2024,21,TC dell’addome inferiore,88.01.03,20,10,4,4,3,3,2,2
PUGLIA,BT - 160113,2024,I TRIMESTRE 2024,22,TC dell’addome inferiore senza e con MDC,88.01.04,75,38,29,6,9,6,,
PUGLIA,BT - 160113,2024,I TRIMESTRE 2024,23,TC dell’addome completo,88.01.05,177,121,69,40,33,28,15,15
PUGLIA,BT - 160113,2024,I TRIMESTRE 2024,24,TC dell’addome completo senza e con MDC,88.01.06,761,421,303,88,118,55,,
PUGLIA,BT - 160113,2024,I TRIMESTRE 2024,25,TC Cranio - encefalo,87.03.00,360,228,116,74,80,70,24,24
PUGLIA,BT - 160113,2024,I TRIMESTRE 2024,26,TC Cranio - encefalo senza e con MDC,87.03.01,276,133,89,25,44,20,,
PUGLIA,BT - 160113,2024,I TRIMESTRE 2024,27,TC del rachide e dello speco vertebrale cervicale,88.38.01,178,96,43,34,41,40,11,11
PUGLIA,BT - 160113,2024,I TRIMESTRE 2024,28,TC del rachide e dello speco vertebrale toracico,88.38.01,,,,,,,,
PUGLIA,BT - 160113,2024,I TRIMESTRE 2024,29,TC del rachide e dello speco vertebrale lombosacrale,88.38.01,,,,,,,,
PUGLIA,BT - 160113,2024,I TRIMESTRE 2024,30,TC del rachide e dello speco vertebrale cervicale senza e con MDC,88.38.02,8,6,4,1,2,1,,
PUGLIA,BT - 160113,2024,I TRIMESTRE 2024,31,TC del rachide e dello speco vertebrale toracico senza e con MDC,88.38.02,,,,,,,,
PUGLIA,BT - 160113,2024,I TRIMESTRE 2024,32,TC del rachide e dello speco vertebrale lombosacrale senza e con MDC,88.38.02,,,,,,,,
PUGLIA,BT - 160113,2024,I TRIMESTRE 2024,33,TC di Bacino e articolazioni sacroiliache,88.38.05,14,5,3,2,1,1,1,1
PUGLIA,BT - 160113,2024,I TRIMESTRE 2024,34,"RM di encefalo e tronco encefalico, giunzione cranio spinale e relativo distretto vascolare",89.31.01,499,149,82,33,40,29,27,27
PUGLIA,BT - 160113,2024,I TRIMESTRE 2024,35,"RM di encefalo e tronco encefalico, giunzione cranio spinale e relativo distretto vascolare senza e con MDC",89.31.02,322,209,143,36,59,25,7,7
PUGLIA,BT - 160113,2024,I TRIMESTRE 2024,36,RM di addome inferiore e scavo pelvico,89.35.04,30,21,13,3,7,3,1,1
PUGLIA,BT - 160113,2024,I TRIMESTRE 2024,37,RM di addome inferiore e scavo pelvico senza e con MDC,89.35.05,213,139,87,14,42,14,10,10
PUGLIA,BT - 160113,2024,I TRIMESTRE 2024,38,RM della colonna in toto,89.33.00,1560,776,374,212,293,259,105,105
PUGLIA,BT - 160113,2024,I TRIMESTRE 2024,39,RM della colonna in toto senza e con MDC,89.33.01,140,74,49,21,21,13,4,4
PUGLIA,BT - 160113,2024,I TRIMESTRE 2024,40,Diagnostica ecografica del capo e del collo,89.11.04,1152,600,251,133,264,201,80,80
PUGLIA,BT - 160113,2024,I TRIMESTRE 2024,41,Eco (color) dopplergrafia cardiaca,89.12.03,826,447,136,73,215,128,94,94
PUGLIA,BT - 160113,2024,I TRIMESTRE 2024,42,Eco (color) dopplergrafia dei tronchi sovra aortici,89.13.05,1507,1008,310,188,444,347,252,252
PUGLIA,BT - 160113,2024,I TRIMESTRE 2024,43,Ecografia dell’addome superiore,89.14.01,1134,630,222,158,350,329,56,56
PUGLIA,BT - 160113,2024,I TRIMESTRE 2024,44,Ecografia dell’addome inferiore,89.15.01,210,120,57,33,48,42,14,14
PUGLIA,BT - 160113,2024,I TRIMESTRE 2024,45,Ecografia dell’addome completo,89.16.01,2593,1202,498,347,511,457,185,185
PUGLIA,BT - 160113,2024,I TRIMESTRE 2024,46,Ecografia bilaterale della mammella,89.13.01,1349,845,256,145,352,312,232,232
PUGLIA,BT - 160113,2024,I TRIMESTRE 2024,47,Ecografia monolaterale della mammella,89.13.02,5,3,2,2,1,1,,
PUGLIA,BT - 160113,2024,I TRIMESTRE 2024,48,Ecografia ostetrica,89.18.00,349,63,26,22,37,37,,
PUGLIA,BT - 160113,2024,I TRIMESTRE 2024,49,Ecografia ginecologica,89.18.02,421,186,72,52,114,97,,
PUGLIA,BT - 160113,2024,I TRIMESTRE 2024,50,Ecocolor doppler degli arti inferiori arterioso e/o venoso,89.17.02,1948,1015,369,281,376,312,259,258
PUGLIA,BT - 160113,2024,I TRIMESTRE 2024,51,Colonscopia totale con endoscopio flessibile,45.23.00,223,116,65,39,51,23,,
PUGLIA,BT - 160113,2024,I TRIMESTRE 2024,52,Polipectomia dell’intestino crasso in corso di endoscopia sede unica,45.42.00,23,7,6,6,1,1,,
PUGLIA,BT - 160113,2024,I TRIMESTRE 2024,53,Rettosigmoidoscopia con endoscopio flessibile,45.24.00,1,,,,,,,
PUGLIA,BT - 160113,2024,I TRIMESTRE 2024,54,Esofagogastroduodenoscopia,45.13.00,415,304,209,55,95,39,,
PUGLIA,BT - 160113,2024,I TRIMESTRE 2024,55,Esofagogastroduodenoscopia con biopsia in sede unica,45.16.00,324,212,143,34,69,24,,
PUGLIA,BT - 160113,2024,I TRIMESTRE 2024,56,Elettrocardiogramma,89.52.00,4331,1838,903,461,803,605,126,125
PUGLIA,BT - 160113,2024,I TRIMESTRE 2024,57,Elettrocardiogramma dinamico (Holter),89.50.00,465,137,72,35,65,37,,
PUGLIA,BT - 160113,2024,I TRIMESTRE 2024,58,Test cardiovascolare da sforzo con cicloergometro o con pedana mobile,89.41 - 89.43,155,73,30,12,43,9,,
PUGLIA,BT - 160113,2024,I TRIMESTRE 2024,59,Altri test cardiovascolari da sforzo,89.44.00,,,,,,,,
PUGLIA,BT - 160113,2024,I TRIMESTRE 2024,60,Esame audiometrico tonale,95.41.01,1103,344,228,132,116,95,,
PUGLIA,BT - 160113,2024,I TRIMESTRE 2024,61,Spirometria semplice,89.37.01,1066,296,148,75,148,141,,
PUGLIA,BT - 160113,2024,I TRIMESTRE 2024,62,Spirometria globale,89.37.02,821,142,88,43,54,46,,
PUGLIA,BT - 160113,2024,I TRIMESTRE 2024,63,Fotografia del fundus,95.11.00,,,,,,,,
PUGLIA,BT - 160113,2024,I TRIMESTRE 2024,64,ELETTROMIOGRAFIA SEMPLICE [EMG] PER ARTO SUPERIORE. Analisi qualitativa fino a 6 muscoli. Non associabile a 93.09.1 e 93.09.2,93.08.01,5094,3832,1057,1047,1786,1786,964,964
PUGLIA,BT - 160113,2024,I TRIMESTRE 2024,65,ELETTROMIOGRAFIA SEMPLICE [EMG] PER ARTO INFERIORE fino a 4 muscoli. Analisi qualitativa. Non associabile a 93.09.1 e 93.09.2,93.08.01,,,,,,,,
PUGLIA,BT - 160113,2024,I TRIMESTRE 2024,66 - 67,ELETTROMIOGRAFIA SEMPLICE [EMG] DEL CAPO fino a 4 muscoli. Analisi qualitativa. Escluso: EMG dell'occhio (95.25) e POLISONNOGRAFIA (89.17),93.08.01,,,,,,,,
PUGLIA,BT - 160113,2024,I TRIMESTRE 2024,,ELETTROMIOGRAFIA SEMPLICE [EMG] DEL TRONCO. Analisi qualitativa. Fino a 4 muscoli,,,,,,,,,
PUGLIA,BT - 160113,2024,I TRIMESTRE 2024,68,"VALUTAZIONE EMG DINAMICA DEL CAMMINO. Valutazione EMG di superficie o con elettrodi a filo (4 muscoli), associato ad esame basografico per la definizione delle fasi del passo. Non associabile a ANALISI DELLA CINEMATICA E DELLA DINAMICA DEL PASSO (93.05.7)",93.08.01,,,,,,,,
PUGLIA,BT - 160113,2024,I TRIMESTRE 2024,69,EMG DINAMICA DELL'ARTO SUPERIORE. Valutazione EMG di superficie o con elettrodi a filo (4 muscoli),93.08.01,,,,,,,,
PUGLIA,BRINDISI - 160106,2024,I TRIMESTRE 2024,1,Prima Visita cardiologica,89.7,2613,958,544,208,413,168,1,1
PUGLIA,BRINDISI - 160106,2024,I TRIMESTRE 2024,2,Prima Visita chirurgia vascolare,89.7,347,170,94,33,75,29,1,
PUGLIA,BRINDISI - 160106,2024,I TRIMESTRE 2024,3,Prima Visita endocrinologica,89.7,1598,546,313,153,233,119,,
PUGLIA,BRINDISI - 160106,2024,I TRIMESTRE 2024,4,Prima Visita neurologica,89.13.00,821,328,163,56,164,94,1,1
PUGLIA,BRINDISI - 160106,2024,I TRIMESTRE 2024,5,Prima Visita oculistica,95.02.00,1794,405,174,162,231,162,,
PUGLIA,BRINDISI - 160106,2024,I TRIMESTRE 2024,6,Prima Visita ortopedica,89.7,1207,405,208,80,195,70,2,2
PUGLIA,BRINDISI - 160106,2024,I TRIMESTRE 2024,7,Prima Visita ginecologica,89.26.00,924,185,68,35,117,55,,
PUGLIA,BRINDISI - 160106,2024,I TRIMESTRE 2024,8,Prima Visita otorinolaringoiatrica,89.7,2346,579,263,107,316,134,,
PUGLIA,BRINDISI - 160106,2024,I TRIMESTRE 2024,9,Prima Visita urologica,89.7,743,262,123,51,138,73,1,1
PUGLIA,BRINDISI - 160106,2024,I TRIMESTRE 2024,10,Prima Visita dermatologica,89.7,2363,576,262,184,314,165,,
PUGLIA,BRINDISI - 160106,2024,I TRIMESTRE 2024,11,Prima Visita fisiatrica,89.7,2926,651,137,129,234,187,279,278
PUGLIA,BRINDISI - 160106,2024,I TRIMESTRE 2024,12,Prima Visita gastroenterologica,89.7,423,142,82,52,60,34,,
PUGLIA,BRINDISI - 160106,2024,I TRIMESTRE 2024,13,Prima Visita oncologica,89.7,930,189,125,100,64,53,,
PUGLIA,BRINDISI - 160106,2024,I TRIMESTRE 2024,14,Prima Visita pneumologica,89.7,991,339,197,79,141,54,1,1
PUGLIA,BRINDISI - 160106,2024,I TRIMESTRE 2024,15,Mammografia bilaterale,87.37.01,933,236,108,91,104,47,23,23
PUGLIA,BRINDISI - 160106,2024,I TRIMESTRE 2024,16,Mammografia monolaterale,87.37.02,30,6,5,5,1,1,,
PUGLIA,BRINDISI - 160106,2024,I TRIMESTRE 2024,17,TC del Torace,87.41.00,358,126,56,42,52,43,18,18
PUGLIA,BRINDISI - 160106,2024,I TRIMESTRE 2024,18,TC del Torace senza e con MDC,87.41.01,519,238,136,121,62,55,37,37
PUGLIA,BRINDISI - 160106,2024,I TRIMESTRE 2024,19,TC dell’addome superiore,88.01.01,2,1,1,1,,,,
PUGLIA,BRINDISI - 160106,2024,I TRIMESTRE 2024,20,TC dell’addome superiore senza e con MDC,88.01.02,31,15,7,7,4,4,4,4
PUGLIA,BRINDISI - 160106,2024,I TRIMESTRE 2024,21,TC dell’addome inferiore,88.01.03,5,2,1,1,1,1,,
PUGLIA,BRINDISI - 160106,2024,I TRIMESTRE 2024,22,TC dell’addome inferiore senza e con MDC,88.01.04,26,10,5,4,3,3,2,2
PUGLIA,BRINDISI - 160106,2024,I TRIMESTRE 2024,23,TC dell’addome completo,88.01.05,86,35,18,12,9,9,7,7
PUGLIA,BRINDISI - 160106,2024,I TRIMESTRE 2024,24,TC dell’addome completo senza e con MDC,88.01.06,568,300,179,156,70,60,47,47
PUGLIA,BRINDISI - 160106,2024,I TRIMESTRE 2024,25,TC Cranio - encefalo,87.03.00,219,77,37,28,29,24,11,11
PUGLIA,BRINDISI - 160106,2024,I TRIMESTRE 2024,26,TC Cranio - encefalo senza e con MDC,87.03.01,166,79,41,36,23,18,14,14
PUGLIA,BRINDISI - 160106,2024,I TRIMESTRE 2024,27,TC del rachide e dello speco vertebrale cervicale,88.38.01,116,37,17,13,16,15,4,4
PUGLIA,BRINDISI - 160106,2024,I TRIMESTRE 2024,28,TC del rachide e dello speco vertebrale toracico,88.38.01,,,,,,,,
PUGLIA,BRINDISI - 160106,2024,I TRIMESTRE 2024,29,TC del rachide e dello speco vertebrale lombosacrale,88.38.01,,,,,,,,
PUGLIA,BRINDISI - 160106,2024,I TRIMESTRE 2024,30,TC del rachide e dello speco vertebrale cervicale senza e con MDC,88.38.02,6,5,3,3,2,2,,
PUGLIA,BRINDISI - 160106,2024,I TRIMESTRE 2024,31,TC del rachide e dello speco vertebrale toracico senza e con MDC,88.38.02,,,,,,,,
PUGLIA,BRINDISI - 160106,2024,I TRIMESTRE 2024,32,TC del rachide e dello speco vertebrale lombosacrale senza e con MDC,88.38.02,,,,,,,,
PUGLIA,BRINDISI - 160106,2024,I TRIMESTRE 2024,33,TC di Bacino e articolazioni sacroiliache,88.38.05,17,4,2,2,1,1,1,1
PUGLIA,BRINDISI - 160106,2024,I TRIMESTRE 2024,34,"RM di encefalo e tronco encefalico, giunzione cranio spinale e relativo distretto vascolare",89.31.01,177,79,16,16,38,38,22,22
PUGLIA,BRINDISI - 160106,2024,I TRIMESTRE 2024,35,"RM di encefalo e tronco encefalico, giunzione cranio spinale e relativo distretto vascolare senza e con MDC",89.31.02,332,187,97,76,64,63,24,24
PUGLIA,BRINDISI - 160106,2024,I TRIMESTRE 2024,36,RM di addome inferiore e scavo pelvico,89.35.04,19,8,4,4,3,3,1,1
PUGLIA,BRINDISI - 160106,2024,I TRIMESTRE 2024,37,RM di addome inferiore e scavo pelvico senza e con MDC,89.35.05,133,73,30,28,33,29,9,9
PUGLIA,BRINDISI - 160106,2024,I TRIMESTRE 2024,38,RM della colonna in toto,89.33.00,1209,461,179,152,155,149,122,122
PUGLIA,BRINDISI - 160106,2024,I TRIMESTRE 2024,39,RM della colonna in toto senza e con MDC,89.33.01,137,60,36,31,13,13,11,11
PUGLIA,BRINDISI - 160106,2024,I TRIMESTRE 2024,40,Diagnostica ecografica del capo e del collo,89.11.04,915,428,210,113,189,118,28,28
PUGLIA,BRINDISI - 160106,2024,I TRIMESTRE 2024,41,Eco (color) dopplergrafia cardiaca,89.12.03,379,158,41,23,77,61,40,40
PUGLIA,BRINDISI - 160106,2024,I TRIMESTRE 2024,42,Eco (color) dopplergrafia dei tronchi sovra aortici,89.13.05,1050,396,151,92,182,121,62,62
PUGLIA,BRINDISI - 160106,2024,I TRIMESTRE 2024,43,Ecografia dell’addome superiore,89.14.01,592,154,79,60,65,46,10,10
PUGLIA,BRINDISI - 160106,2024,I TRIMESTRE 2024,44,Ecografia dell’addome inferiore,89.15.01,265,69,32,19,33,21,3,3
PUGLIA,BRINDISI - 160106,2024,I TRIMESTRE 2024,45,Ecografia dell’addome completo,89.16.01,1669,641,305,230,246,182,84,84
PUGLIA,BRINDISI - 160106,2024,I TRIMESTRE 2024,46,Ecografia bilaterale della mammella,89.13.01,1137,300,151,128,123,55,25,25
PUGLIA,BRINDISI - 160106,2024,I TRIMESTRE 2024,47,Ecografia monolaterale della mammella,89.13.02,23,9,7,5,2,2,,
PUGLIA,BRINDISI - 160106,2024,I TRIMESTRE 2024,48,Ecografia ostetrica,89.18.00,317,18,12,10,6,6,,
PUGLIA,BRINDISI - 160106,2024,I TRIMESTRE 2024,49,Ecografia ginecologica,89.18.02,151,58,13,4,45,25,,
PUGLIA,BRINDISI - 160106,2024,I TRIMESTRE 2024,50,Ecocolor doppler degli arti inferiori arterioso e/o venoso,89.17.02,936,409,226,113,145,64,35,35
PUGLIA,BRINDISI - 160106,2024,I TRIMESTRE 2024,51,Colonscopia totale con endoscopio flessibile,45.23.00,270,144,76,63,68,43,,
PUGLIA,BRINDISI - 160106,2024,I TRIMESTRE 2024,52,Polipectomia dell’intestino crasso in corso di endoscopia sede unica,45.42.00,6,,,,,,,
PUGLIA,BRINDISI - 160106,2024,I TRIMESTRE 2024,53,Rettosigmoidoscopia con endoscopio flessibile,45.24.00,11,3,1,,2,1,,
PUGLIA,BRINDISI - 160106,2024,I TRIMESTRE 2024,54,Esofagogastroduodenoscopia,45.13.00,349,155,99,36,56,23,,
PUGLIA,BRINDISI - 160106,2024,I TRIMESTRE 2024,55,Esofagogastroduodenoscopia con biopsia in sede unica,45.16.00,242,112,73,23,39,20,,
PUGLIA,BRINDISI - 160106,2024,I TRIMESTRE 2024,56,Elettrocardiogramma,89.52.00,3299,987,557,245,429,234,1,1
PUGLIA,BRINDISI - 160106,2024,I TRIMESTRE 2024,57,Elettrocardiogramma dinamico (Holter),89.50.00,746,237,119,25,118,53,,
PUGLIA,BRINDISI - 160106,2024,I TRIMESTRE 2024,58,Test cardiovascolare da sforzo con cicloergometro o con pedana mobile,89.41 - 89.43,431,109,46,22,63,34,,
PUGLIA,BRINDISI - 160106,2024,I TRIMESTRE 2024,59,Altri test cardiovascolari da sforzo,89.44.00,,,,,,,,
PUGLIA,BRINDISI - 160106,2024,I TRIMESTRE 2024,60,Esame audiometrico tonale,95.41.01,1212,201,73,27,128,87,,
PUGLIA,BRINDISI - 160106,2024,I TRIMESTRE 2024,61,Spirometria semplice,89.37.01,730,249,134,55,114,55,1,1
PUGLIA,BRINDISI - 160106,2024,I TRIMESTRE 2024,62,Spirometria globale,89.37.02,113,32,14,7,18,17,,
PUGLIA,BRINDISI - 160106,2024,I TRIMESTRE 2024,63,Fotografia del fundus,95.11.00,8,,,,,,,
PUGLIA,BRINDISI - 160106,2024,I TRIMESTRE 2024,64,ELETTROMIOGRAFIA SEMPLICE [EMG] PER ARTO SUPERIORE. Analisi qualitativa fino a 6 muscoli. Non associabile a 93.09.1 e 93.09.2,93.08.01,3276,1032,416,113,524,338,92,92
PUGLIA,BRINDISI - 160106,2024,I TRIMESTRE 2024,65,ELETTROMIOGRAFIA SEMPLICE [EMG] PER ARTO INFERIORE fino a 4 muscoli. Analisi qualitativa. Non associabile a 93.09.1 e 93.09.2,93.08.01,,,,,,,,
PUGLIA,BRINDISI - 160106,2024,I TRIMESTRE 2024,66 - 67,ELETTROMIOGRAFIA SEMPLICE [EMG] DEL CAPO fino a 4 muscoli. Analisi qualitativa. Escluso: EMG dell'occhio (95.25) e POLISONNOGRAFIA (89.17),93.08.01,,,,,,,,
PUGLIA,BRINDISI - 160106,2024,I TRIMESTRE 2024,,ELETTROMIOGRAFIA SEMPLICE [EMG] DEL TRONCO. Analisi qualitativa. Fino a 4 muscoli,,,,,,,,,
PUGLIA,BRINDISI - 160106,2024,I TRIMESTRE 2024,68,"VALUTAZIONE EMG DINAMICA DEL CAMMINO. Valutazione EMG di superficie o con elettrodi a filo (4 muscoli), associato ad esame basografico per la definizione delle fasi del passo. Non associabile a ANALISI DELLA CINEMATICA E DELLA DINAMICA DEL PASSO (93.05.7)",93.08.01,,,,,,,,
PUGLIA,BRINDISI - 160106,2024,I TRIMESTRE 2024,69,EMG DINAMICA DELL'ARTO SUPERIORE. Valutazione EMG di superficie o con elettrodi a filo (4 muscoli),93.08.01,,,,,,,,
PUGLIA,FOGGIA - 160115,2024,I TRIMESTRE 2024,1,Prima Visita cardiologica,89.7,5434,3021,278,269,164,135,2506,1857
PUGLIA,FOGGIA - 160115,2024,I TRIMESTRE 2024,2,Prima Visita chirurgia vascolare,89.7,295,161,24,24,25,25,106,84
PUGLIA,FOGGIA - 160115,2024,I TRIMESTRE 2024,3,Prima Visita endocrinologica,89.7,2444,1580,254,247,112,108,1164,978
PUGLIA,FOGGIA - 160115,2024,I TRIMESTRE 2024,4,Prima Visita neurologica,89.13.00,3530,2845,251,243,209,185,2353,2208
PUGLIA,FOGGIA - 160115,2024,I TRIMESTRE 2024,5,Prima Visita oculistica,95.02.00,6362,3028,270,265,206,197,2501,1955
PUGLIA,FOGGIA - 160115,2024,I TRIMESTRE 2024,6,Prima Visita ortopedica,89.7,2876,1991,204,204,97,97,1667,1513
PUGLIA,FOGGIA - 160115,2024,I TRIMESTRE 2024,7,Prima Visita ginecologica,89.26.00,2027,1723,98,93,91,87,1516,1449
PUGLIA,FOGGIA - 160115,2024,I TRIMESTRE 2024,8,Prima Visita otorinolaringoiatrica,89.7,3510,2812,197,195,151,146,2427,2339
PUGLIA,FOGGIA - 160115,2024,I TRIMESTRE 2024,9,Prima Visita urologica,89.7,2306,1707,210,210,225,225,1244,1052
PUGLIA,FOGGIA - 160115,2024,I TRIMESTRE 2024,10,Prima Visita dermatologica,89.7,2814,2099,377,377,185,185,1480,1423
PUGLIA,FOGGIA - 160115,2024,I TRIMESTRE 2024,11,Prima Visita fisiatrica,89.7,3777,3227,206,206,174,174,2838,2718
PUGLIA,FOGGIA - 160115,2024,I TRIMESTRE 2024,12,Prima Visita gastroenterologica,89.7,788,597,55,55,37,37,479,392
PUGLIA,FOGGIA - 160115,2024,I TRIMESTRE 2024,13,Prima Visita oncologica,89.7,658,593,113,113,36,36,412,407
PUGLIA,FOGGIA - 160115,2024,I TRIMESTRE 2024,14,Prima Visita pneumologica,89.7,1577,1111,177,176,137,127,735,642
PUGLIA,FOGGIA - 160115,2024,I TRIMESTRE 2024,15,Mammografia bilaterale,87.37.01,1867,851,104,101,99,98,630,603
PUGLIA,FOGGIA - 160115,2024,I TRIMESTRE 2024,16,Mammografia monolaterale,87.37.02,15,7,,,,,7,7
PUGLIA,FOGGIA - 160115,2024,I TRIMESTRE 2024,17,TC del Torace,87.41.00,482,321,57,53,34,34,215,188
PUGLIA,FOGGIA - 160115,2024,I TRIMESTRE 2024,18,TC del Torace senza e con MDC,87.41.01,998,602,123,114,69,69,386,340
PUGLIA,FOGGIA - 160115,2024,I TRIMESTRE 2024,19,TC dell’addome superiore,88.01.01,27,15,1,1,3,3,11,10
PUGLIA,FOGGIA - 160115,2024,I TRIMESTRE 2024,20,TC dell’addome superiore senza e con MDC,88.01.02,56,37,12,12,4,4,20,16
PUGLIA,FOGGIA - 160115,2024,I TRIMESTRE 2024,21,TC dell’addome inferiore,88.01.03,27,12,2,2,4,4,6,6
PUGLIA,FOGGIA - 160115,2024,I TRIMESTRE 2024,22,TC dell’addome inferiore senza e con MDC,88.01.04,49,30,12,12,3,3,15,13
PUGLIA,FOGGIA - 160115,2024,I TRIMESTRE 2024,23,TC dell’addome completo,88.01.05,174,118,20,17,11,11,85,79
PUGLIA,FOGGIA - 160115,2024,I TRIMESTRE 2024,24,TC dell’addome completo senza e con MDC,88.01.06,1048,666,130,121,66,66,438,396
PUGLIA,FOGGIA - 160115,2024,I TRIMESTRE 2024,25,TC Cranio - encefalo,87.03.00,357,265,44,43,28,28,183,170
PUGLIA,FOGGIA - 160115,2024,I TRIMESTRE 2024,26,TC Cranio - encefalo senza e con MDC,87.03.01,479,269,56,53,38,38,164,144
PUGLIA,FOGGIA - 160115,2024,I TRIMESTRE 2024,27,TC del rachide e dello speco vertebrale cervicale,88.38.01,167,122,18,15,21,21,77,74
PUGLIA,FOGGIA - 160115,2024,I TRIMESTRE 2024,28,TC del rachide e dello speco vertebrale toracico,88.38.01,,,,,,,,
PUGLIA,FOGGIA - 160115,2024,I TRIMESTRE 2024,29,TC del rachide e dello speco vertebrale lombosacrale,88.38.01,,,,,,,,
PUGLIA,FOGGIA - 160115,2024,I TRIMESTRE 2024,30,TC del rachide e dello speco vertebrale cervicale senza e con MDC,88.38.02,10,9,1,,2,2,6,6
PUGLIA,FOGGIA - 160115,2024,I TRIMESTRE 2024,31,TC del rachide e dello speco vertebrale toracico senza e con MDC,88.38.02,,,,,,,,
PUGLIA,FOGGIA - 160115,2024,I TRIMESTRE 2024,32,TC del rachide e dello speco vertebrale lombosacrale senza e con MDC,88.38.02,,,,,,,,
PUGLIA,FOGGIA - 160115,2024,I TRIMESTRE 2024,33,TC di Bacino e articolazioni sacroiliache,88.38.05,20,11,1,1,2,2,7,7
PUGLIA,FOGGIA - 160115,2024,I TRIMESTRE 2024,34,"RM di encefalo e tronco encefalico, giunzione cranio spinale e relativo distretto vascolare",89.31.01,477,329,75,74,26,26,219,206
PUGLIA,FOGGIA - 160115,2024,I TRIMESTRE 2024,35,"RM di encefalo e tronco encefalico, giunzione cranio spinale e relativo distretto vascolare senza e con MDC",89.31.02,396,235,72,72,10,9,136,123
PUGLIA,FOGGIA - 160115,2024,I TRIMESTRE 2024,36,RM di addome inferiore e scavo pelvico,89.35.04,134,110,29,26,10,8,66,66
PUGLIA,FOGGIA - 160115,2024,I TRIMESTRE 2024,37,RM di addome inferiore e scavo pelvico senza e con MDC,89.35.05,158,71,16,15,4,4,47,45
PUGLIA,FOGGIA - 160115,2024,I TRIMESTRE 2024,38,RM della colonna in toto,89.33.00,2173,1566,270,249,157,153,1064,945
PUGLIA,FOGGIA - 160115,2024,I TRIMESTRE 2024,39,RM della colonna in toto senza e con MDC,89.33.01,174,125,45,44,5,5,65,65
PUGLIA,FOGGIA - 160115,2024,I TRIMESTRE 2024,40,Diagnostica ecografica del capo e del collo,89.11.04,1656,830,123,113,53,53,627,433
PUGLIA,FOGGIA - 160115,2024,I TRIMESTRE 2024,41,Eco (color) dopplergrafia cardiaca,89.12.03,1389,774,66,65,101,99,584,460
PUGLIA,FOGGIA - 160115,2024,I TRIMESTRE 2024,42,Eco (color) dopplergrafia dei tronchi sovra aortici,89.13.05,2026,1018,79,65,99,88,824,624
PUGLIA,FOGGIA - 160115,2024,I TRIMESTRE 2024,43,Ecografia dell’addome superiore,89.14.01,1301,992,104,104,54,54,823,772
PUGLIA,FOGGIA - 160115,2024,I TRIMESTRE 2024,44,Ecografia dell’addome inferiore,89.15.01,462,313,35,35,25,25,247,226
PUGLIA,FOGGIA - 160115,2024,I TRIMESTRE 2024,45,Ecografia dell’addome completo,89.16.01,2943,1953,359,359,200,200,1345,1108
PUGLIA,FOGGIA - 160115,2024,I TRIMESTRE 2024,46,Ecografia bilaterale della mammella,89.13.01,2124,907,119,116,106,105,661,633
PUGLIA,FOGGIA - 160115,2024,I TRIMESTRE 2024,47,Ecografia monolaterale della mammella,89.13.02,14,5,2,2,,,3,3
PUGLIA,FOGGIA - 160115,2024,I TRIMESTRE 2024,48,Ecografia ostetrica,89.18.00,494,458,45,45,15,15,393,393
PUGLIA,FOGGIA - 160115,2024,I TRIMESTRE 2024,49,Ecografia ginecologica,89.18.02,202,171,14,13,16,16,135,130
PUGLIA,FOGGIA - 160115,2024,I TRIMESTRE 2024,50,Ecocolor doppler degli arti inferiori arterioso e/o venoso,89.17.02,2298,973,116,95,111,90,700,599
PUGLIA,FOGGIA - 160115,2024,I TRIMESTRE 2024,51,Colonscopia totale con endoscopio flessibile,45.23.00,408,287,50,47,32,29,194,138
PUGLIA,FOGGIA - 160115,2024,I TRIMESTRE 2024,52,Polipectomia dell’intestino crasso in corso di endoscopia sede unica,45.42.00,180,133,15,15,12,12,104,103
PUGLIA,FOGGIA - 160115,2024,I TRIMESTRE 2024,53,Rettosigmoidoscopia con endoscopio flessibile,45.24.00,36,32,1,1,5,5,26,24
PUGLIA,FOGGIA - 160115,2024,I TRIMESTRE 2024,54,Esofagogastroduodenoscopia,45.13.00,485,405,76,74,51,47,265,237
PUGLIA,FOGGIA - 160115,2024,I TRIMESTRE 2024,55,Esofagogastroduodenoscopia con biopsia in sede unica,45.16.00,383,333,83,78,56,54,185,175
PUGLIA,FOGGIA - 160115,2024,I TRIMESTRE 2024,56,Elettrocardiogramma,89.52.00,5125,3062,308,297,192,177,2483,1951
PUGLIA,FOGGIA - 160115,2024,I TRIMESTRE 2024,57,Elettrocardiogramma dinamico (Holter),89.50.00,1189,840,126,103,73,73,629,588
PUGLIA,FOGGIA - 160115,2024,I TRIMESTRE 2024,58,Test cardiovascolare da sforzo con cicloergometro o con pedana mobile,89.41 - 89.43,979,693,85,69,52,48,546,368
PUGLIA,FOGGIA - 160115,2024,I TRIMESTRE 2024,59,Altri test cardiovascolari da sforzo,89.44.00,,,,,,,,
PUGLIA,FOGGIA - 160115,2024,I TRIMESTRE 2024,60,Esame audiometrico tonale,95.41.01,1225,864,90,83,48,46,719,578
PUGLIA,FOGGIA - 160115,2024,I TRIMESTRE 2024,61,Spirometria semplice,89.37.01,508,288,38,37,28,24,211,190
PUGLIA,FOGGIA - 160115,2024,I TRIMESTRE 2024,62,Spirometria globale,89.37.02,172,101,21,21,23,22,55,52
PUGLIA,FOGGIA - 160115,2024,I TRIMESTRE 2024,63,Fotografia del fundus,95.11.00,9,9,1,1,,,8,8
PUGLIA,FOGGIA - 160115,2024,I TRIMESTRE 2024,64,ELETTROMIOGRAFIA SEMPLICE [EMG] PER ARTO SUPERIORE. Analisi qualitativa fino a 6 muscoli. Non associabile a 93.09.1 e 93.09.2,93.08.01,2198,1910,155,147,57,41,1679,1639
PUGLIA,FOGGIA - 160115,2024,I TRIMESTRE 2024,65,ELETTROMIOGRAFIA SEMPLICE [EMG] PER ARTO INFERIORE fino a 4 muscoli. Analisi qualitativa. Non associabile a 93.09.1 e 93.09.2,93.08.01,,,,,,,,
PUGLIA,FOGGIA - 160115,2024,I TRIMESTRE 2024,66 - 67,ELETTROMIOGRAFIA SEMPLICE [EMG] DEL CAPO fino a 4 muscoli. Analisi qualitativa. Escluso: EMG dell'occhio (95.25) e POLISONNOGRAFIA (89.17),93.08.01,,,,,,,,
PUGLIA,FOGGIA - 160115,2024,I TRIMESTRE 2024,,ELETTROMIOGRAFIA SEMPLICE [EMG] DEL TRONCO. Analisi qualitativa. Fino a 4 muscoli,,,,,,,,,
PUGLIA,FOGGIA - 160115,2024,I TRIMESTRE 2024,68,"VALUTAZIONE EMG DINAMICA DEL CAMMINO. Valutazione EMG di superficie o con elettrodi a filo (4 muscoli), associato ad esame basografico per la definizione delle fasi del passo. Non associabile a ANALISI DELLA CINEMATICA E DELLA DINAMICA DEL PASSO (93.05.7)",93.08.01,,,,,,,,
PUGLIA,FOGGIA - 160115,2024,I TRIMESTRE 2024,69,EMG DINAMICA DELL'ARTO SUPERIORE. Valutazione EMG di superficie o con elettrodi a filo (4 muscoli),93.08.01,,,,,,,,
PUGLIA,LECCE - 160116,2024,I TRIMESTRE 2024,1,Prima Visita cardiologica,89.7,5522,2557,607,574,571,260,1251,839
PUGLIA,LECCE - 160116,2024,I TRIMESTRE 2024,2,Prima Visita chirurgia vascolare,89.7,312,237,20,18,43,34,170,137
PUGLIA,LECCE - 160116,2024,I TRIMESTRE 2024,3,Prima Visita endocrinologica,89.7,1102,799,195,185,187,64,358,271
PUGLIA,LECCE - 160116,2024,I TRIMESTRE 2024,4,Prima Visita neurologica,89.13.00,3450,1322,334,308,426,247,494,441
PUGLIA,LECCE - 160116,2024,I TRIMESTRE 2024,5,Prima Visita oculistica,95.02.00,3867,1438,364,347,356,165,625,384
PUGLIA,LECCE - 160116,2024,I TRIMESTRE 2024,6,Prima Visita ortopedica,89.7,2583,1381,184,180,228,174,937,703
PUGLIA,LECCE - 160116,2024,I TRIMESTRE 2024,7,Prima Visita ginecologica,89.26.00,2092,535,174,166,147,94,186,142
PUGLIA,LECCE - 160116,2024,I TRIMESTRE 2024,8,Prima Visita otorinolaringoiatrica,89.7,2854,2102,293,272,318,140,1428,1005
PUGLIA,LECCE - 160116,2024,I TRIMESTRE 2024,9,Prima Visita urologica,89.7,1548,196,5,5,,,189,189
PUGLIA,LECCE - 160116,2024,I TRIMESTRE 2024,10,Prima Visita dermatologica,89.7,3221,1926,366,356,320,118,1198,856
PUGLIA,LECCE - 160116,2024,I TRIMESTRE 2024,11,Prima Visita fisiatrica,89.7,4704,2664,138,134,221,173,2284,2258
PUGLIA,LECCE - 160116,2024,I TRIMESTRE 2024,12,Prima Visita gastroenterologica,89.7,510,438,66,61,64,26,302,273
PUGLIA,LECCE - 160116,2024,I TRIMESTRE 2024,13,Prima Visita oncologica,89.7,657,548,81,81,21,21,435,435
PUGLIA,LECCE - 160116,2024,I TRIMESTRE 2024,14,Prima Visita pneumologica,89.7,1294,942,164,157,165,94,578,518
PUGLIA,LECCE - 160116,2024,I TRIMESTRE 2024,15,Mammografia bilaterale,87.37.01,1283,420,174,171,8,8,231,231
PUGLIA,LECCE - 160116,2024,I TRIMESTRE 2024,16,Mammografia monolaterale,87.37.02,32,17,9,9,,,8,8
PUGLIA,LECCE - 160116,2024,I TRIMESTRE 2024,17,TC del Torace,87.41.00,1123,573,225,216,134,133,172,147
PUGLIA,LECCE - 160116,2024,I TRIMESTRE 2024,18,TC del Torace senza e con MDC,87.41.01,969,624,257,241,186,182,164,143
PUGLIA,LECCE - 160116,2024,I TRIMESTRE 2024,19,TC dell’addome superiore,88.01.01,9,4,,,2,2,2,2
PUGLIA,LECCE - 160116,2024,I TRIMESTRE 2024,20,TC dell’addome superiore senza e con MDC,88.01.02,26,16,6,6,2,2,8,7
PUGLIA,LECCE - 160116,2024,I TRIMESTRE 2024,21,TC dell’addome inferiore,88.01.03,11,4,1,1,,,3,3
PUGLIA,LECCE - 160116,2024,I TRIMESTRE 2024,22,TC dell’addome inferiore senza e con MDC,88.01.04,35,23,9,9,5,5,9,9
PUGLIA,LECCE - 160116,2024,I TRIMESTRE 2024,23,TC dell’addome completo,88.01.05,287,159,50,47,30,30,62,53
PUGLIA,LECCE - 160116,2024,I TRIMESTRE 2024,24,TC dell’addome completo senza e con MDC,88.01.06,1279,833,364,342,206,201,234,209
PUGLIA,LECCE - 160116,2024,I TRIMESTRE 2024,25,TC Cranio - encefalo,87.03.00,854,439,136,131,101,96,137,112
PUGLIA,LECCE - 160116,2024,I TRIMESTRE 2024,26,TC Cranio - encefalo senza e con MDC,87.03.01,371,281,128,121,91,91,53,50
PUGLIA,LECCE - 160116,2024,I TRIMESTRE 2024,27,TC del rachide e dello speco vertebrale cervicale,88.38.01,267,99,30,30,22,22,46,39
PUGLIA,LECCE - 160116,2024,I TRIMESTRE 2024,28,TC del rachide e dello speco vertebrale toracico,88.38.01,,,,,,,,
PUGLIA,LECCE - 160116,2024,I TRIMESTRE 2024,29,TC del rachide e dello speco vertebrale lombosacrale,88.38.01,,,,,,,,
PUGLIA,LECCE - 160116,2024,I TRIMESTRE 2024,30,TC del rachide e dello speco vertebrale cervicale senza e con MDC,88.38.02,16,11,1,1,6,6,4,4
PUGLIA,LECCE - 160116,2024,I TRIMESTRE 2024,31,TC del rachide e dello speco vertebrale toracico senza e con MDC,88.38.02,,,,,,,,
PUGLIA,LECCE - 160116,2024,I TRIMESTRE 2024,32,TC del rachide e dello speco vertebrale lombosacrale senza e con MDC,88.38.02,,,,,,,,
PUGLIA,LECCE - 160116,2024,I TRIMESTRE 2024,33,TC di Bacino e articolazioni sacroiliache,88.38.05,31,18,8,8,2,2,6,6
PUGLIA,LECCE - 160116,2024,I TRIMESTRE 2024,34,"RM di encefalo e tronco encefalico, giunzione cranio spinale e relativo distretto vascolare",89.31.01,532,347,84,82,57,57,197,191
PUGLIA,LECCE - 160116,2024,I TRIMESTRE 2024,35,"RM di encefalo e tronco encefalico, giunzione cranio spinale e relativo distretto vascolare senza e con MDC",89.31.02,437,281,103,88,86,86,75,61
PUGLIA,LECCE - 160116,2024,I TRIMESTRE 2024,36,RM di addome inferiore e scavo pelvico,89.35.04,54,40,6,4,8,8,26,26
PUGLIA,LECCE - 160116,2024,I TRIMESTRE 2024,37,RM di addome inferiore e scavo pelvico senza e con MDC,89.35.05,378,207,101,69,68,59,36,26
PUGLIA,LECCE - 160116,2024,I TRIMESTRE 2024,38,RM della colonna in toto,89.33.00,2340,1566,215,205,273,272,1068,1035
PUGLIA,LECCE - 160116,2024,I TRIMESTRE 2024,39,RM della colonna in toto senza e con MDC,89.33.01,174,124,63,54,40,37,19,15
PUGLIA,LECCE - 160116,2024,I TRIMESTRE 2024,40,Diagnostica ecografica del capo e del collo,89.11.04,1546,820,121,113,180,175,483,352
PUGLIA,LECCE - 160116,2024,I TRIMESTRE 2024,41,Eco (color) dopplergrafia cardiaca,89.12.03,421,272,101,100,34,34,131,116
PUGLIA,LECCE - 160116,2024,I TRIMESTRE 2024,42,Eco (color) dopplergrafia dei tronchi sovra aortici,89.13.05,2600,1083,119,113,267,260,665,583
PUGLIA,LECCE - 160116,2024,I TRIMESTRE 2024,43,Ecografia dell’addome superiore,89.14.01,419,244,63,61,57,56,112,87
PUGLIA,LECCE - 160116,2024,I TRIMESTRE 2024,44,Ecografia dell’addome inferiore,89.15.01,190,91,21,20,18,18,47,37
PUGLIA,LECCE - 160116,2024,I TRIMESTRE 2024,45,Ecografia dell’addome completo,89.16.01,3658,1949,408,389,458,433,998,837
PUGLIA,LECCE - 160116,2024,I TRIMESTRE 2024,46,Ecografia bilaterale della mammella,89.13.01,1399,473,173,168,23,21,271,262
PUGLIA,LECCE - 160116,2024,I TRIMESTRE 2024,47,Ecografia monolaterale della mammella,89.13.02,24,16,13,12,2,2,1,1
PUGLIA,LECCE - 160116,2024,I TRIMESTRE 2024,48,Ecografia ostetrica,89.18.00,463,132,20,20,21,21,89,88
PUGLIA,LECCE - 160116,2024,I TRIMESTRE 2024,49,Ecografia ginecologica,89.18.02,398,120,42,39,44,43,30,12
PUGLIA,LECCE - 160116,2024,I TRIMESTRE 2024,50,Ecocolor doppler degli arti inferiori arterioso e/o venoso,89.17.02,1892,797,158,147,142,135,434,389
PUGLIA,LECCE - 160116,2024,I TRIMESTRE 2024,51,Colonscopia totale con endoscopio flessibile,45.23.00,591,361,154,137,131,98,72,34
PUGLIA,LECCE - 160116,2024,I TRIMESTRE 2024,52,Polipectomia dell’intestino crasso in corso di endoscopia sede unica,45.42.00,13,12,6,6,1,1,,
PUGLIA,LECCE - 160116,2024,I TRIMESTRE 2024,53,Rettosigmoidoscopia con endoscopio flessibile,45.24.00,5,,,,,,,
PUGLIA,LECCE - 160116,2024,I TRIMESTRE 2024,54,Esofagogastroduodenoscopia,45.13.00,904,371,116,110,112,108,133,75
PUGLIA,LECCE - 160116,2024,I TRIMESTRE 2024,55,Esofagogastroduodenoscopia con biopsia in sede unica,45.16.00,102,50,25,23,14,12,10,10
PUGLIA,LECCE - 160116,2024,I TRIMESTRE 2024,56,Elettrocardiogramma,89.52.00,5305,2965,768,735,781,759,1235,854
PUGLIA,LECCE - 160116,2024,I TRIMESTRE 2024,57,Elettrocardiogramma dinamico (Holter),89.50.00,1249,611,125,116,99,92,375,362
PUGLIA,LECCE - 160116,2024,I TRIMESTRE 2024,58,Test cardiovascolare da sforzo con cicloergometro o con pedana mobile,89.41 - 89.43,541,160,20,16,59,57,80,59
PUGLIA,LECCE - 160116,2024,I TRIMESTRE 2024,59,Altri test cardiovascolari da sforzo,89.44.00,,,,,,,,
PUGLIA,LECCE - 160116,2024,I TRIMESTRE 2024,60,Esame audiometrico tonale,95.41.01,1699,823,63,59,117,110,632,481
PUGLIA,LECCE - 160116,2024,I TRIMESTRE 2024,61,Spirometria semplice,89.37.01,986,467,93,87,126,122,237,206
PUGLIA,LECCE - 160116,2024,I TRIMESTRE 2024,62,Spirometria globale,89.37.02,182,89,31,31,24,23,24,23
PUGLIA,LECCE - 160116,2024,I TRIMESTRE 2024,63,Fotografia del fundus,95.11.00,,,,,,,,
PUGLIA,LECCE - 160116,2024,I TRIMESTRE 2024,64,ELETTROMIOGRAFIA SEMPLICE [EMG] PER ARTO SUPERIORE. Analisi qualitativa fino a 6 muscoli. Non associabile a 93.09.1 e 93.09.2,93.08.01,2948,767,5,3,501,500,259,190
PUGLIA,LECCE - 160116,2024,I TRIMESTRE 2024,65,ELETTROMIOGRAFIA SEMPLICE [EMG] PER ARTO INFERIORE fino a 4 muscoli. Analisi qualitativa. Non associabile a 93.09.1 e 93.09.2,93.08.01,,,,,,,,
PUGLIA,LECCE - 160116,2024,I TRIMESTRE 2024,66 - 67,ELETTROMIOGRAFIA SEMPLICE [EMG] DEL CAPO fino a 4 muscoli. Analisi qualitativa. Escluso: EMG dell'occhio (95.25) e POLISONNOGRAFIA (89.17),93.08.01,,,,,,,,
PUGLIA,LECCE - 160116,2024,I TRIMESTRE 2024,,ELETTROMIOGRAFIA SEMPLICE [EMG] DEL TRONCO. Analisi qualitativa. Fino a 4 muscoli,,,,,,,,,
PUGLIA,LECCE - 160116,2024,I TRIMESTRE 2024,68,"VALUTAZIONE EMG DINAMICA DEL CAMMINO. Valutazione EMG di superficie o con elettrodi a filo (4 muscoli), associato ad esame basografico per la definizione delle fasi del passo. Non associabile a ANALISI DELLA CINEMATICA E DELLA DINAMICA DEL PASSO (93.05.7)",93.08.01,,,,,,,,
PUGLIA,LECCE - 160116,2024,I TRIMESTRE 2024,69,EMG DINAMICA DELL'ARTO SUPERIORE. Valutazione EMG di superficie o con elettrodi a filo (4 muscoli),93.08.01,,,,,,,,
PUGLIA,TARANTO - 160112,2024,I TRIMESTRE 2024,1,Prima Visita cardiologica,89.7,4131,857,336,286,386,340,135,135
PUGLIA,TARANTO - 160112,2024,I TRIMESTRE 2024,2,Prima Visita chirurgia vascolare,89.7,420,84,50,45,34,25,,
PUGLIA,TARANTO - 160112,2024,I TRIMESTRE 2024,3,Prima Visita endocrinologica,89.7,3271,1027,373,219,466,431,187,187
PUGLIA,TARANTO - 160112,2024,I TRIMESTRE 2024,4,Prima Visita neurologica,89.13.00,1972,504,215,198,235,214,54,54
PUGLIA,TARANTO - 160112,2024,I TRIMESTRE 2024,5,Prima Visita oculistica,95.02.00,4032,940,125,100,250,226,561,561
PUGLIA,TARANTO - 160112,2024,I TRIMESTRE 2024,6,Prima Visita ortopedica,89.7,3176,477,201,152,265,232,11,11
PUGLIA,TARANTO - 160112,2024,I TRIMESTRE 2024,7,Prima Visita ginecologica,89.26.00,1334,143,64,45,79,77,,
PUGLIA,TARANTO - 160112,2024,I TRIMESTRE 2024,8,Prima Visita otorinolaringoiatrica,89.7,3144,309,131,115,177,140,1,1
PUGLIA,TARANTO - 160112,2024,I TRIMESTRE 2024,9,Prima Visita urologica,89.7,1608,345,151,107,193,171,1,1
PUGLIA,TARANTO - 160112,2024,I TRIMESTRE 2024,10,Prima Visita dermatologica,89.7,3484,339,93,84,245,223,1,1
PUGLIA,TARANTO - 160112,2024,I TRIMESTRE 2024,11,Prima Visita fisiatrica,89.7,5818,2000,255,254,391,383,1346,1346
PUGLIA,TARANTO - 160112,2024,I TRIMESTRE 2024,12,Prima Visita gastroenterologica,89.7,392,106,42,37,64,62,,
PUGLIA,TARANTO - 160112,2024,I TRIMESTRE 2024,13,Prima Visita oncologica,89.7,1461,154,115,105,37,37,2,2
PUGLIA,TARANTO - 160112,2024,I TRIMESTRE 2024,14,Prima Visita pneumologica,89.7,2424,450,270,246,168,147,12,12
PUGLIA,TARANTO - 160112,2024,I TRIMESTRE 2024,15,Mammografia bilaterale,87.37.01,1983,407,59,59,38,38,308,308
PUGLIA,TARANTO - 160112,2024,I TRIMESTRE 2024,16,Mammografia monolaterale,87.37.02,149,16,2,,2,2,12,12
PUGLIA,TARANTO - 160112,2024,I TRIMESTRE 2024,17,TC del Torace,87.41.00,942,223,46,43,48,47,126,126
PUGLIA,TARANTO - 160112,2024,I TRIMESTRE 2024,18,TC del Torace senza e con MDC,87.41.01,1720,522,268,250,121,120,127,127
PUGLIA,TARANTO - 160112,2024,I TRIMESTRE 2024,19,TC dell’addome superiore,88.01.01,6,3,,,,,3,3
PUGLIA,TARANTO - 160112,2024,I TRIMESTRE 2024,20,TC dell’addome superiore senza e con MDC,88.01.02,55,14,11,11,3,3,,
PUGLIA,TARANTO - 160112,2024,I TRIMESTRE 2024,21,TC dell’addome inferiore,88.01.03,13,3,,,,,3,3
PUGLIA,TARANTO - 160112,2024,I TRIMESTRE 2024,22,TC dell’addome inferiore senza e con MDC,88.01.04,45,12,9,9,3,3,,
PUGLIA,TARANTO - 160112,2024,I TRIMESTRE 2024,23,TC dell’addome completo,88.01.05,124,14,6,6,1,1,7,7
PUGLIA,TARANTO - 160112,2024,I TRIMESTRE 2024,24,TC dell’addome completo senza e con MDC,88.01.06,1661,520,260,247,124,123,128,128
PUGLIA,TARANTO - 160112,2024,I TRIMESTRE 2024,25,TC Cranio - encefalo,87.03.00,316,92,13,12,29,29,49,49
PUGLIA,TARANTO - 160112,2024,I TRIMESTRE 2024,26,TC Cranio - encefalo senza e con MDC,87.03.01,926,274,110,102,67,67,96,96
PUGLIA,TARANTO - 160112,2024,I TRIMESTRE 2024,27,TC del rachide e dello speco vertebrale cervicale,88.38.01,120,15,2,2,5,5,8,8
PUGLIA,TARANTO - 160112,2024,I TRIMESTRE 2024,28,TC del rachide e dello speco vertebrale toracico,88.38.01,,,,,,,,
PUGLIA,TARANTO - 160112,2024,I TRIMESTRE 2024,29,TC del rachide e dello speco vertebrale lombosacrale,88.38.01,,,,,,,,
PUGLIA,TARANTO - 160112,2024,I TRIMESTRE 2024,30,TC del rachide e dello speco vertebrale cervicale senza e con MDC,88.38.02,4,1,,,1,1,,
PUGLIA,TARANTO - 160112,2024,I TRIMESTRE 2024,31,TC del rachide e dello speco vertebrale toracico senza e con MDC,88.38.02,,,,,,,,
PUGLIA,TARANTO - 160112,2024,I TRIMESTRE 2024,32,TC del rachide e dello speco vertebrale lombosacrale senza e con MDC,88.38.02,,,,,,,,
PUGLIA,TARANTO - 160112,2024,I TRIMESTRE 2024,33,TC di Bacino e articolazioni sacroiliache,88.38.05,10,1,,,,,1,1
PUGLIA,TARANTO - 160112,2024,I TRIMESTRE 2024,34,"RM di encefalo e tronco encefalico, giunzione cranio spinale e relativo distretto vascolare",89.31.01,236,48,36,30,7,7,5,5
PUGLIA,TARANTO - 160112,2024,I TRIMESTRE 2024,35,"RM di encefalo e tronco encefalico, giunzione cranio spinale e relativo distretto vascolare senza e con MDC",89.31.02,454,187,144,115,26,25,17,17
PUGLIA,TARANTO - 160112,2024,I TRIMESTRE 2024,36,RM di addome inferiore e scavo pelvico,89.35.04,45,35,25,22,5,5,5,5
PUGLIA,TARANTO - 160112,2024,I TRIMESTRE 2024,37,RM di addome inferiore e scavo pelvico senza e con MDC,89.35.05,390,219,149,124,32,32,37,37
PUGLIA,TARANTO - 160112,2024,I TRIMESTRE 2024,38,RM della colonna in toto,89.33.00,1742,716,199,179,378,376,139,139
PUGLIA,TARANTO - 160112,2024,I TRIMESTRE 2024,39,RM della colonna in toto senza e con MDC,89.33.01,228,97,67,55,17,15,13,13
PUGLIA,TARANTO - 160112,2024,I TRIMESTRE 2024,40,Diagnostica ecografica del capo e del collo,89.11.04,2535,751,113,71,192,182,445,445
PUGLIA,TARANTO - 160112,2024,I TRIMESTRE 2024,41,Eco (color) dopplergrafia cardiaca,89.12.03,698,128,37,35,45,37,46,46
PUGLIA,TARANTO - 160112,2024,I TRIMESTRE 2024,42,Eco (color) dopplergrafia dei tronchi sovra aortici,89.13.05,3260,1025,111,81,209,203,703,703
PUGLIA,TARANTO - 160112,2024,I TRIMESTRE 2024,43,Ecografia dell’addome superiore,89.14.01,594,186,29,23,88,87,69,69
PUGLIA,TARANTO - 160112,2024,I TRIMESTRE 2024,44,Ecografia dell’addome inferiore,89.15.01,548,68,14,10,43,43,11,11
PUGLIA,TARANTO - 160112,2024,I TRIMESTRE 2024,45,Ecografia dell’addome completo,89.16.01,3304,1156,240,199,393,387,518,518
PUGLIA,TARANTO - 160112,2024,I TRIMESTRE 2024,46,Ecografia bilaterale della mammella,89.13.01,1477,294,53,48,63,63,178,178
PUGLIA,TARANTO - 160112,2024,I TRIMESTRE 2024,47,Ecografia monolaterale della mammella,89.13.02,46,12,6,4,3,3,3,3
PUGLIA,TARANTO - 160112,2024,I TRIMESTRE 2024,48,Ecografia ostetrica,89.18.00,461,42,20,20,22,22,,
PUGLIA,TARANTO - 160112,2024,I TRIMESTRE 2024,49,Ecografia ginecologica,89.18.02,81,13,8,8,5,5,,
PUGLIA,TARANTO - 160112,2024,I TRIMESTRE 2024,50,Ecocolor doppler degli arti inferiori arterioso e/o venoso,89.17.02,2580,722,134,119,176,168,399,399
PUGLIA,TARANTO - 160112,2024,I TRIMESTRE 2024,51,Colonscopia totale con endoscopio flessibile,45.23.00,587,133,63,47,70,61,,
PUGLIA,TARANTO - 160112,2024,I TRIMESTRE 2024,52,Polipectomia dell’intestino crasso in corso di endoscopia sede unica,45.42.00,69,27,25,25,2,2,,
PUGLIA,TARANTO - 160112,2024,I TRIMESTRE 2024,53,Rettosigmoidoscopia con endoscopio flessibile,45.24.00,4,3,3,2,,,,
PUGLIA,TARANTO - 160112,2024,I TRIMESTRE 2024,54,Esofagogastroduodenoscopia,45.13.00,687,183,40,36,94,76,48,48
PUGLIA,TARANTO - 160112,2024,I TRIMESTRE 2024,55,Esofagogastroduodenoscopia con biopsia in sede unica,45.16.00,534,172,62,61,74,63,36,36
PUGLIA,TARANTO - 160112,2024,I TRIMESTRE 2024,56,Elettrocardiogramma,89.52.00,4689,792,298,253,366,329,128,128
PUGLIA,TARANTO - 160112,2024,I TRIMESTRE 2024,57,Elettrocardiogramma dinamico (Holter),89.50.00,1216,570,176,162,95,84,292,292
PUGLIA,TARANTO - 160112,2024,I TRIMESTRE 2024,58,Test cardiovascolare da sforzo con cicloergometro o con pedana mobile,89.41 - 89.43,378,65,32,31,26,21,7,7
PUGLIA,TARANTO - 160112,2024,I TRIMESTRE 2024,59,Altri test cardiovascolari da sforzo,89.44.00,,,,,,,,
PUGLIA,TARANTO - 160112,2024,I TRIMESTRE 2024,60,Esame audiometrico tonale,95.41.01,2121,89,15,10,74,60,,
PUGLIA,TARANTO - 160112,2024,I TRIMESTRE 2024,61,Spirometria semplice,89.37.01,1192,143,42,32,93,85,8,8
PUGLIA,TARANTO - 160112,2024,I TRIMESTRE 2024,62,Spirometria globale,89.37.02,463,37,19,10,17,14,1,1
PUGLIA,TARANTO - 160112,2024,I TRIMESTRE 2024,63,Fotografia del fundus,95.11.00,4,,,,,,,
PUGLIA,TARANTO - 160112,2024,I TRIMESTRE 2024,64,ELETTROMIOGRAFIA SEMPLICE [EMG] PER ARTO SUPERIORE. Analisi qualitativa fino a 6 muscoli. Non associabile a 93.09.1 e 93.09.2,93.08.01,365,27,18,10,5,5,4,4
PUGLIA,TARANTO - 160112,2024,I TRIMESTRE 2024,65,ELETTROMIOGRAFIA SEMPLICE [EMG] PER ARTO INFERIORE fino a 4 muscoli. Analisi qualitativa. Non associabile a 93.09.1 e 93.09.2,93.08.01,,,,,,,,
PUGLIA,TARANTO - 160112,2024,I TRIMESTRE 2024,66 - 67,ELETTROMIOGRAFIA SEMPLICE [EMG] DEL CAPO fino a 4 muscoli. Analisi qualitativa. Escluso: EMG dell'occhio (95.25) e POLISONNOGRAFIA (89.17),93.08.01,,,,,,,,
PUGLIA,TARANTO - 160112,2024,I TRIMESTRE 2024,,ELETTROMIOGRAFIA SEMPLICE [EMG] DEL TRONCO. Analisi qualitativa. Fino a 4 muscoli,,,,,,,,,
PUGLIA,TARANTO - 160112,2024,I TRIMESTRE 2024,68,"VALUTAZIONE EMG DINAMICA DEL CAMMINO. Valutazione EMG di superficie o con elettrodi a filo (4 muscoli), associato ad esame basografico per la definizione delle fasi del passo. Non associabile a ANALISI DELLA CINEMATICA E DELLA DINAMICA DEL PASSO (93.05.7)",93.08.01,,,,,,,,
PUGLIA,TARANTO - 160112,2024,I TRIMESTRE 2024,69,EMG DINAMICA DELL'ARTO SUPERIORE. Valutazione EMG di superficie o con elettrodi a filo (4 muscoli),93.08.01,,,,,,,,
PUGLIA,BARI - 160114,2024,II TRIMESTRE 2024,1,Prima Visita cardiologica,89.7,5700,1718,801,392,691,341,202,201
PUGLIA,BARI - 160114,2024,II TRIMESTRE 2024,2,Prima Visita chirurgia vascolare,89.7,1153,295,169,63,126,65,,
PUGLIA,BARI - 160114,2024,II TRIMESTRE 2024,3,Prima Visita endocrinologica,89.7,4020,1024,528,191,496,229,,
PUGLIA,BARI - 160114,2024,II TRIMESTRE 2024,4,Prima Visita neurologica,89.13.00,4145,1133,603,263,494,258,34,34
PUGLIA,BARI - 160114,2024,II TRIMESTRE 2024,5,Prima Visita oculistica,95.02.00,7235,1973,619,322,945,604,355,348
PUGLIA,BARI - 160114,2024,II TRIMESTRE 2024,6,Prima Visita ortopedica,89.7,4497,1261,701,262,557,262,2,2
PUGLIA,BARI - 160114,2024,II TRIMESTRE 2024,7,Prima Visita ginecologica,89.26.00,4106,553,303,221,183,77,64,64
PUGLIA,BARI - 160114,2024,II TRIMESTRE 2024,8,Prima Visita otorinolaringoiatrica,89.7,5117,1531,784,248,747,306,,
PUGLIA,BARI - 160114,2024,II TRIMESTRE 2024,9,Prima Visita urologica,89.7,2521,641,330,181,310,152,1,1
PUGLIA,BARI - 160114,2024,II TRIMESTRE 2024,10,Prima Visita dermatologica,89.7,5591,1611,713,367,789,423,101,101
PUGLIA,BARI - 160114,2024,II TRIMESTRE 2024,11,Prima Visita fisiatrica,89.7,8119,4149,1394,1304,1192,1142,1487,1487
PUGLIA,BARI - 160114,2024,II TRIMESTRE 2024,12,Prima Visita gastroenterologica,89.7,1412,328,190,68,138,55,,
PUGLIA,BARI - 160114,2024,II TRIMESTRE 2024,13,Prima Visita oncologica,89.7,2118,213,137,124,76,71,,
PUGLIA,BARI - 160114,2024,II TRIMESTRE 2024,14,Prima Visita pneumologica,89.7,2722,733,345,151,273,160,114,114
PUGLIA,BARI - 160114,2024,II TRIMESTRE 2024,15,Mammografia bilaterale,87.37.01,4289,1257,199,140,280,239,770,769
PUGLIA,BARI - 160114,2024,II TRIMESTRE 2024,16,Mammografia monolaterale,87.37.02,54,4,1,1,,,3,3
PUGLIA,BARI - 160114,2024,II TRIMESTRE 2024,17,TC del Torace,87.41.00,1406,437,201,118,133,106,92,92
PUGLIA,BARI - 160114,2024,II TRIMESTRE 2024,18,TC del Torace senza e con MDC,87.41.01,2504,973,372,232,245,196,303,303
PUGLIA,BARI - 160114,2024,II TRIMESTRE 2024,19,TC dell’addome superiore,88.01.01,27,12,4,3,2,2,6,6
PUGLIA,BARI - 160114,2024,II TRIMESTRE 2024,20,TC dell’addome superiore senza e con MDC,88.01.02,339,139,55,36,33,24,41,41
PUGLIA,BARI - 160114,2024,II TRIMESTRE 2024,21,TC dell’addome inferiore,88.01.03,33,17,8,4,3,2,6,6
PUGLIA,BARI - 160114,2024,II TRIMESTRE 2024,22,TC dell’addome inferiore senza e con MDC,88.01.04,320,122,42,28,32,24,41,41
PUGLIA,BARI - 160114,2024,II TRIMESTRE 2024,23,TC dell’addome completo,88.01.05,301,113,53,30,33,27,21,21
PUGLIA,BARI - 160114,2024,II TRIMESTRE 2024,24,TC dell’addome completo senza e con MDC,88.01.06,2581,1045,431,284,245,200,312,312
PUGLIA,BARI - 160114,2024,II TRIMESTRE 2024,25,TC Cranio - encefalo,87.03.00,585,278,109,62,77,59,79,79
PUGLIA,BARI - 160114,2024,II TRIMESTRE 2024,26,TC Cranio - encefalo senza e con MDC,87.03.01,1124,430,175,110,114,88,124,124
PUGLIA,BARI - 160114,2024,II TRIMESTRE 2024,27,TC del rachide e dello speco vertebrale cervicale,88.38.01,376,149,69,42,36,29,39,39
PUGLIA,BARI - 160114,2024,II TRIMESTRE 2024,28,TC del rachide e dello speco vertebrale toracico,88.38.01,,,,,,,,
PUGLIA,BARI - 160114,2024,II TRIMESTRE 2024,29,TC del rachide e dello speco vertebrale lombosacrale,88.38.01,,,,,,,,
PUGLIA,BARI - 160114,2024,II TRIMESTRE 2024,30,TC del rachide e dello speco vertebrale cervicale senza e con MDC,88.38.02,43,11,9,5,1,1,1,1
PUGLIA,BARI - 160114,2024,II TRIMESTRE 2024,31,TC del rachide e dello speco vertebrale toracico senza e con MDC,88.38.02,,,,,,,,
PUGLIA,BARI - 160114,2024,II TRIMESTRE 2024,32,TC del rachide e dello speco vertebrale lombosacrale senza e con MDC,88.38.02,,,,,,,,
PUGLIA,BARI - 160114,2024,II TRIMESTRE 2024,33,TC di Bacino e articolazioni sacroiliache,88.38.05,36,9,4,2,3,2,2,2
PUGLIA,BARI - 160114,2024,II TRIMESTRE 2024,34,"RM di encefalo e tronco encefalico, giunzione cranio spinale e relativo distretto vascolare",89.31.01,670,373,119,89,93,77,132,132
PUGLIA,BARI - 160114,2024,II TRIMESTRE 2024,35,"RM di encefalo e tronco encefalico, giunzione cranio spinale e relativo distretto vascolare senza e con MDC",89.31.02,1212,455,165,102,110,67,126,126
PUGLIA,BARI - 160114,2024,II TRIMESTRE 2024,36,RM di addome inferiore e scavo pelvico,89.35.04,106,42,18,9,17,5,4,4
PUGLIA,BARI - 160114,2024,II TRIMESTRE 2024,37,RM di addome inferiore e scavo pelvico senza e con MDC,89.35.05,731,307,132,79,79,48,73,73
PUGLIA,BARI - 160114,2024,II TRIMESTRE 2024,38,RM della colonna in toto,89.33.00,2978,1852,447,357,428,365,843,843
PUGLIA,BARI - 160114,2024,II TRIMESTRE 2024,39,RM della colonna in toto senza e con MDC,89.33.01,836,325,112,74,90,57,90,90
PUGLIA,BARI - 160114,2024,II TRIMESTRE 2024,40,Diagnostica ecografica del capo e del collo,89.11.04,3035,1074,454,238,433,276,182,182
PUGLIA,BARI - 160114,2024,II TRIMESTRE 2024,41,Eco (color) dopplergrafia cardiaca,89.12.03,1602,576,195,113,253,169,122,122
PUGLIA,BARI - 160114,2024,II TRIMESTRE 2024,42,Eco (color) dopplergrafia dei tronchi sovra aortici,89.13.05,3619,1418,399,225,658,448,351,350
PUGLIA,BARI - 160114,2024,II TRIMESTRE 2024,43,Ecografia dell’addome superiore,89.14.01,1959,804,298,176,326,217,170,170
PUGLIA,BARI - 160114,2024,II TRIMESTRE 2024,44,Ecografia dell’addome inferiore,89.15.01,744,282,120,55,130,79,30,30
PUGLIA,BARI - 160114,2024,II TRIMESTRE 2024,45,Ecografia dell’addome completo,89.16.01,5576,2437,906,573,859,618,631,631
PUGLIA,BARI - 160114,2024,II TRIMESTRE 2024,46,Ecografia bilaterale della mammella,89.13.01,5561,1534,283,191,396,326,844,843
PUGLIA,BARI - 160114,2024,II TRIMESTRE 2024,47,Ecografia monolaterale della mammella,89.13.02,83,11,5,4,1,1,5,5
PUGLIA,BARI - 160114,2024,II TRIMESTRE 2024,48,Ecografia ostetrica,89.18.00,2715,125,72,43,53,44,,
PUGLIA,BARI - 160114,2024,II TRIMESTRE 2024,49,Ecografia ginecologica,89.18.02,743,191,150,130,39,19,2,2
PUGLIA,BARI - 160114,2024,II TRIMESTRE 2024,50,Ecocolor doppler degli arti inferiori arterioso e/o venoso,89.17.02,2889,1113,457,190,386,263,256,255
PUGLIA,BARI - 160114,2024,II TRIMESTRE 2024,51,Colonscopia totale con endoscopio flessibile,45.23.00,926,287,160,82,127,59,,
PUGLIA,BARI - 160114,2024,II TRIMESTRE 2024,52,Polipectomia dell’intestino crasso in corso di endoscopia sede unica,45.42.00,86,14,1,1,1,1,12,12
PUGLIA,BARI - 160114,2024,II TRIMESTRE 2024,53,Rettosigmoidoscopia con endoscopio flessibile,45.24.00,44,4,3,1,1,,,
PUGLIA,BARI - 160114,2024,II TRIMESTRE 2024,54,Esofagogastroduodenoscopia,45.13.00,849,520,216,90,181,107,120,120
PUGLIA,BARI - 160114,2024,II TRIMESTRE 2024,55,Esofagogastroduodenoscopia con biopsia in sede unica,45.16.00,696,193,117,34,76,35,,
PUGLIA,BARI - 160114,2024,II TRIMESTRE 2024,56,Elettrocardiogramma,89.52.00,7025,1971,918,433,786,504,243,242
PUGLIA,BARI - 160114,2024,II TRIMESTRE 2024,57,Elettrocardiogramma dinamico (Holter),89.50.00,1523,727,329,206,229,160,134,125
PUGLIA,BARI - 160114,2024,II TRIMESTRE 2024,58,Test cardiovascolare da sforzo con cicloergometro o con pedana mobile,89.41 - 89.43,734,163,66,19,60,23,37,37
PUGLIA,BARI - 160114,2024,II TRIMESTRE 2024,59,Altri test cardiovascolari da sforzo,89.44.00,23,3,3,3,,,,
PUGLIA,BARI - 160114,2024,II TRIMESTRE 2024,60,Esame audiometrico tonale,95.41.01,2197,575,254,90,283,136,38,38
PUGLIA,BARI - 160114,2024,II TRIMESTRE 2024,61,Spirometria semplice,89.37.01,1228,428,195,121,168,144,63,63
PUGLIA,BARI - 160114,2024,II TRIMESTRE 2024,62,Spirometria globale,89.37.02,1056,297,103,57,131,107,59,59
PUGLIA,BARI - 160114,2024,II TRIMESTRE 2024,63,Fotografia del fundus,95.11.00,22,2,,,2,2,,
PUGLIA,BARI - 160114,2024,II TRIMESTRE 2024,64,ELETTROMIOGRAFIA SEMPLICE [EMG] PER ARTO SUPERIORE. Analisi qualitativa fino a 6 muscoli. Non associabile a 93.09.1 e 93.09.2,93.08.01,4720,1848,640,406,745,590,451,451
PUGLIA,BARI - 160114,2024,II TRIMESTRE 2024,65,ELETTROMIOGRAFIA SEMPLICE [EMG] PER ARTO INFERIORE fino a 4 muscoli. Analisi qualitativa. Non associabile a 93.09.1 e 93.09.2,93.08.01,,,,,,,,
PUGLIA,BARI - 160114,2024,II TRIMESTRE 2024,66 - 67,ELETTROMIOGRAFIA SEMPLICE [EMG] DEL CAPO fino a 4 muscoli. Analisi qualitativa. Escluso: EMG dell'occhio (95.25) e POLISONNOGRAFIA (89.17),93.08.01,,,,,,,,
PUGLIA,BARI - 160114,2024,II TRIMESTRE 2024,,ELETTROMIOGRAFIA SEMPLICE [EMG] DEL TRONCO. Analisi qualitativa. Fino a 4 muscoli,,,,,,,,,
PUGLIA,BARI - 160114,2024,II TRIMESTRE 2024,68,"VALUTAZIONE EMG DINAMICA DEL CAMMINO. Valutazione EMG di superficie o con elettrodi a filo (4 muscoli), associato ad esame basografico per la definizione delle fasi del passo. Non associabile a ANALISI DELLA CINEMATICA E DELLA DINAMICA DEL PASSO (93.05.7)",93.08.01,,,,,,,,
PUGLIA,BARI - 160114,2024,II TRIMESTRE 2024,69,EMG DINAMICA DELL'ARTO SUPERIORE. Valutazione EMG di superficie o con elettrodi a filo (4 muscoli),93.08.01,,,,,,,,
PUGLIA,BT - 160113,2024,II TRIMESTRE 2024,1,Prima Visita cardiologica,89.7,3821,1488,796,380,587,328,99,99
PUGLIA,BT - 160113,2024,II TRIMESTRE 2024,2,Prima Visita chirurgia vascolare,89.7,321,105,61,22,44,30,,
PUGLIA,BT - 160113,2024,II TRIMESTRE 2024,3,Prima Visita endocrinologica,89.7,1362,687,316,138,264,122,99,98
PUGLIA,BT - 160113,2024,II TRIMESTRE 2024,4,Prima Visita neurologica,89.13.00,2297,706,408,217,298,187,,
PUGLIA,BT - 160113,2024,II TRIMESTRE 2024,5,Prima Visita oculistica,95.02.00,1736,803,393,123,410,146,,
PUGLIA,BT - 160113,2024,II TRIMESTRE 2024,6,Prima Visita ortopedica,89.7,1015,435,245,90,190,64,,
PUGLIA,BT - 160113,2024,II TRIMESTRE 2024,7,Prima Visita ginecologica,89.26.00,694,196,116,82,80,52,,
PUGLIA,BT - 160113,2024,II TRIMESTRE 2024,8,Prima Visita otorinolaringoiatrica,89.7,1972,872,472,232,400,193,,
PUGLIA,BT - 160113,2024,II TRIMESTRE 2024,9,Prima Visita urologica,89.7,611,252,157,64,95,53,,
PUGLIA,BT - 160113,2024,II TRIMESTRE 2024,10,Prima Visita dermatologica,89.7,3148,1777,613,456,863,678,300,300
PUGLIA,BT - 160113,2024,II TRIMESTRE 2024,11,Prima Visita fisiatrica,89.7,4537,2648,835,738,1003,966,792,792
PUGLIA,BT - 160113,2024,II TRIMESTRE 2024,12,Prima Visita gastroenterologica,89.7,666,294,166,91,128,62,,
PUGLIA,BT - 160113,2024,II TRIMESTRE 2024,13,Prima Visita oncologica,89.7,429,117,97,78,20,16,,
PUGLIA,BT - 160113,2024,II TRIMESTRE 2024,14,Prima Visita pneumologica,89.7,1931,664,369,190,295,161,,
PUGLIA,BT - 160113,2024,II TRIMESTRE 2024,15,Mammografia bilaterale,87.37.01,1075,618,159,116,236,196,222,222
PUGLIA,BT - 160113,2024,II TRIMESTRE 2024,16,Mammografia monolaterale,87.37.02,25,4,2,2,,,2,2
PUGLIA,BT - 160113,2024,II TRIMESTRE 2024,17,TC del Torace,87.41.00,564,272,173,74,79,59,18,18
PUGLIA,BT - 160113,2024,II TRIMESTRE 2024,18,TC del Torace senza e con MDC,87.41.01,779,440,340,81,100,44,,
PUGLIA,BT - 160113,2024,II TRIMESTRE 2024,19,TC dell’addome superiore,88.01.01,21,12,9,8,1,1,2,2
PUGLIA,BT - 160113,2024,II TRIMESTRE 2024,20,TC dell’addome superiore senza e con MDC,88.01.02,98,67,55,16,12,6,,
PUGLIA,BT - 160113,2024,II TRIMESTRE 2024,21,TC dell’addome inferiore,88.01.03,26,16,11,7,3,3,2,2
PUGLIA,BT - 160113,2024,II TRIMESTRE 2024,22,TC dell’addome inferiore senza e con MDC,88.01.04,92,61,44,14,17,9,,
PUGLIA,BT - 160113,2024,II TRIMESTRE 2024,23,TC dell’addome completo,88.01.05,165,134,79,47,36,30,16,16
PUGLIA,BT - 160113,2024,II TRIMESTRE 2024,24,TC dell’addome completo senza e con MDC,88.01.06,866,489,394,102,95,46,,
PUGLIA,BT - 160113,2024,II TRIMESTRE 2024,25,TC Cranio - encefalo,87.03.00,417,302,179,104,80,57,41,41
PUGLIA,BT - 160113,2024,II TRIMESTRE 2024,26,TC Cranio - encefalo senza e con MDC,87.03.01,306,158,118,41,40,21,,
PUGLIA,BT - 160113,2024,II TRIMESTRE 2024,27,TC del rachide e dello speco vertebrale cervicale,88.38.01,201,128,72,43,40,29,16,16
PUGLIA,BT - 160113,2024,II TRIMESTRE 2024,28,TC del rachide e dello speco vertebrale toracico,88.38.01,,,,,,,,
PUGLIA,BT - 160113,2024,II TRIMESTRE 2024,29,TC del rachide e dello speco vertebrale lombosacrale,88.38.01,,,,,,,,
PUGLIA,BT - 160113,2024,II TRIMESTRE 2024,30,TC del rachide e dello speco vertebrale cervicale senza e con MDC,88.38.02,14,11,8,2,3,1,,
PUGLIA,BT - 160113,2024,II TRIMESTRE 2024,31,TC del rachide e dello speco vertebrale toracico senza e con MDC,88.38.02,,,,,,,,
PUGLIA,BT - 160113,2024,II TRIMESTRE 2024,32,TC del rachide e dello speco vertebrale lombosacrale senza e con MDC,88.38.02,,,,,,,,
PUGLIA,BT - 160113,2024,II TRIMESTRE 2024,33,TC di Bacino e articolazioni sacroiliache,88.38.05,20,14,11,8,1,,2,2
PUGLIA,BT - 160113,2024,II TRIMESTRE 2024,34,"RM di encefalo e tronco encefalico, giunzione cranio spinale e relativo distretto vascolare",89.31.01,366,138,75,14,48,30,15,15
PUGLIA,BT - 160113,2024,II TRIMESTRE 2024,35,"RM di encefalo e tronco encefalico, giunzione cranio spinale e relativo distretto vascolare senza e con MDC",89.31.02,369,259,200,42,49,20,10,10
PUGLIA,BT - 160113,2024,II TRIMESTRE 2024,36,RM di addome inferiore e scavo pelvico,89.35.04,31,24,17,3,7,2,,
PUGLIA,BT - 160113,2024,II TRIMESTRE 2024,37,RM di addome inferiore e scavo pelvico senza e con MDC,89.35.05,200,128,86,14,34,10,8,8
PUGLIA,BT - 160113,2024,II TRIMESTRE 2024,38,RM della colonna in toto,89.33.00,1859,832,429,134,268,218,130,130
PUGLIA,BT - 160113,2024,II TRIMESTRE 2024,39,RM della colonna in toto senza e con MDC,89.33.01,152,98,74,16,19,10,5,5
PUGLIA,BT - 160113,2024,II TRIMESTRE 2024,40,Diagnostica ecografica del capo e del collo,89.11.04,1219,709,286,137,323,197,99,98
PUGLIA,BT - 160113,2024,II TRIMESTRE 2024,41,Eco (color) dopplergrafia cardiaca,89.12.03,852,481,155,73,232,156,91,91
PUGLIA,BT - 160113,2024,II TRIMESTRE 2024,42,Eco (color) dopplergrafia dei tronchi sovra aortici,89.13.05,1539,1039,337,158,441,300,259,259
PUGLIA,BT - 160113,2024,II TRIMESTRE 2024,43,Ecografia dell’addome superiore,89.14.01,982,531,204,129,269,219,53,53
PUGLIA,BT - 160113,2024,II TRIMESTRE 2024,44,Ecografia dell’addome inferiore,89.15.01,162,106,54,27,42,32,10,10
PUGLIA,BT - 160113,2024,II TRIMESTRE 2024,45,Ecografia dell’addome completo,89.16.01,2576,1229,572,332,458,384,191,191
PUGLIA,BT - 160113,2024,II TRIMESTRE 2024,46,Ecografia bilaterale della mammella,89.13.01,1164,749,210,148,292,229,243,243
PUGLIA,BT - 160113,2024,II TRIMESTRE 2024,47,Ecografia monolaterale della mammella,89.13.02,4,2,2,2,,,,
PUGLIA,BT - 160113,2024,II TRIMESTRE 2024,48,Ecografia ostetrica,89.18.00,425,78,42,32,36,36,,
PUGLIA,BT - 160113,2024,II TRIMESTRE 2024,49,Ecografia ginecologica,89.18.02,367,98,57,35,41,32,,
PUGLIA,BT - 160113,2024,II TRIMESTRE 2024,50,Ecocolor doppler degli arti inferiori arterioso e/o venoso,89.17.02,2171,1148,483,290,377,272,279,279
PUGLIA,BT - 160113,2024,II TRIMESTRE 2024,51,Colonscopia totale con endoscopio flessibile,45.23.00,177,119,65,28,54,21,,
PUGLIA,BT - 160113,2024,II TRIMESTRE 2024,52,Polipectomia dell’intestino crasso in corso di endoscopia sede unica,45.42.00,8,5,3,3,2,2,,
PUGLIA,BT - 160113,2024,II TRIMESTRE 2024,53,Rettosigmoidoscopia con endoscopio flessibile,45.24.00,3,1,,,1,,,
PUGLIA,BT - 160113,2024,II TRIMESTRE 2024,54,Esofagogastroduodenoscopia,45.13.00,366,275,173,30,102,19,,
PUGLIA,BT - 160113,2024,II TRIMESTRE 2024,55,Esofagogastroduodenoscopia con biopsia in sede unica,45.16.00,310,225,158,44,67,17,,
PUGLIA,BT - 160113,2024,II TRIMESTRE 2024,56,Elettrocardiogramma,89.52.00,4073,1557,799,374,627,454,125,125
PUGLIA,BT - 160113,2024,II TRIMESTRE 2024,57,Elettrocardiogramma dinamico (Holter),89.50.00,472,158,83,35,75,42,,
PUGLIA,BT - 160113,2024,II TRIMESTRE 2024,58,Test cardiovascolare da sforzo con cicloergometro o con pedana mobile,89.41 - 89.43,170,70,32,16,38,11,,
PUGLIA,BT - 160113,2024,II TRIMESTRE 2024,59,Altri test cardiovascolari da sforzo,89.44.00,,,,,,,,
PUGLIA,BT - 160113,2024,II TRIMESTRE 2024,60,Esame audiometrico tonale,95.41.01,890,284,177,110,107,92,,
PUGLIA,BT - 160113,2024,II TRIMESTRE 2024,61,Spirometria semplice,89.37.01,1000,339,169,79,170,161,,
PUGLIA,BT - 160113,2024,II TRIMESTRE 2024,62,Spirometria globale,89.37.02,713,159,93,40,66,58,,
PUGLIA,BT - 160113,2024,II TRIMESTRE 2024,63,Fotografia del fundus,95.11.00,,,,,,,,
PUGLIA,BT - 160113,2024,II TRIMESTRE 2024,64,ELETTROMIOGRAFIA SEMPLICE [EMG] PER ARTO SUPERIORE. Analisi qualitativa fino a 6 muscoli. Non associabile a 93.09.1 e 93.09.2,93.08.01,5525,4292,1382,1361,1881,1879,994,994
PUGLIA,BT - 160113,2024,II TRIMESTRE 2024,65,ELETTROMIOGRAFIA SEMPLICE [EMG] PER ARTO INFERIORE fino a 4 muscoli. Analisi qualitativa. Non associabile a 93.09.1 e 93.09.2,93.08.01,,,,,,,,
PUGLIA,BT - 160113,2024,II TRIMESTRE 2024,66 - 67,ELETTROMIOGRAFIA SEMPLICE [EMG] DEL CAPO fino a 4 muscoli. Analisi qualitativa. Escluso: EMG dell'occhio (95.25) e POLISONNOGRAFIA (89.17),93.08.01,,,,,,,,
PUGLIA,BT - 160113,2024,II TRIMESTRE 2024,,ELETTROMIOGRAFIA SEMPLICE [EMG] DEL TRONCO. Analisi qualitativa. Fino a 4 muscoli,,,,,,,,,
PUGLIA,BT - 160113,2024,II TRIMESTRE 2024,68,"VALUTAZIONE EMG DINAMICA DEL CAMMINO. Valutazione EMG di superficie o con elettrodi a filo (4 muscoli), associato ad esame basografico per la definizione delle fasi del passo. Non associabile a ANALISI DELLA CINEMATICA E DELLA DINAMICA DEL PASSO (93.05.7)",93.08.01,,,,,,,,
PUGLIA,BT - 160113,2024,II TRIMESTRE 2024,69,EMG DINAMICA DELL'ARTO SUPERIORE. Valutazione EMG di superficie o con elettrodi a filo (4 muscoli),93.08.01,,,,,,,,
PUGLIA,BRINDISI - 160106,2024,II TRIMESTRE 2024,1,Prima Visita cardiologica,89.7,2277,772,436,169,336,149,,
PUGLIA,BRINDISI - 160106,2024,II TRIMESTRE 2024,2,Prima Visita chirurgia vascolare,89.7,284,154,97,40,57,22,,
PUGLIA,BRINDISI - 160106,2024,II TRIMESTRE 2024,3,Prima Visita endocrinologica,89.7,1362,472,234,93,238,98,,
PUGLIA,BRINDISI - 160106,2024,II TRIMESTRE 2024,4,Prima Visita neurologica,89.13.00,864,333,176,72,157,62,,
PUGLIA,BRINDISI - 160106,2024,II TRIMESTRE 2024,5,Prima Visita oculistica,95.02.00,1573,352,151,123,201,125,,
PUGLIA,BRINDISI - 160106,2024,II TRIMESTRE 2024,6,Prima Visita ortopedica,89.7,1131,372,165,61,207,97,,
PUGLIA,BRINDISI - 160106,2024,II TRIMESTRE 2024,7,Prima Visita ginecologica,89.26.00,937,182,79,34,103,51,,
PUGLIA,BRINDISI - 160106,2024,II TRIMESTRE 2024,8,Prima Visita otorinolaringoiatrica,89.7,1954,452,195,77,257,107,,
PUGLIA,BRINDISI - 160106,2024,II TRIMESTRE 2024,9,Prima Visita urologica,89.7,596,207,98,33,109,61,,
PUGLIA,BRINDISI - 160106,2024,II TRIMESTRE 2024,10,Prima Visita dermatologica,89.7,2117,486,233,124,252,131,1,1
PUGLIA,BRINDISI - 160106,2024,II TRIMESTRE 2024,11,Prima Visita fisiatrica,89.7,2415,446,73,70,170,123,203,199
PUGLIA,BRINDISI - 160106,2024,II TRIMESTRE 2024,12,Prima Visita gastroenterologica,89.7,438,131,65,34,66,35,,
PUGLIA,BRINDISI - 160106,2024,II TRIMESTRE 2024,13,Prima Visita oncologica,89.7,865,158,97,77,61,50,,
PUGLIA,BRINDISI - 160106,2024,II TRIMESTRE 2024,14,Prima Visita pneumologica,89.7,939,305,160,66,145,69,,
PUGLIA,BRINDISI - 160106,2024,II TRIMESTRE 2024,15,Mammografia bilaterale,87.37.01,816,223,118,57,90,34,15,15
PUGLIA,BRINDISI - 160106,2024,II TRIMESTRE 2024,16,Mammografia monolaterale,87.37.02,54,12,5,4,7,5,,
PUGLIA,BRINDISI - 160106,2024,II TRIMESTRE 2024,17,TC del Torace,87.41.00,420,186,74,48,92,77,16,16
PUGLIA,BRINDISI - 160106,2024,II TRIMESTRE 2024,18,TC del Torace senza e con MDC,87.41.01,433,216,107,71,66,58,41,41
PUGLIA,BRINDISI - 160106,2024,II TRIMESTRE 2024,19,TC dell’addome superiore,88.01.01,4,2,2,1,,,,
PUGLIA,BRINDISI - 160106,2024,II TRIMESTRE 2024,20,TC dell’addome superiore senza e con MDC,88.01.02,31,21,14,11,6,4,1,1
PUGLIA,BRINDISI - 160106,2024,II TRIMESTRE 2024,21,TC dell’addome inferiore,88.01.03,6,3,3,3,,,,
PUGLIA,BRINDISI - 160106,2024,II TRIMESTRE 2024,22,TC dell’addome inferiore senza e con MDC,88.01.04,22,12,8,7,4,2,,
PUGLIA,BRINDISI - 160106,2024,II TRIMESTRE 2024,23,TC dell’addome completo,88.01.05,69,29,17,15,10,9,2,2
PUGLIA,BRINDISI - 160106,2024,II TRIMESTRE 2024,24,TC dell’addome completo senza e con MDC,88.01.06,479,278,148,101,83,72,43,43
PUGLIA,BRINDISI - 160106,2024,II TRIMESTRE 2024,25,TC Cranio - encefalo,87.03.00,261,114,42,26,58,44,14,14
PUGLIA,BRINDISI - 160106,2024,II TRIMESTRE 2024,26,TC Cranio - encefalo senza e con MDC,87.03.01,145,86,45,24,25,23,15,15
PUGLIA,BRINDISI - 160106,2024,II TRIMESTRE 2024,27,TC del rachide e dello speco vertebrale cervicale,88.38.01,115,51,24,16,17,14,7,7
PUGLIA,BRINDISI - 160106,2024,II TRIMESTRE 2024,28,TC del rachide e dello speco vertebrale toracico,88.38.01,,,,,,,,
PUGLIA,BRINDISI - 160106,2024,II TRIMESTRE 2024,29,TC del rachide e dello speco vertebrale lombosacrale,88.38.01,,,,,,,,
PUGLIA,BRINDISI - 160106,2024,II TRIMESTRE 2024,30,TC del rachide e dello speco vertebrale cervicale senza e con MDC,88.38.02,8,7,7,5,,,,
PUGLIA,BRINDISI - 160106,2024,II TRIMESTRE 2024,31,TC del rachide e dello speco vertebrale toracico senza e con MDC,88.38.02,,,,,,,,
PUGLIA,BRINDISI - 160106,2024,II TRIMESTRE 2024,32,TC del rachide e dello speco vertebrale lombosacrale senza e con MDC,88.38.02,,,,,,,,
PUGLIA,BRINDISI - 160106,2024,II TRIMESTRE 2024,33,TC di Bacino e articolazioni sacroiliache,88.38.05,14,6,3,1,2,2,,
PUGLIA,BRINDISI - 160106,2024,II TRIMESTRE 2024,34,"RM di encefalo e tronco encefalico, giunzione cranio spinale e relativo distretto vascolare",89.31.01,147,79,27,25,34,34,16,16
PUGLIA,BRINDISI - 160106,2024,II TRIMESTRE 2024,35,"RM di encefalo e tronco encefalico, giunzione cranio spinale e relativo distretto vascolare senza e con MDC",89.31.02,358,222,131,93,79,60,12,12
PUGLIA,BRINDISI - 160106,2024,II TRIMESTRE 2024,36,RM di addome inferiore e scavo pelvico,89.35.04,28,17,10,10,5,5,2,2
PUGLIA,BRINDISI - 160106,2024,II TRIMESTRE 2024,37,RM di addome inferiore e scavo pelvico senza e con MDC,89.35.05,174,110,57,49,47,43,5,5
PUGLIA,BRINDISI - 160106,2024,II TRIMESTRE 2024,38,RM della colonna in toto,89.33.00,989,617,198,158,246,221,163,163
PUGLIA,BRINDISI - 160106,2024,II TRIMESTRE 2024,39,RM della colonna in toto senza e con MDC,89.33.01,191,111,67,57,34,33,7,7
PUGLIA,BRINDISI - 160106,2024,II TRIMESTRE 2024,40,Diagnostica ecografica del capo e del collo,89.11.04,874,396,189,84,196,115,8,8
PUGLIA,BRINDISI - 160106,2024,II TRIMESTRE 2024,41,Eco (color) dopplergrafia cardiaca,89.12.03,371,138,42,23,51,38,44,44
PUGLIA,BRINDISI - 160106,2024,II TRIMESTRE 2024,42,Eco (color) dopplergrafia dei tronchi sovra aortici,89.13.05,931,371,129,67,204,116,38,38
PUGLIA,BRINDISI - 160106,2024,II TRIMESTRE 2024,43,Ecografia dell’addome superiore,89.14.01,512,126,62,36,62,52,1,1
PUGLIA,BRINDISI - 160106,2024,II TRIMESTRE 2024,44,Ecografia dell’addome inferiore,89.15.01,203,54,28,18,23,21,3,3
PUGLIA,BRINDISI - 160106,2024,II TRIMESTRE 2024,45,Ecografia dell’addome completo,89.16.01,1477,528,202,164,269,237,45,45
PUGLIA,BRINDISI - 160106,2024,II TRIMESTRE 2024,46,Ecografia bilaterale della mammella,89.13.01,1005,313,191,99,106,36,15,15
PUGLIA,BRINDISI - 160106,2024,II TRIMESTRE 2024,47,Ecografia monolaterale della mammella,89.13.02,26,13,10,5,1,,1,1
PUGLIA,BRINDISI - 160106,2024,II TRIMESTRE 2024,48,Ecografia ostetrica,89.18.00,358,26,20,16,6,6,,
PUGLIA,BRINDISI - 160106,2024,II TRIMESTRE 2024,49,Ecografia ginecologica,89.18.02,187,50,16,6,34,23,,
PUGLIA,BRINDISI - 160106,2024,II TRIMESTRE 2024,50,Ecocolor doppler degli arti inferiori arterioso e/o venoso,89.17.02,1085,473,225,94,218,94,30,30
PUGLIA,BRINDISI - 160106,2024,II TRIMESTRE 2024,51,Colonscopia totale con endoscopio flessibile,45.23.00,248,129,66,48,63,49,,
PUGLIA,BRINDISI - 160106,2024,II TRIMESTRE 2024,52,Polipectomia dell’intestino crasso in corso di endoscopia sede unica,45.42.00,7,,,,,,,
PUGLIA,BRINDISI - 160106,2024,II TRIMESTRE 2024,53,Rettosigmoidoscopia con endoscopio flessibile,45.24.00,15,5,4,1,1,1,,
PUGLIA,BRINDISI - 160106,2024,II TRIMESTRE 2024,54,Esofagogastroduodenoscopia,45.13.00,325,135,76,25,59,30,,
PUGLIA,BRINDISI - 160106,2024,II TRIMESTRE 2024,55,Esofagogastroduodenoscopia con biopsia in sede unica,45.16.00,225,101,58,11,43,18,,
PUGLIA,BRINDISI - 160106,2024,II TRIMESTRE 2024,56,Elettrocardiogramma,89.52.00,2850,760,432,192,328,180,,
PUGLIA,BRINDISI - 160106,2024,II TRIMESTRE 2024,57,Elettrocardiogramma dinamico (Holter),89.50.00,714,244,112,29,132,58,,
PUGLIA,BRINDISI - 160106,2024,II TRIMESTRE 2024,58,Test cardiovascolare da sforzo con cicloergometro o con pedana mobile,89.41 - 89.43,418,118,61,23,57,23,,
PUGLIA,BRINDISI - 160106,2024,II TRIMESTRE 2024,59,Altri test cardiovascolari da sforzo,89.44.00,,,,,,,,
PUGLIA,BRINDISI - 160106,2024,II TRIMESTRE 2024,60,Esame audiometrico tonale,95.41.01,1087,176,48,26,128,79,,
PUGLIA,BRINDISI - 160106,2024,II TRIMESTRE 2024,61,Spirometria semplice,89.37.01,681,200,92,34,108,47,,
PUGLIA,BRINDISI - 160106,2024,II TRIMESTRE 2024,62,Spirometria globale,89.37.02,107,17,7,4,10,9,,
PUGLIA,BRINDISI - 160106,2024,II TRIMESTRE 2024,63,Fotografia del fundus,95.11.00,9,,,,,,,
PUGLIA,BRINDISI - 160106,2024,II TRIMESTRE 2024,64,ELETTROMIOGRAFIA SEMPLICE [EMG] PER ARTO SUPERIORE. Analisi qualitativa fino a 6 muscoli. Non associabile a 93.09.1 e 93.09.2,93.08.01,2475,805,342,84,389,289,74,74
PUGLIA,BRINDISI - 160106,2024,II TRIMESTRE 2024,65,ELETTROMIOGRAFIA SEMPLICE [EMG] PER ARTO INFERIORE fino a 4 muscoli. Analisi qualitativa. Non associabile a 93.09.1 e 93.09.2,93.08.01,,,,,,,,
PUGLIA,BRINDISI - 160106,2024,II TRIMESTRE 2024,66 - 67,ELETTROMIOGRAFIA SEMPLICE [EMG] DEL CAPO fino a 4 muscoli. Analisi qualitativa. Escluso: EMG dell'occhio (95.25) e POLISONNOGRAFIA (89.17),93.08.01,,,,,,,,
PUGLIA,BRINDISI - 160106,2024,II TRIMESTRE 2024,,ELETTROMIOGRAFIA SEMPLICE [EMG] DEL TRONCO. Analisi qualitativa. Fino a 4 muscoli,,,,,,,,,
PUGLIA,BRINDISI - 160106,2024,II TRIMESTRE 2024,68,"VALUTAZIONE EMG DINAMICA DEL CAMMINO. Valutazione EMG di superficie o con elettrodi a filo (4 muscoli), associato ad esame basografico per la definizione delle fasi del passo. Non associabile a ANALISI DELLA CINEMATICA E DELLA DINAMICA DEL PASSO (93.05.7)",93.08.01,,,,,,,,
PUGLIA,BRINDISI - 160106,2024,II TRIMESTRE 2024,69,EMG DINAMICA DELL'ARTO SUPERIORE. Valutazione EMG di superficie o con elettrodi a filo (4 muscoli),93.08.01,,,,,,,,
PUGLIA,FOGGIA - 160115,2024,II TRIMESTRE 2024,1,Prima Visita cardiologica,89.7,3394,1754,182,178,105,94,1428,1111
PUGLIA,FOGGIA - 160115,2024,II TRIMESTRE 2024,2,Prima Visita chirurgia vascolare,89.7,218,115,18,18,6,6,86,56
PUGLIA,FOGGIA - 160115,2024,II TRIMESTRE 2024,3,Prima Visita endocrinologica,89.7,1530,785,127,122,66,64,574,528
PUGLIA,FOGGIA - 160115,2024,II TRIMESTRE 2024,4,Prima Visita neurologica,89.13.00,2090,1192,86,83,81,78,1009,956
PUGLIA,FOGGIA - 160115,2024,II TRIMESTRE 2024,5,Prima Visita oculistica,95.02.00,3668,1425,133,132,72,70,1205,1085
PUGLIA,FOGGIA - 160115,2024,II TRIMESTRE 2024,6,Prima Visita ortopedica,89.7,1785,1083,178,178,61,61,828,792
PUGLIA,FOGGIA - 160115,2024,II TRIMESTRE 2024,7,Prima Visita ginecologica,89.26.00,1305,1149,84,79,69,69,985,970
PUGLIA,FOGGIA - 160115,2024,II TRIMESTRE 2024,8,Prima Visita otorinolaringoiatrica,89.7,2394,1635,114,113,114,112,1381,1370
PUGLIA,FOGGIA - 160115,2024,II TRIMESTRE 2024,9,Prima Visita urologica,89.7,1498,1084,154,151,171,171,739,641
PUGLIA,FOGGIA - 160115,2024,II TRIMESTRE 2024,10,Prima Visita dermatologica,89.7,1905,1110,192,192,96,96,781,762
PUGLIA,FOGGIA - 160115,2024,II TRIMESTRE 2024,11,Prima Visita fisiatrica,89.7,2602,1877,124,124,128,128,1615,1586
PUGLIA,FOGGIA - 160115,2024,II TRIMESTRE 2024,12,Prima Visita gastroenterologica,89.7,490,299,24,23,24,23,240,220
PUGLIA,FOGGIA - 160115,2024,II TRIMESTRE 2024,13,Prima Visita oncologica,89.7,455,421,100,100,32,32,270,269
PUGLIA,FOGGIA - 160115,2024,II TRIMESTRE 2024,14,Prima Visita pneumologica,89.7,926,573,134,132,77,75,335,289
PUGLIA,FOGGIA - 160115,2024,II TRIMESTRE 2024,15,Mammografia bilaterale,87.37.01,1204,520,60,60,41,38,407,399
PUGLIA,FOGGIA - 160115,2024,II TRIMESTRE 2024,16,Mammografia monolaterale,87.37.02,8,6,,,,,6,6
PUGLIA,FOGGIA - 160115,2024,II TRIMESTRE 2024,17,TC del Torace,87.41.00,396,244,62,60,25,25,148,142
PUGLIA,FOGGIA - 160115,2024,II TRIMESTRE 2024,18,TC del Torace senza e con MDC,87.41.01,603,348,75,70,34,34,223,216
PUGLIA,FOGGIA - 160115,2024,II TRIMESTRE 2024,19,TC dell’addome superiore,88.01.01,19,11,1,1,1,1,8,8
PUGLIA,FOGGIA - 160115,2024,II TRIMESTRE 2024,20,TC dell’addome superiore senza e con MDC,88.01.02,38,19,7,6,,,11,10
PUGLIA,FOGGIA - 160115,2024,II TRIMESTRE 2024,21,TC dell’addome inferiore,88.01.03,20,11,2,2,,,8,8
PUGLIA,FOGGIA - 160115,2024,II TRIMESTRE 2024,22,TC dell’addome inferiore senza e con MDC,88.01.04,26,17,7,7,1,1,9,7
PUGLIA,FOGGIA - 160115,2024,II TRIMESTRE 2024,23,TC dell’addome completo,88.01.05,140,93,24,23,13,13,53,52
PUGLIA,FOGGIA - 160115,2024,II TRIMESTRE 2024,24,TC dell’addome completo senza e con MDC,88.01.06,653,403,89,82,51,51,246,243
PUGLIA,FOGGIA - 160115,2024,II TRIMESTRE 2024,25,TC Cranio - encefalo,87.03.00,211,145,20,20,17,17,106,102
PUGLIA,FOGGIA - 160115,2024,II TRIMESTRE 2024,26,TC Cranio - encefalo senza e con MDC,87.03.01,268,166,32,30,19,19,109,106
PUGLIA,FOGGIA - 160115,2024,II TRIMESTRE 2024,27,TC del rachide e dello speco vertebrale cervicale,88.38.01,123,81,21,20,14,14,44,43
PUGLIA,FOGGIA - 160115,2024,II TRIMESTRE 2024,28,TC del rachide e dello speco vertebrale toracico,88.38.01,,,,,,,,
PUGLIA,FOGGIA - 160115,2024,II TRIMESTRE 2024,29,TC del rachide e dello speco vertebrale lombosacrale,88.38.01,,,,,,,,
PUGLIA,FOGGIA - 160115,2024,II TRIMESTRE 2024,30,TC del rachide e dello speco vertebrale cervicale senza e con MDC,88.38.02,9,7,,,,,6,6
PUGLIA,FOGGIA - 160115,2024,II TRIMESTRE 2024,31,TC del rachide e dello speco vertebrale toracico senza e con MDC,88.38.02,,,,,,,,
PUGLIA,FOGGIA - 160115,2024,II TRIMESTRE 2024,32,TC del rachide e dello speco vertebrale lombosacrale senza e con MDC,88.38.02,,,,,,,,
PUGLIA,FOGGIA - 160115,2024,II TRIMESTRE 2024,33,TC di Bacino e articolazioni sacroiliache,88.38.05,17,12,,,7,7,3,3
PUGLIA,FOGGIA - 160115,2024,II TRIMESTRE 2024,34,"RM di encefalo e tronco encefalico, giunzione cranio spinale e relativo distretto vascolare",89.31.01,277,177,38,38,17,16,111,109
PUGLIA,FOGGIA - 160115,2024,II TRIMESTRE 2024,35,"RM di encefalo e tronco encefalico, giunzione cranio spinale e relativo distretto vascolare senza e con MDC",89.31.02,269,140,49,49,10,9,71,71
PUGLIA,FOGGIA - 160115,2024,II TRIMESTRE 2024,36,RM di addome inferiore e scavo pelvico,89.35.04,81,61,16,15,5,3,35,32
PUGLIA,FOGGIA - 160115,2024,II TRIMESTRE 2024,37,RM di addome inferiore e scavo pelvico senza e con MDC,89.35.05,116,81,15,15,1,1,57,57
PUGLIA,FOGGIA - 160115,2024,II TRIMESTRE 2024,38,RM della colonna in toto,89.33.00,1288,942,212,206,93,93,600,594
PUGLIA,FOGGIA - 160115,2024,II TRIMESTRE 2024,39,RM della colonna in toto senza e con MDC,89.33.01,131,75,22,22,6,6,44,44
PUGLIA,FOGGIA - 160115,2024,II TRIMESTRE 2024,40,Diagnostica ecografica del capo e del collo,89.11.04,896,337,67,61,23,21,232,210
PUGLIA,FOGGIA - 160115,2024,II TRIMESTRE 2024,41,Eco (color) dopplergrafia cardiaca,89.12.03,891,365,33,32,37,35,286,237
PUGLIA,FOGGIA - 160115,2024,II TRIMESTRE 2024,42,Eco (color) dopplergrafia dei tronchi sovra aortici,89.13.05,1233,434,53,49,49,42,328,256
PUGLIA,FOGGIA - 160115,2024,II TRIMESTRE 2024,43,Ecografia dell’addome superiore,89.14.01,731,501,42,40,29,28,423,411
PUGLIA,FOGGIA - 160115,2024,II TRIMESTRE 2024,44,Ecografia dell’addome inferiore,89.15.01,229,118,15,15,6,6,92,85
PUGLIA,FOGGIA - 160115,2024,II TRIMESTRE 2024,45,Ecografia dell’addome completo,89.16.01,1515,804,152,152,84,84,530,504
PUGLIA,FOGGIA - 160115,2024,II TRIMESTRE 2024,46,Ecografia bilaterale della mammella,89.13.01,1376,549,63,63,43,40,432,424
PUGLIA,FOGGIA - 160115,2024,II TRIMESTRE 2024,47,Ecografia monolaterale della mammella,89.13.02,11,6,,,2,2,4,4
PUGLIA,FOGGIA - 160115,2024,II TRIMESTRE 2024,48,Ecografia ostetrica,89.18.00,337,296,10,10,18,18,266,266
PUGLIA,FOGGIA - 160115,2024,II TRIMESTRE 2024,49,Ecografia ginecologica,89.18.02,106,82,6,6,14,14,59,59
PUGLIA,FOGGIA - 160115,2024,II TRIMESTRE 2024,50,Ecocolor doppler degli arti inferiori arterioso e/o venoso,89.17.02,1608,667,104,91,65,51,464,399
PUGLIA,FOGGIA - 160115,2024,II TRIMESTRE 2024,51,Colonscopia totale con endoscopio flessibile,45.23.00,175,121,31,28,10,9,75,60
PUGLIA,FOGGIA - 160115,2024,II TRIMESTRE 2024,52,Polipectomia dell’intestino crasso in corso di endoscopia sede unica,45.42.00,113,110,5,5,5,5,99,99
PUGLIA,FOGGIA - 160115,2024,II TRIMESTRE 2024,53,Rettosigmoidoscopia con endoscopio flessibile,45.24.00,11,10,2,2,,,7,7
PUGLIA,FOGGIA - 160115,2024,II TRIMESTRE 2024,54,Esofagogastroduodenoscopia,45.13.00,240,173,45,44,24,22,101,92
PUGLIA,FOGGIA - 160115,2024,II TRIMESTRE 2024,55,Esofagogastroduodenoscopia con biopsia in sede unica,45.16.00,181,143,31,31,18,15,88,81
PUGLIA,FOGGIA - 160115,2024,II TRIMESTRE 2024,56,Elettrocardiogramma,89.52.00,3022,1558,200,196,85,78,1233,1082
PUGLIA,FOGGIA - 160115,2024,II TRIMESTRE 2024,57,Elettrocardiogramma dinamico (Holter),89.50.00,663,371,69,55,32,32,260,256
PUGLIA,FOGGIA - 160115,2024,II TRIMESTRE 2024,58,Test cardiovascolare da sforzo con cicloergometro o con pedana mobile,89.41 - 89.43,506,313,61,50,28,22,219,178
PUGLIA,FOGGIA - 160115,2024,II TRIMESTRE 2024,59,Altri test cardiovascolari da sforzo,89.44.00,,,,,,,,
PUGLIA,FOGGIA - 160115,2024,II TRIMESTRE 2024,60,Esame audiometrico tonale,95.41.01,635,377,33,32,31,29,308,247
PUGLIA,FOGGIA - 160115,2024,II TRIMESTRE 2024,61,Spirometria semplice,89.37.01,250,120,34,33,14,12,69,64
PUGLIA,FOGGIA - 160115,2024,II TRIMESTRE 2024,62,Spirometria globale,89.37.02,81,53,15,14,7,7,31,30
PUGLIA,FOGGIA - 160115,2024,II TRIMESTRE 2024,63,Fotografia del fundus,95.11.00,7,6,1,1,2,2,3,3
PUGLIA,FOGGIA - 160115,2024,II TRIMESTRE 2024,64,ELETTROMIOGRAFIA SEMPLICE [EMG] PER ARTO SUPERIORE. Analisi qualitativa fino a 6 muscoli. Non associabile a 93.09.1 e 93.09.2,93.08.01,1015,869,107,102,55,49,697,657
PUGLIA,FOGGIA - 160115,2024,II TRIMESTRE 2024,65,ELETTROMIOGRAFIA SEMPLICE [EMG] PER ARTO INFERIORE fino a 4 muscoli. Analisi qualitativa. Non associabile a 93.09.1 e 93.09.2,93.08.01,,,,,,,,
PUGLIA,FOGGIA - 160115,2024,II TRIMESTRE 2024,66 - 67,ELETTROMIOGRAFIA SEMPLICE [EMG] DEL CAPO fino a 4 muscoli. Analisi qualitativa. Escluso: EMG dell'occhio (95.25) e POLISONNOGRAFIA (89.17),93.08.01,,,,,,,,
PUGLIA,FOGGIA - 160115,2024,II TRIMESTRE 2024,,ELETTROMIOGRAFIA SEMPLICE [EMG] DEL TRONCO. Analisi qualitativa. Fino a 4 muscoli,,,,,,,,,
PUGLIA,FOGGIA - 160115,2024,II TRIMESTRE 2024,68,"VALUTAZIONE EMG DINAMICA DEL CAMMINO. Valutazione EMG di superficie o con elettrodi a filo (4 muscoli), associato ad esame basografico per la definizione delle fasi del passo. Non associabile a ANALISI DELLA CINEMATICA E DELLA DINAMICA DEL PASSO (93.05.7)",93.08.01,,,,,,,,
PUGLIA,FOGGIA - 160115,2024,II TRIMESTRE 2024,69,EMG DINAMICA DELL'ARTO SUPERIORE. Valutazione EMG di superficie o con elettrodi a filo (4 muscoli),93.08.01,,,,,,,,
PUGLIA,LECCE - 160116,2024,II TRIMESTRE 2024,1,Prima Visita cardiologica,89.7,3806,1104,438,408,369,129,212,211
PUGLIA,LECCE - 160116,2024,II TRIMESTRE 2024,2,Prima Visita chirurgia vascolare,89.7,170,127,21,20,12,12,93,93
PUGLIA,LECCE - 160116,2024,II TRIMESTRE 2024,3,Prima Visita endocrinologica,89.7,90,24,8,8,15,4,,
PUGLIA,LECCE - 160116,2024,II TRIMESTRE 2024,4,Prima Visita neurologica,89.13.00,2414,670,242,229,303,183,87,87
PUGLIA,LECCE - 160116,2024,II TRIMESTRE 2024,5,Prima Visita oculistica,95.02.00,2761,666,274,260,276,137,33,33
PUGLIA,LECCE - 160116,2024,II TRIMESTRE 2024,6,Prima Visita ortopedica,89.7,836,212,52,52,50,50,108,108
PUGLIA,LECCE - 160116,2024,II TRIMESTRE 2024,7,Prima Visita ginecologica,89.26.00,1453,322,129,117,114,62,60,60
PUGLIA,LECCE - 160116,2024,II TRIMESTRE 2024,8,Prima Visita otorinolaringoiatrica,89.7,496,91,4,3,9,9,77,77
PUGLIA,LECCE - 160116,2024,II TRIMESTRE 2024,9,Prima Visita urologica,89.7,1042,156,11,11,2,2,143,143
PUGLIA,LECCE - 160116,2024,II TRIMESTRE 2024,10,Prima Visita dermatologica,89.7,1051,81,29,29,48,24,2,2
PUGLIA,LECCE - 160116,2024,II TRIMESTRE 2024,11,Prima Visita fisiatrica,89.7,2529,1323,35,34,87,87,1190,1190
PUGLIA,LECCE - 160116,2024,II TRIMESTRE 2024,12,Prima Visita gastroenterologica,89.7,,,,,,,,
PUGLIA,LECCE - 160116,2024,II TRIMESTRE 2024,13,Prima Visita oncologica,89.7,325,301,2,2,,,299,299
PUGLIA,LECCE - 160116,2024,II TRIMESTRE 2024,14,Prima Visita pneumologica,89.7,306,112,17,16,15,14,76,75
PUGLIA,LECCE - 160116,2024,II TRIMESTRE 2024,15,Mammografia bilaterale,87.37.01,823,325,180,172,3,3,141,141
PUGLIA,LECCE - 160116,2024,II TRIMESTRE 2024,16,Mammografia monolaterale,87.37.02,23,17,15,15,,,2,2
PUGLIA,LECCE - 160116,2024,II TRIMESTRE 2024,17,TC del Torace,87.41.00,799,400,142,139,137,131,96,96
PUGLIA,LECCE - 160116,2024,II TRIMESTRE 2024,18,TC del Torace senza e con MDC,87.41.01,788,509,233,211,207,199,50,50
PUGLIA,LECCE - 160116,2024,II TRIMESTRE 2024,19,TC dell’addome superiore,88.01.01,9,4,2,2,2,2,,
PUGLIA,LECCE - 160116,2024,II TRIMESTRE 2024,20,TC dell’addome superiore senza e con MDC,88.01.02,29,12,5,5,5,5,2,2
PUGLIA,LECCE - 160116,2024,II TRIMESTRE 2024,21,TC dell’addome inferiore,88.01.03,9,5,4,4,1,1,,
PUGLIA,LECCE - 160116,2024,II TRIMESTRE 2024,22,TC dell’addome inferiore senza e con MDC,88.01.04,27,14,7,7,4,4,3,3
PUGLIA,LECCE - 160116,2024,II TRIMESTRE 2024,23,TC dell’addome completo,88.01.05,167,82,30,29,21,21,19,19
PUGLIA,LECCE - 160116,2024,II TRIMESTRE 2024,24,TC dell’addome completo senza e con MDC,88.01.06,1011,644,315,290,246,237,65,65
PUGLIA,LECCE - 160116,2024,II TRIMESTRE 2024,25,TC Cranio - encefalo,87.03.00,532,269,106,100,57,55,63,63
PUGLIA,LECCE - 160116,2024,II TRIMESTRE 2024,26,TC Cranio - encefalo senza e con MDC,87.03.01,306,247,101,93,115,113,22,22
PUGLIA,LECCE - 160116,2024,II TRIMESTRE 2024,27,TC del rachide e dello speco vertebrale cervicale,88.38.01,159,65,22,22,14,14,23,23
PUGLIA,LECCE - 160116,2024,II TRIMESTRE 2024,28,TC del rachide e dello speco vertebrale toracico,88.38.01,,,,,,,,
PUGLIA,LECCE - 160116,2024,II TRIMESTRE 2024,29,TC del rachide e dello speco vertebrale lombosacrale,88.38.01,,,,,,,,
PUGLIA,LECCE - 160116,2024,II TRIMESTRE 2024,30,TC del rachide e dello speco vertebrale cervicale senza e con MDC,88.38.02,7,5,1,1,4,4,,
PUGLIA,LECCE - 160116,2024,II TRIMESTRE 2024,31,TC del rachide e dello speco vertebrale toracico senza e con MDC,88.38.02,,,,,,,,
PUGLIA,LECCE - 160116,2024,II TRIMESTRE 2024,32,TC del rachide e dello speco vertebrale lombosacrale senza e con MDC,88.38.02,,,,,,,,
PUGLIA,LECCE - 160116,2024,II TRIMESTRE 2024,33,TC di Bacino e articolazioni sacroiliache,88.38.05,26,14,7,7,2,1,5,5
PUGLIA,LECCE - 160116,2024,II TRIMESTRE 2024,34,"RM di encefalo e tronco encefalico, giunzione cranio spinale e relativo distretto vascolare",89.31.01,399,256,47,46,68,66,138,138
PUGLIA,LECCE - 160116,2024,II TRIMESTRE 2024,35,"RM di encefalo e tronco encefalico, giunzione cranio spinale e relativo distretto vascolare senza e con MDC",89.31.02,240,135,48,38,43,40,34,34
PUGLIA,LECCE - 160116,2024,II TRIMESTRE 2024,36,RM di addome inferiore e scavo pelvico,89.35.04,21,17,4,3,6,6,7,7
PUGLIA,LECCE - 160116,2024,II TRIMESTRE 2024,37,RM di addome inferiore e scavo pelvico senza e con MDC,89.35.05,289,144,60,38,62,59,18,18
PUGLIA,LECCE - 160116,2024,II TRIMESTRE 2024,38,RM della colonna in toto,89.33.00,1587,1135,160,142,200,199,767,767
PUGLIA,LECCE - 160116,2024,II TRIMESTRE 2024,39,RM della colonna in toto senza e con MDC,89.33.01,101,61,25,19,19,19,13,13
PUGLIA,LECCE - 160116,2024,II TRIMESTRE 2024,40,Diagnostica ecografica del capo e del collo,89.11.04,932,348,104,101,144,142,86,86
PUGLIA,LECCE - 160116,2024,II TRIMESTRE 2024,41,Eco (color) dopplergrafia cardiaca,89.12.03,261,119,32,32,25,24,58,58
PUGLIA,LECCE - 160116,2024,II TRIMESTRE 2024,42,Eco (color) dopplergrafia dei tronchi sovra aortici,89.13.05,1812,544,65,60,155,148,296,296
PUGLIA,LECCE - 160116,2024,II TRIMESTRE 2024,43,Ecografia dell’addome superiore,89.14.01,271,114,34,33,49,43,18,18
PUGLIA,LECCE - 160116,2024,II TRIMESTRE 2024,44,Ecografia dell’addome inferiore,89.15.01,138,50,16,16,18,18,11,11
PUGLIA,LECCE - 160116,2024,II TRIMESTRE 2024,45,Ecografia dell’addome completo,89.16.01,2368,881,302,280,284,278,224,224
PUGLIA,LECCE - 160116,2024,II TRIMESTRE 2024,46,Ecografia bilaterale della mammella,89.13.01,899,346,190,184,10,10,144,144
PUGLIA,LECCE - 160116,2024,II TRIMESTRE 2024,47,Ecografia monolaterale della mammella,89.13.02,20,15,14,14,,,1,1
PUGLIA,LECCE - 160116,2024,II TRIMESTRE 2024,48,Ecografia ostetrica,89.18.00,403,34,11,10,19,19,1,1
PUGLIA,LECCE - 160116,2024,II TRIMESTRE 2024,49,Ecografia ginecologica,89.18.02,284,71,43,40,22,21,3,3
PUGLIA,LECCE - 160116,2024,II TRIMESTRE 2024,50,Ecocolor doppler degli arti inferiori arterioso e/o venoso,89.17.02,1340,546,151,135,117,117,235,235
PUGLIA,LECCE - 160116,2024,II TRIMESTRE 2024,51,Colonscopia totale con endoscopio flessibile,45.23.00,413,225,114,95,104,87,6,6
PUGLIA,LECCE - 160116,2024,II TRIMESTRE 2024,52,Polipectomia dell’intestino crasso in corso di endoscopia sede unica,45.42.00,5,4,,,,,,
PUGLIA,LECCE - 160116,2024,II TRIMESTRE 2024,53,Rettosigmoidoscopia con endoscopio flessibile,45.24.00,9,,,,,,,
PUGLIA,LECCE - 160116,2024,II TRIMESTRE 2024,54,Esofagogastroduodenoscopia,45.13.00,732,191,89,77,94,92,4,4
PUGLIA,LECCE - 160116,2024,II TRIMESTRE 2024,55,Esofagogastroduodenoscopia con biopsia in sede unica,45.16.00,78,38,17,15,21,17,,
PUGLIA,LECCE - 160116,2024,II TRIMESTRE 2024,56,Elettrocardiogramma,89.52.00,3607,1417,611,580,521,506,133,132
PUGLIA,LECCE - 160116,2024,II TRIMESTRE 2024,57,Elettrocardiogramma dinamico (Holter),89.50.00,822,223,95,88,74,72,42,42
PUGLIA,LECCE - 160116,2024,II TRIMESTRE 2024,58,Test cardiovascolare da sforzo con cicloergometro o con pedana mobile,89.41 - 89.43,409,56,11,11,43,43,1,1
PUGLIA,LECCE - 160116,2024,II TRIMESTRE 2024,59,Altri test cardiovascolari da sforzo,89.44.00,1,,,,,,,
PUGLIA,LECCE - 160116,2024,II TRIMESTRE 2024,60,Esame audiometrico tonale,95.41.01,1020,164,38,38,84,83,24,24
PUGLIA,LECCE - 160116,2024,II TRIMESTRE 2024,61,Spirometria semplice,89.37.01,684,204,67,64,108,105,21,19
PUGLIA,LECCE - 160116,2024,II TRIMESTRE 2024,62,Spirometria globale,89.37.02,148,48,13,12,29,29,3,3
PUGLIA,LECCE - 160116,2024,II TRIMESTRE 2024,63,Fotografia del fundus,95.11.00,,,,,,,,
PUGLIA,LECCE - 160116,2024,II TRIMESTRE 2024,64,ELETTROMIOGRAFIA SEMPLICE [EMG] PER ARTO SUPERIORE. Analisi qualitativa fino a 6 muscoli. Non associabile a 93.09.1 e 93.09.2,93.08.01,1736,376,18,18,322,322,28,28
PUGLIA,LECCE - 160116,2024,II TRIMESTRE 2024,65,ELETTROMIOGRAFIA SEMPLICE [EMG] PER ARTO INFERIORE fino a 4 muscoli. Analisi qualitativa. Non associabile a 93.09.1 e 93.09.2,93.08.01,,,,,,,,
PUGLIA,LECCE - 160116,2024,II TRIMESTRE 2024,66 - 67,ELETTROMIOGRAFIA SEMPLICE [EMG] DEL CAPO fino a 4 muscoli. Analisi qualitativa. Escluso: EMG dell'occhio (95.25) e POLISONNOGRAFIA (89.17),93.08.01,,,,,,,,
PUGLIA,LECCE - 160116,2024,II TRIMESTRE 2024,,ELETTROMIOGRAFIA SEMPLICE [EMG] DEL TRONCO. Analisi qualitativa. Fino a 4 muscoli,,,,,,,,,
PUGLIA,LECCE - 160116,2024,II TRIMESTRE 2024,68,"VALUTAZIONE EMG DINAMICA DEL CAMMINO. Valutazione EMG di superficie o con elettrodi a filo (4 muscoli), associato ad esame basografico per la definizione delle fasi del passo. Non associabile a ANALISI DELLA CINEMATICA E DELLA DINAMICA DEL PASSO (93.05.7)",93.08.01,,,,,,,,
PUGLIA,LECCE - 160116,2024,II TRIMESTRE 2024,69,EMG DINAMICA DELL'ARTO SUPERIORE. Valutazione EMG di superficie o con elettrodi a filo (4 muscoli),93.08.01,,,,,,,,
PUGLIA,TARANTO - 160112,2024,II TRIMESTRE 2024,1,Prima Visita cardiologica,89.7,2757,476,195,169,252,214,29,29
PUGLIA,TARANTO - 160112,2024,II TRIMESTRE 2024,2,Prima Visita chirurgia vascolare,89.7,377,89,50,21,39,33,,
PUGLIA,TARANTO - 160112,2024,II TRIMESTRE 2024,3,Prima Visita endocrinologica,89.7,2603,694,258,129,292,262,141,141
PUGLIA,TARANTO - 160112,2024,II TRIMESTRE 2024,4,Prima Visita neurologica,89.13.00,1484,356,161,146,185,170,9,9
PUGLIA,TARANTO - 160112,2024,II TRIMESTRE 2024,5,Prima Visita oculistica,95.02.00,2834,797,114,105,214,196,464,464
PUGLIA,TARANTO - 160112,2024,II TRIMESTRE 2024,6,Prima Visita ortopedica,89.7,2031,233,88,63,139,123,6,6
PUGLIA,TARANTO - 160112,2024,II TRIMESTRE 2024,7,Prima Visita ginecologica,89.26.00,977,95,50,34,45,43,,
PUGLIA,TARANTO - 160112,2024,II TRIMESTRE 2024,8,Prima Visita otorinolaringoiatrica,89.7,2165,274,117,93,156,139,1,1
PUGLIA,TARANTO - 160112,2024,II TRIMESTRE 2024,9,Prima Visita urologica,89.7,1243,213,95,58,118,111,,
PUGLIA,TARANTO - 160112,2024,II TRIMESTRE 2024,10,Prima Visita dermatologica,89.7,2123,189,49,43,140,130,,
PUGLIA,TARANTO - 160112,2024,II TRIMESTRE 2024,11,Prima Visita fisiatrica,89.7,3920,1436,157,144,274,263,1003,1003
PUGLIA,TARANTO - 160112,2024,II TRIMESTRE 2024,12,Prima Visita gastroenterologica,89.7,293,84,48,48,36,35,,
PUGLIA,TARANTO - 160112,2024,II TRIMESTRE 2024,13,Prima Visita oncologica,89.7,965,125,85,80,32,32,8,8
PUGLIA,TARANTO - 160112,2024,II TRIMESTRE 2024,14,Prima Visita pneumologica,89.7,1638,373,207,167,149,120,17,17
PUGLIA,TARANTO - 160112,2024,II TRIMESTRE 2024,15,Mammografia bilaterale,87.37.01,1468,292,44,41,36,32,212,212
PUGLIA,TARANTO - 160112,2024,II TRIMESTRE 2024,16,Mammografia monolaterale,87.37.02,105,14,2,2,3,3,9,9
PUGLIA,TARANTO - 160112,2024,II TRIMESTRE 2024,17,TC del Torace,87.41.00,807,154,24,23,34,33,96,96
PUGLIA,TARANTO - 160112,2024,II TRIMESTRE 2024,18,TC del Torace senza e con MDC,87.41.01,1398,364,200,193,61,61,101,101
PUGLIA,TARANTO - 160112,2024,II TRIMESTRE 2024,19,TC dell’addome superiore,88.01.01,2,,,,,,,
PUGLIA,TARANTO - 160112,2024,II TRIMESTRE 2024,20,TC dell’addome superiore senza e con MDC,88.01.02,46,17,16,14,1,1,,
PUGLIA,TARANTO - 160112,2024,II TRIMESTRE 2024,21,TC dell’addome inferiore,88.01.03,3,,,,,,,
PUGLIA,TARANTO - 160112,2024,II TRIMESTRE 2024,22,TC dell’addome inferiore senza e con MDC,88.01.04,44,15,12,11,3,3,,
PUGLIA,TARANTO - 160112,2024,II TRIMESTRE 2024,23,TC dell’addome completo,88.01.05,106,13,3,2,1,,8,8
PUGLIA,TARANTO - 160112,2024,II TRIMESTRE 2024,24,TC dell’addome completo senza e con MDC,88.01.06,1342,377,217,212,58,58,97,97
PUGLIA,TARANTO - 160112,2024,II TRIMESTRE 2024,25,TC Cranio - encefalo,87.03.00,256,57,10,10,27,24,20,20
PUGLIA,TARANTO - 160112,2024,II TRIMESTRE 2024,26,TC Cranio - encefalo senza e con MDC,87.03.01,716,221,113,108,29,29,77,77
PUGLIA,TARANTO - 160112,2024,II TRIMESTRE 2024,27,TC del rachide e dello speco vertebrale cervicale,88.38.01,110,12,6,6,1,1,5,5
PUGLIA,TARANTO - 160112,2024,II TRIMESTRE 2024,28,TC del rachide e dello speco vertebrale toracico,88.38.01,,,,,,,,
PUGLIA,TARANTO - 160112,2024,II TRIMESTRE 2024,29,TC del rachide e dello speco vertebrale lombosacrale,88.38.01,,,,,,,,
PUGLIA,TARANTO - 160112,2024,II TRIMESTRE 2024,30,TC del rachide e dello speco vertebrale cervicale senza e con MDC,88.38.02,7,1,1,1,,,,
PUGLIA,TARANTO - 160112,2024,II TRIMESTRE 2024,31,TC del rachide e dello speco vertebrale toracico senza e con MDC,88.38.02,,,,,,,,
PUGLIA,TARANTO - 160112,2024,II TRIMESTRE 2024,32,TC del rachide e dello speco vertebrale lombosacrale senza e con MDC,88.38.02,,,,,,,,
PUGLIA,TARANTO - 160112,2024,II TRIMESTRE 2024,33,TC di Bacino e articolazioni sacroiliache,88.38.05,21,1,,,1,1,,
PUGLIA,TARANTO - 160112,2024,II TRIMESTRE 2024,34,"RM di encefalo e tronco encefalico, giunzione cranio spinale e relativo distretto vascolare",89.31.01,176,25,18,12,5,5,2,2
PUGLIA,TARANTO - 160112,2024,II TRIMESTRE 2024,35,"RM di encefalo e tronco encefalico, giunzione cranio spinale e relativo distretto vascolare senza e con MDC",89.31.02,328,116,84,83,19,17,11,11
PUGLIA,TARANTO - 160112,2024,II TRIMESTRE 2024,36,RM di addome inferiore e scavo pelvico,89.35.04,40,23,20,16,2,2,1,1
PUGLIA,TARANTO - 160112,2024,II TRIMESTRE 2024,37,RM di addome inferiore e scavo pelvico senza e con MDC,89.35.05,262,151,123,109,15,14,11,11
PUGLIA,TARANTO - 160112,2024,II TRIMESTRE 2024,38,RM della colonna in toto,89.33.00,1253,473,228,183,91,90,150,150
PUGLIA,TARANTO - 160112,2024,II TRIMESTRE 2024,39,RM della colonna in toto senza e con MDC,89.33.01,188,77,47,43,15,11,12,12
PUGLIA,TARANTO - 160112,2024,II TRIMESTRE 2024,40,Diagnostica ecografica del capo e del collo,89.11.04,1836,354,67,44,133,121,154,154
PUGLIA,TARANTO - 160112,2024,II TRIMESTRE 2024,41,Eco (color) dopplergrafia cardiaca,89.12.03,547,86,17,12,34,28,35,35
PUGLIA,TARANTO - 160112,2024,II TRIMESTRE 2024,42,Eco (color) dopplergrafia dei tronchi sovra aortici,89.13.05,2386,710,67,38,147,125,496,496
PUGLIA,TARANTO - 160112,2024,II TRIMESTRE 2024,43,Ecografia dell’addome superiore,89.14.01,380,104,16,12,37,35,50,50
PUGLIA,TARANTO - 160112,2024,II TRIMESTRE 2024,44,Ecografia dell’addome inferiore,89.15.01,295,30,9,7,14,13,7,7
PUGLIA,TARANTO - 160112,2024,II TRIMESTRE 2024,45,Ecografia dell’addome completo,89.16.01,2669,994,203,152,239,229,550,550
PUGLIA,TARANTO - 160112,2024,II TRIMESTRE 2024,46,Ecografia bilaterale della mammella,89.13.01,1136,222,39,35,49,46,134,134
PUGLIA,TARANTO - 160112,2024,II TRIMESTRE 2024,47,Ecografia monolaterale della mammella,89.13.02,43,6,3,3,2,2,1,1
PUGLIA,TARANTO - 160112,2024,II TRIMESTRE 2024,48,Ecografia ostetrica,89.18.00,359,29,11,10,18,17,,
PUGLIA,TARANTO - 160112,2024,II TRIMESTRE 2024,49,Ecografia ginecologica,89.18.02,66,8,5,5,3,3,,
PUGLIA,TARANTO - 160112,2024,II TRIMESTRE 2024,50,Ecocolor doppler degli arti inferiori arterioso e/o venoso,89.17.02,1739,504,135,121,108,103,255,255
PUGLIA,TARANTO - 160112,2024,II TRIMESTRE 2024,51,Colonscopia totale con endoscopio flessibile,45.23.00,489,108,52,39,54,51,2,2
PUGLIA,TARANTO - 160112,2024,II TRIMESTRE 2024,52,Polipectomia dell’intestino crasso in corso di endoscopia sede unica,45.42.00,52,17,16,16,1,1,,
PUGLIA,TARANTO - 160112,2024,II TRIMESTRE 2024,53,Rettosigmoidoscopia con endoscopio flessibile,45.24.00,3,,,,,,,
PUGLIA,TARANTO - 160112,2024,II TRIMESTRE 2024,54,Esofagogastroduodenoscopia,45.13.00,483,108,27,23,62,54,17,17
PUGLIA,TARANTO - 160112,2024,II TRIMESTRE 2024,55,Esofagogastroduodenoscopia con biopsia in sede unica,45.16.00,422,130,34,33,71,65,25,25
PUGLIA,TARANTO - 160112,2024,II TRIMESTRE 2024,56,Elettrocardiogramma,89.52.00,3170,425,156,134,239,206,30,30
PUGLIA,TARANTO - 160112,2024,II TRIMESTRE 2024,57,Elettrocardiogramma dinamico (Holter),89.50.00,730,228,93,90,54,45,79,79
PUGLIA,TARANTO - 160112,2024,II TRIMESTRE 2024,58,Test cardiovascolare da sforzo con cicloergometro o con pedana mobile,89.41 - 89.43,294,44,23,22,16,12,4,4
PUGLIA,TARANTO - 160112,2024,II TRIMESTRE 2024,59,Altri test cardiovascolari da sforzo,89.44.00,,,,,,,,
PUGLIA,TARANTO - 160112,2024,II TRIMESTRE 2024,60,Esame audiometrico tonale,95.41.01,1574,66,18,9,48,42,,
PUGLIA,TARANTO - 160112,2024,II TRIMESTRE 2024,61,Spirometria semplice,89.37.01,925,122,39,23,74,68,9,9
PUGLIA,TARANTO - 160112,2024,II TRIMESTRE 2024,62,Spirometria globale,89.37.02,387,41,14,10,22,16,5,5
PUGLIA,TARANTO - 160112,2024,II TRIMESTRE 2024,63,Fotografia del fundus,95.11.00,1,,,,,,,
PUGLIA,TARANTO - 160112,2024,II TRIMESTRE 2024,64,ELETTROMIOGRAFIA SEMPLICE [EMG] PER ARTO SUPERIORE. Analisi qualitativa fino a 6 muscoli. Non associabile a 93.09.1 e 93.09.2,93.08.01,335,41,25,25,4,4,12,12
PUGLIA,TARANTO - 160112,2024,II TRIMESTRE 2024,65,ELETTROMIOGRAFIA SEMPLICE [EMG] PER ARTO INFERIORE fino a 4 muscoli. Analisi qualitativa. Non associabile a 93.09.1 e 93.09.2,93.08.01,,,,,,,,
PUGLIA,TARANTO - 160112,2024,II TRIMESTRE 2024,66 - 67,ELETTROMIOGRAFIA SEMPLICE [EMG] DEL CAPO fino a 4 muscoli. Analisi qualitativa. Escluso: EMG dell'occhio (95.25) e POLISONNOGRAFIA (89.17),93.08.01,,,,,,,,
PUGLIA,TARANTO - 160112,2024,II TRIMESTRE 2024,,ELETTROMIOGRAFIA SEMPLICE [EMG] DEL TRONCO. Analisi qualitativa. Fino a 4 muscoli,,,,,,,,,
PUGLIA,TARANTO - 160112,2024,II TRIMESTRE 2024,68,"VALUTAZIONE EMG DINAMICA DEL CAMMINO. Valutazione EMG di superficie o con elettrodi a filo (4 muscoli), associato ad esame basografico per la definizione delle fasi del passo. Non associabile a ANALISI DELLA CINEMATICA E DELLA DINAMICA DEL PASSO (93.05.7)",93.08.01,,,,,,,,
PUGLIA,TARANTO - 160112,2024,II TRIMESTRE 2024,69,EMG DINAMICA DELL'ARTO SUPERIORE. Valutazione EMG di superficie o con elettrodi a filo (4 muscoli),93.08.01,,,,,,,,