CODICE STS,DESCRIZIONE STS,CODICE CATALOGO,DESCRZIONE CATALOGO,GG ATTESA MEDI,MESE,ANNO
000253,VILLADOSSOLA,897.14,Visita otorinolaringoiatrica,14,1,2024
000253,VILLADOSSOLA,897.14,Visita otorinolaringoiatrica,15,2,2024
000253,VILLADOSSOLA,897.14,Visita otorinolaringoiatrica,35,3,2024
000253,VILLADOSSOLA,897.14,Visita otorinolaringoiatrica,36,4,2024
000253,VILLADOSSOLA,897.14,Visita otorinolaringoiatrica,15,5,2024
000253,VILLADOSSOLA,897.14,Visita otorinolaringoiatrica,92,6,2024
000253,VILLADOSSOLA,897.14,Visita otorinolaringoiatrica,78,7,2024
000253,VILLADOSSOLA,897.14,Visita otorinolaringoiatrica,71,8,2024
000253,VILLADOSSOLA,897.14,Visita otorinolaringoiatrica,71,9,2024
000253,VILLADOSSOLA,897.18,Visita urologica,6,1,2024
000253,VILLADOSSOLA,897.18,Visita urologica,7,2,2024
000253,VILLADOSSOLA,897.18,Visita urologica,6,3,2024
000253,VILLADOSSOLA,897.18,Visita urologica,7,4,2024
000253,VILLADOSSOLA,897.18,Visita urologica,8,5,2024
000253,VILLADOSSOLA,897.18,Visita urologica,7,6,2024
000253,VILLADOSSOLA,897.18,Visita urologica,1,7,2024
000253,VILLADOSSOLA,897.18,Visita urologica,7,8,2024
000253,VILLADOSSOLA,897.18,Visita urologica,7,9,2024
000253,VILLADOSSOLA,897.19,Visita dermatologica,148,1,2024
000253,VILLADOSSOLA,897.19,Visita dermatologica,156,2,2024
000253,VILLADOSSOLA,897.19,Visita dermatologica,148,3,2024
000253,VILLADOSSOLA,897.19,Visita dermatologica,135,4,2024
000253,VILLADOSSOLA,897.19,Visita dermatologica,156,5,2024
000253,VILLADOSSOLA,897.19,Visita dermatologica,177,6,2024
000253,VILLADOSSOLA,897.19,Visita dermatologica,191,7,2024
000253,VILLADOSSOLA,897.19,Visita dermatologica,191,8,2024
000253,VILLADOSSOLA,897.19,Visita dermatologica,170,9,2024
000254,STRESA,897.18,Visita urologica,16,1,2024
000254,STRESA,897.18,Visita urologica,24,2,2024
000254,STRESA,897.18,Visita urologica,9,3,2024
000254,STRESA,897.18,Visita urologica,24,4,2024
000254,STRESA,897.18,Visita urologica,17,5,2024
000254,STRESA,897.18,Visita urologica,3,6,2024
000254,STRESA,897.18,Visita urologica,31,7,2024
000254,STRESA,897.18,Visita urologica,17,8,2024
000254,STRESA,897.18,Visita urologica,24,9,2024
000254,STRESA,897.19,Visita dermatologica,48,1,2024
000254,STRESA,897.19,Visita dermatologica,21,2,2024
000254,STRESA,897.19,Visita dermatologica,21,3,2024
000254,STRESA,897.19,Visita dermatologica,52,4,2024
000254,STRESA,897.19,Visita dermatologica,16,5,2024
000254,STRESA,897.19,Visita dermatologica,73,6,2024
000254,STRESA,897.19,Visita dermatologica,78,7,2024
000254,STRESA,897.19,Visita dermatologica,92,8,2024
000254,STRESA,897.19,Visita dermatologica,99,9,2024
000254,STRESA,95.41.1,Esame audiometrico tonale,11,2,2024
000254,STRESA,95.41.1,Esame audiometrico tonale,10,3,2024
000254,STRESA,95.41.1,Esame audiometrico tonale,4,4,2024
000254,STRESA,95.41.1,Esame audiometrico tonale,11,5,2024
000254,STRESA,95.41.1,Esame audiometrico tonale,11,6,2024
000254,STRESA,95.41.1,Esame audiometrico tonale,11,7,2024
000254,STRESA,95.41.1,Esame audiometrico tonale,18,8,2024
000254,STRESA,95.41.1,Esame audiometrico tonale,18,9,2024
000254,STRESA,9502.0,Visita oculistica,189,1,2024
000254,STRESA,9502.0,Visita oculistica,205,2,2024
000254,STRESA,9502.0,Visita oculistica,218,3,2024
000254,STRESA,9502.0,Visita oculistica,247,4,2024
000254,STRESA,9502.0,Visita oculistica,252,5,2024
000254,STRESA,9502.0,Visita oculistica,246,6,2024
000254,STRESA,9502.0,Visita oculistica,252,7,2024
000254,STRESA,9502.0,Visita oculistica,240,8,2024
000254,STRESA,9502.0,Visita oculistica,254,9,2024
000256,VERBANIA,45.13,Esofagogastroduodenoscopia (EGD),119,1,2024
000256,VERBANIA,45.13,Esofagogastroduodenoscopia (EGD),106,2,2024
000256,VERBANIA,45.13,Esofagogastroduodenoscopia (EGD),246,3,2024
000256,VERBANIA,45.13,Esofagogastroduodenoscopia (EGD),246,4,2024
000256,VERBANIA,45.13,Esofagogastroduodenoscopia (EGD),225,5,2024
000256,VERBANIA,45.13,Esofagogastroduodenoscopia (EGD),211,6,2024
000256,VERBANIA,45.13,Esofagogastroduodenoscopia (EGD),197,7,2024
000256,VERBANIA,45.13,Esofagogastroduodenoscopia (EGD),303,8,2024
000256,VERBANIA,45.13,Esofagogastroduodenoscopia (EGD),135,9,2024
000256,VERBANIA,45.23,Colonscopia con endoscopio flessibile,119,1,2024
000256,VERBANIA,45.23,Colonscopia con endoscopio flessibile,106,2,2024
000256,VERBANIA,45.23,Colonscopia con endoscopio flessibile,259,3,2024
000256,VERBANIA,45.23,Colonscopia con endoscopio flessibile,242,4,2024
000256,VERBANIA,45.23,Colonscopia con endoscopio flessibile,226,5,2024
000256,VERBANIA,45.23,Colonscopia con endoscopio flessibile,212,6,2024
000256,VERBANIA,45.23,Colonscopia con endoscopio flessibile,196,7,2024
000256,VERBANIA,45.23,Colonscopia con endoscopio flessibile,210,8,2024
000256,VERBANIA,45.23,Colonscopia con endoscopio flessibile,127,9,2024
000256,VERBANIA,45.24,Sigmoidoscopia con endoscopio flessibile,36,1,2024
000256,VERBANIA,45.24,Sigmoidoscopia con endoscopio flessibile,5,2,2024
000256,VERBANIA,45.24,Sigmoidoscopia con endoscopio flessibile,99,3,2024
000256,VERBANIA,45.24,Sigmoidoscopia con endoscopio flessibile,12,4,2024
000256,VERBANIA,45.24,Sigmoidoscopia con endoscopio flessibile,98,5,2024
000256,VERBANIA,45.24,Sigmoidoscopia con endoscopio flessibile,121,6,2024
000256,VERBANIA,45.24,Sigmoidoscopia con endoscopio flessibile,12,7,2024
000256,VERBANIA,45.24,Sigmoidoscopia con endoscopio flessibile,114,8,2024
000256,VERBANIA,45.24,Sigmoidoscopia con endoscopio flessibile,128,9,2024
000256,VERBANIA,45.42,Polipectomia endoscopica intestino crasso,360,1,2024
000256,VERBANIA,45.42,Polipectomia endoscopica intestino crasso,112,2,2024
000256,VERBANIA,45.42,Polipectomia endoscopica intestino crasso,259,3,2024
000256,VERBANIA,45.42,Polipectomia endoscopica intestino crasso,242,4,2024
000256,VERBANIA,45.42,Polipectomia endoscopica intestino crasso,226,5,2024
000256,VERBANIA,45.42,Polipectomia endoscopica intestino crasso,379,6,2024
000256,VERBANIA,45.42,Polipectomia endoscopica intestino crasso,12,7,2024
000256,VERBANIA,45.42,Polipectomia endoscopica intestino crasso,210,8,2024
000256,VERBANIA,45.42,Polipectomia endoscopica intestino crasso,127,9,2024
000256,VERBANIA,87.37.1,Mammografia bilaterale, in 2 proiezioni,79,1,2024
000256,VERBANIA,87.37.1,Mammografia bilaterale, in 2 proiezioni,94,2,2024
000256,VERBANIA,87.37.1,Mammografia bilaterale, in 2 proiezioni,79,3,2024
000256,VERBANIA,87.37.1,Mammografia bilaterale, in 2 proiezioni,73,4,2024
000256,VERBANIA,87.37.1,Mammografia bilaterale, in 2 proiezioni,129,5,2024
000256,VERBANIA,87.37.1,Mammografia bilaterale, in 2 proiezioni,136,6,2024
000256,VERBANIA,87.37.1,Mammografia bilaterale, in 2 proiezioni,129,7,2024
000256,VERBANIA,87.37.1,Mammografia bilaterale, in 2 proiezioni,157,8,2024
000256,VERBANIA,87.37.1,Mammografia bilaterale, in 2 proiezioni,150,9,2024
000256,VERBANIA,87.37.2,Mammografia monolaterale, in 2 proiezioni,79,1,2024
000256,VERBANIA,87.37.2,Mammografia monolaterale, in 2 proiezioni,94,2,2024
000256,VERBANIA,87.37.2,Mammografia monolaterale, in 2 proiezioni,79,3,2024
000256,VERBANIA,87.37.2,Mammografia monolaterale, in 2 proiezioni,73,4,2024
000256,VERBANIA,87.37.2,Mammografia monolaterale, in 2 proiezioni,129,5,2024
000256,VERBANIA,87.37.2,Mammografia monolaterale, in 2 proiezioni,136,6,2024
000256,VERBANIA,87.37.2,Mammografia monolaterale, in 2 proiezioni,129,7,2024
000256,VERBANIA,87.37.2,Mammografia monolaterale, in 2 proiezioni,157,8,2024
000256,VERBANIA,87.37.2,Mammografia monolaterale, in 2 proiezioni,150,9,2024
000256,VERBANIA,87.41.1,Tac del torace, senza e con contrasto,206,1,2024
000256,VERBANIA,87.41.1,Tac del torace, senza e con contrasto,217,2,2024
000256,VERBANIA,87.41.1,Tac del torace, senza e con contrasto,233,3,2024
000256,VERBANIA,87.41.1,Tac del torace, senza e con contrasto,225,4,2024
000256,VERBANIA,87.41.1,Tac del torace, senza e con contrasto,227,5,2024
000256,VERBANIA,87.41.1,Tac del torace, senza e con contrasto,231,6,2024
000256,VERBANIA,87.41.1,Tac del torace, senza e con contrasto,245,7,2024
000256,VERBANIA,87.41.1,Tac del torace, senza e con contrasto,239,8,2024
000256,VERBANIA,87.41.1,Tac del torace, senza e con contrasto,234,9,2024
000256,VERBANIA,8703.0,Tac della sella turcica e orbite,206,1,2024
000256,VERBANIA,8703.0,Tac della sella turcica e orbite,217,2,2024
000256,VERBANIA,8703.0,Tac della sella turcica e orbite,237,3,2024
000256,VERBANIA,8703.0,Tac della sella turcica e orbite,226,4,2024
000256,VERBANIA,8703.0,Tac della sella turcica e orbite,231,5,2024
000256,VERBANIA,8703.0,Tac della sella turcica e orbite,231,6,2024
000256,VERBANIA,8703.0,Tac della sella turcica e orbite,245,7,2024
000256,VERBANIA,8703.0,Tac della sella turcica e orbite,240,8,2024
000256,VERBANIA,8703.0,Tac della sella turcica e orbite,238,9,2024
000256,VERBANIA,8703.1,Tac del cranio,147,1,2024
000256,VERBANIA,8703.1,Tac del cranio,130,2,2024
000256,VERBANIA,8703.1,Tac del cranio,146,3,2024
000256,VERBANIA,8703.1,Tac del cranio,119,4,2024
000256,VERBANIA,8703.1,Tac del cranio,130,5,2024
000256,VERBANIA,8703.1,Tac del cranio,128,6,2024
000256,VERBANIA,8703.1,Tac del cranio,155,7,2024
000256,VERBANIA,8703.1,Tac del cranio,171,8,2024
000256,VERBANIA,8703.1,Tac del cranio,182,9,2024
000256,VERBANIA,87031.0,Tac della sella turcica e orbite, senza e con contrasto,206,1,2024
000256,VERBANIA,87031.0,Tac della sella turcica e orbite, senza e con contrasto,217,2,2024
000256,VERBANIA,87031.0,Tac della sella turcica e orbite, senza e con contrasto,237,3,2024
000256,VERBANIA,87031.0,Tac della sella turcica e orbite, senza e con contrasto,225,4,2024
000256,VERBANIA,87031.0,Tac della sella turcica e orbite, senza e con contrasto,227,5,2024
000256,VERBANIA,87031.0,Tac della sella turcica e orbite, senza e con contrasto,231,6,2024
000256,VERBANIA,87031.0,Tac della sella turcica e orbite, senza e con contrasto,245,7,2024
000256,VERBANIA,87031.0,Tac della sella turcica e orbite, senza e con contrasto,239,8,2024
000256,VERBANIA,87031.0,Tac della sella turcica e orbite, senza e con contrasto,234,9,2024
000256,VERBANIA,87031.1,Tac del cranio, senza e con contrasto,206,1,2024
000256,VERBANIA,87031.1,Tac del cranio, senza e con contrasto,217,2,2024
000256,VERBANIA,87031.1,Tac del cranio, senza e con contrasto,146,3,2024
000256,VERBANIA,87031.1,Tac del cranio, senza e con contrasto,225,4,2024
000256,VERBANIA,87031.1,Tac del cranio, senza e con contrasto,227,5,2024
000256,VERBANIA,87031.1,Tac del cranio, senza e con contrasto,231,6,2024
000256,VERBANIA,87031.1,Tac del cranio, senza e con contrasto,245,7,2024
000256,VERBANIA,87031.1,Tac del cranio, senza e con contrasto,239,8,2024
000256,VERBANIA,87031.1,Tac del cranio, senza e con contrasto,234,9,2024
000256,VERBANIA,8741.0,Tac del torace,206,1,2024
000256,VERBANIA,8741.0,Tac del torace,217,2,2024
000256,VERBANIA,8741.0,Tac del torace,233,3,2024
000256,VERBANIA,8741.0,Tac del torace,225,4,2024
000256,VERBANIA,8741.0,Tac del torace,227,5,2024
000256,VERBANIA,8741.0,Tac del torace,231,6,2024
000256,VERBANIA,8741.0,Tac del torace,245,7,2024
000256,VERBANIA,8741.0,Tac del torace,239,8,2024
000256,VERBANIA,8741.0,Tac del torace,234,9,2024
000256,VERBANIA,8741.1,Tac del torace ad alta risoluzione,206,1,2024
000256,VERBANIA,8741.1,Tac del torace ad alta risoluzione,217,2,2024
000256,VERBANIA,8741.1,Tac del torace ad alta risoluzione,223,3,2024
000256,VERBANIA,8741.1,Tac del torace ad alta risoluzione,225,4,2024
000256,VERBANIA,8741.1,Tac del torace ad alta risoluzione,227,5,2024
000256,VERBANIA,8741.1,Tac del torace ad alta risoluzione,231,6,2024
000256,VERBANIA,8741.1,Tac del torace ad alta risoluzione,245,7,2024
000256,VERBANIA,8741.1,Tac del torace ad alta risoluzione,239,8,2024
000256,VERBANIA,8741.1,Tac del torace ad alta risoluzione,234,9,2024
000256,VERBANIA,88.01.1,Tac dell'addome superiore,146,1,2024
000256,VERBANIA,88.01.1,Tac dell'addome superiore,130,2,2024
000256,VERBANIA,88.01.1,Tac dell'addome superiore,146,3,2024
000256,VERBANIA,88.01.1,Tac dell'addome superiore,119,4,2024
000256,VERBANIA,88.01.1,Tac dell'addome superiore,130,5,2024
000256,VERBANIA,88.01.1,Tac dell'addome superiore,128,6,2024
000256,VERBANIA,88.01.1,Tac dell'addome superiore,155,7,2024
000256,VERBANIA,88.01.1,Tac dell'addome superiore,171,8,2024
000256,VERBANIA,88.01.1,Tac dell'addome superiore,182,9,2024
000256,VERBANIA,88.01.2,Tac dell'addome superiore, senza e con contrasto,206,1,2024
000256,VERBANIA,88.01.2,Tac dell'addome superiore, senza e con contrasto,217,2,2024
000256,VERBANIA,88.01.2,Tac dell'addome superiore, senza e con contrasto,233,3,2024
000256,VERBANIA,88.01.2,Tac dell'addome superiore, senza e con contrasto,225,4,2024
000256,VERBANIA,88.01.2,Tac dell'addome superiore, senza e con contrasto,227,5,2024
000256,VERBANIA,88.01.2,Tac dell'addome superiore, senza e con contrasto,231,6,2024
000256,VERBANIA,88.01.2,Tac dell'addome superiore, senza e con contrasto,245,7,2024
000256,VERBANIA,88.01.2,Tac dell'addome superiore, senza e con contrasto,239,8,2024
000256,VERBANIA,88.01.2,Tac dell'addome superiore, senza e con contrasto,234,9,2024
000256,VERBANIA,88.01.3,Tac dell'addome inferiore,206,1,2024
000256,VERBANIA,88.01.3,Tac dell'addome inferiore,217,2,2024
000256,VERBANIA,88.01.3,Tac dell'addome inferiore,233,3,2024
000256,VERBANIA,88.01.3,Tac dell'addome inferiore,225,4,2024
000256,VERBANIA,88.01.3,Tac dell'addome inferiore,227,5,2024
000256,VERBANIA,88.01.3,Tac dell'addome inferiore,231,6,2024
000256,VERBANIA,88.01.3,Tac dell'addome inferiore,245,7,2024
000256,VERBANIA,88.01.3,Tac dell'addome inferiore,239,8,2024
000256,VERBANIA,88.01.3,Tac dell'addome inferiore,234,9,2024
000256,VERBANIA,88.01.4,Tac dell'addome inferiore, senza e con contrasto,206,1,2024
000256,VERBANIA,88.01.4,Tac dell'addome inferiore, senza e con contrasto,217,2,2024
000256,VERBANIA,88.01.4,Tac dell'addome inferiore, senza e con contrasto,233,3,2024
000256,VERBANIA,88.01.4,Tac dell'addome inferiore, senza e con contrasto,225,4,2024
000256,VERBANIA,88.01.4,Tac dell'addome inferiore, senza e con contrasto,227,5,2024
000256,VERBANIA,88.01.4,Tac dell'addome inferiore, senza e con contrasto,231,6,2024
000256,VERBANIA,88.01.4,Tac dell'addome inferiore, senza e con contrasto,245,7,2024
000256,VERBANIA,88.01.4,Tac dell'addome inferiore, senza e con contrasto,239,8,2024
000256,VERBANIA,88.01.4,Tac dell'addome inferiore, senza e con contrasto,234,9,2024
000256,VERBANIA,88.01.5,Tac dell'addome completo,206,1,2024
000256,VERBANIA,88.01.5,Tac dell'addome completo,217,2,2024
000256,VERBANIA,88.01.5,Tac dell'addome completo,233,3,2024
000256,VERBANIA,88.01.5,Tac dell'addome completo,225,4,2024
000256,VERBANIA,88.01.5,Tac dell'addome completo,227,5,2024
000256,VERBANIA,88.01.5,Tac dell'addome completo,231,6,2024
000256,VERBANIA,88.01.5,Tac dell'addome completo,245,7,2024
000256,VERBANIA,88.01.5,Tac dell'addome completo,239,8,2024
000256,VERBANIA,88.01.5,Tac dell'addome completo,234,9,2024
000256,VERBANIA,88.01.6,Tac dell'addome completo, senza e con contrasto,206,1,2024
000256,VERBANIA,88.01.6,Tac dell'addome completo, senza e con contrasto,217,2,2024
000256,VERBANIA,88.01.6,Tac dell'addome completo, senza e con contrasto,233,3,2024
000256,VERBANIA,88.01.6,Tac dell'addome completo, senza e con contrasto,225,4,2024
000256,VERBANIA,88.01.6,Tac dell'addome completo, senza e con contrasto,227,5,2024
000256,VERBANIA,88.01.6,Tac dell'addome completo, senza e con contrasto,231,6,2024
000256,VERBANIA,88.01.6,Tac dell'addome completo, senza e con contrasto,245,7,2024
000256,VERBANIA,88.01.6,Tac dell'addome completo, senza e con contrasto,239,8,2024
000256,VERBANIA,88.01.6,Tac dell'addome completo, senza e con contrasto,234,9,2024
000256,VERBANIA,88.38.5,Tac del bacino e articolazioni sacro-iliache,206,1,2024
000256,VERBANIA,88.72.6,Ecocardiografia,59,1,2024
000256,VERBANIA,88.72.6,Ecocardiografia,99,2,2024
000256,VERBANIA,88.72.6,Ecocardiografia,42,3,2024
000256,VERBANIA,88.72.6,Ecocardiografia,19,4,2024
000256,VERBANIA,88.72.6,Ecocardiografia,211,5,2024
000256,VERBANIA,88.72.6,Ecocardiografia,191,6,2024
000256,VERBANIA,88.72.6,Ecocardiografia,74,7,2024
000256,VERBANIA,88.72.6,Ecocardiografia,16,8,2024
000256,VERBANIA,88.72.6,Ecocardiografia,39,9,2024
000256,VERBANIA,88.73.5,Eco(color)doppler dei tronchi sovraortici,164,1,2024
000256,VERBANIA,88.73.5,Eco(color)doppler dei tronchi sovraortici,200,2,2024
000256,VERBANIA,88.73.5,Eco(color)doppler dei tronchi sovraortici,232,3,2024
000256,VERBANIA,88.73.5,Eco(color)doppler dei tronchi sovraortici,235,4,2024
000256,VERBANIA,88.73.5,Eco(color)doppler dei tronchi sovraortici,219,5,2024
000256,VERBANIA,88.73.5,Eco(color)doppler dei tronchi sovraortici,219,6,2024
000256,VERBANIA,88.73.5,Eco(color)doppler dei tronchi sovraortici,16,7,2024
000256,VERBANIA,88.73.5,Eco(color)doppler dei tronchi sovraortici,30,8,2024
000256,VERBANIA,88.73.5,Eco(color)doppler dei tronchi sovraortici,44,9,2024
000256,VERBANIA,88.78,Ecografia ostetrica,2,1,2024
000256,VERBANIA,88.78,Ecografia ostetrica,3,2,2024
000256,VERBANIA,88.78,Ecografia ostetrica,2,3,2024
000256,VERBANIA,88.78,Ecografia ostetrica,10,4,2024
000256,VERBANIA,88.78,Ecografia ostetrica,10,5,2024
000256,VERBANIA,88.78,Ecografia ostetrica,3,6,2024
000256,VERBANIA,88.78,Ecografia ostetrica,38,7,2024
000256,VERBANIA,88.78,Ecografia ostetrica,3,8,2024
000256,VERBANIA,88.78,Ecografia ostetrica,3,9,2024
000256,VERBANIA,88.78.2,Ecografia ginecologica,10,1,2024
000256,VERBANIA,88.78.2,Ecografia ginecologica,3,2,2024
000256,VERBANIA,88.78.2,Ecografia ginecologica,10,3,2024
000256,VERBANIA,88.78.2,Ecografia ginecologica,10,4,2024
000256,VERBANIA,88.78.2,Ecografia ginecologica,18,5,2024
000256,VERBANIA,88.78.2,Ecografia ginecologica,18,6,2024
000256,VERBANIA,88.78.2,Ecografia ginecologica,11,7,2024
000256,VERBANIA,88.78.2,Ecografia ginecologica,18,8,2024
000256,VERBANIA,88.78.2,Ecografia ginecologica,11,9,2024
000256,VERBANIA,88381.0,Tac del rachide cervicale e dello speco vertebrale,146,1,2024
000256,VERBANIA,88381.0,Tac del rachide cervicale e dello speco vertebrale,130,2,2024
000256,VERBANIA,88381.0,Tac del rachide cervicale e dello speco vertebrale,146,3,2024
000256,VERBANIA,88381.0,Tac del rachide cervicale e dello speco vertebrale,119,4,2024
000256,VERBANIA,88381.0,Tac del rachide cervicale e dello speco vertebrale,130,5,2024
000256,VERBANIA,88381.0,Tac del rachide cervicale e dello speco vertebrale,128,6,2024
000256,VERBANIA,88381.0,Tac del rachide cervicale e dello speco vertebrale,155,7,2024
000256,VERBANIA,88381.0,Tac del rachide cervicale e dello speco vertebrale,171,8,2024
000256,VERBANIA,88381.0,Tac del rachide cervicale e dello speco vertebrale,182,9,2024
000256,VERBANIA,88381.1,Tac del rachide dorsale e dello speco vertebrale,146,1,2024
000256,VERBANIA,88381.1,Tac del rachide dorsale e dello speco vertebrale,130,2,2024
000256,VERBANIA,88381.1,Tac del rachide dorsale e dello speco vertebrale,146,3,2024
000256,VERBANIA,88381.1,Tac del rachide dorsale e dello speco vertebrale,119,4,2024
000256,VERBANIA,88381.1,Tac del rachide dorsale e dello speco vertebrale,130,5,2024
000256,VERBANIA,88381.1,Tac del rachide dorsale e dello speco vertebrale,128,6,2024
000256,VERBANIA,88381.1,Tac del rachide dorsale e dello speco vertebrale,155,7,2024
000256,VERBANIA,88381.1,Tac del rachide dorsale e dello speco vertebrale,171,8,2024
000256,VERBANIA,88381.1,Tac del rachide dorsale e dello speco vertebrale,182,9,2024
000256,VERBANIA,88381.2,Tac del lombo - sacrale e dello speco vertebrale,146,1,2024
000256,VERBANIA,88381.2,Tac del lombo - sacrale e dello speco vertebrale,130,2,2024
000256,VERBANIA,88381.2,Tac del lombo - sacrale e dello speco vertebrale,146,3,2024
000256,VERBANIA,88381.2,Tac del lombo - sacrale e dello speco vertebrale,119,4,2024
000256,VERBANIA,88381.2,Tac del lombo - sacrale e dello speco vertebrale,130,5,2024
000256,VERBANIA,88381.2,Tac del lombo - sacrale e dello speco vertebrale,128,6,2024
000256,VERBANIA,88381.2,Tac del lombo - sacrale e dello speco vertebrale,155,7,2024
000256,VERBANIA,88381.2,Tac del lombo - sacrale e dello speco vertebrale,171,8,2024
000256,VERBANIA,88381.2,Tac del lombo - sacrale e dello speco vertebrale,182,9,2024
000256,VERBANIA,88382.0,Tac del rachide cervicale e dello speco vertebrale, senza e con contrasto,206,1,2024
000256,VERBANIA,88382.0,Tac del rachide cervicale e dello speco vertebrale, senza e con contrasto,217,2,2024
000256,VERBANIA,88382.0,Tac del rachide cervicale e dello speco vertebrale, senza e con contrasto,233,3,2024
000256,VERBANIA,88382.0,Tac del rachide cervicale e dello speco vertebrale, senza e con contrasto,225,4,2024
000256,VERBANIA,88382.0,Tac del rachide cervicale e dello speco vertebrale, senza e con contrasto,226,5,2024
000256,VERBANIA,88382.0,Tac del rachide cervicale e dello speco vertebrale, senza e con contrasto,231,6,2024
000256,VERBANIA,88382.0,Tac del rachide cervicale e dello speco vertebrale, senza e con contrasto,245,7,2024
000256,VERBANIA,88382.0,Tac del rachide cervicale e dello speco vertebrale, senza e con contrasto,239,8,2024
000256,VERBANIA,88382.0,Tac del rachide cervicale e dello speco vertebrale, senza e con contrasto,234,9,2024
000256,VERBANIA,88382.1,Tac del rachide dorsale e dello speco vertebrale, senza e con contrasto,206,1,2024
000256,VERBANIA,88382.1,Tac del rachide dorsale e dello speco vertebrale, senza e con contrasto,217,2,2024
000256,VERBANIA,88382.1,Tac del rachide dorsale e dello speco vertebrale, senza e con contrasto,233,3,2024
000256,VERBANIA,88382.1,Tac del rachide dorsale e dello speco vertebrale, senza e con contrasto,225,4,2024
000256,VERBANIA,88382.1,Tac del rachide dorsale e dello speco vertebrale, senza e con contrasto,227,5,2024
000256,VERBANIA,88382.1,Tac del rachide dorsale e dello speco vertebrale, senza e con contrasto,231,6,2024
000256,VERBANIA,88382.1,Tac del rachide dorsale e dello speco vertebrale, senza e con contrasto,245,7,2024
000256,VERBANIA,88382.1,Tac del rachide dorsale e dello speco vertebrale, senza e con contrasto,239,8,2024
000256,VERBANIA,88382.1,Tac del rachide dorsale e dello speco vertebrale, senza e con contrasto,234,9,2024
000256,VERBANIA,88382.2,Tac del lombo - sacrale e dello speco vertebrale, senza e con contrasto,206,1,2024
000256,VERBANIA,88382.2,Tac del lombo - sacrale e dello speco vertebrale, senza e con contrasto,217,2,2024
000256,VERBANIA,88382.2,Tac del lombo - sacrale e dello speco vertebrale, senza e con contrasto,233,3,2024
000256,VERBANIA,88382.2,Tac del lombo - sacrale e dello speco vertebrale, senza e con contrasto,225,4,2024
000256,VERBANIA,88382.2,Tac del lombo - sacrale e dello speco vertebrale, senza e con contrasto,227,5,2024
000256,VERBANIA,88382.2,Tac del lombo - sacrale e dello speco vertebrale, senza e con contrasto,231,6,2024
000256,VERBANIA,88382.2,Tac del lombo - sacrale e dello speco vertebrale, senza e con contrasto,245,7,2024
000256,VERBANIA,88382.2,Tac del lombo - sacrale e dello speco vertebrale, senza e con contrasto,239,8,2024
000256,VERBANIA,88382.2,Tac del lombo - sacrale e dello speco vertebrale, senza e con contrasto,234,9,2024
000256,VERBANIA,88714.0,Ecografia del collo per linfonodi,518,1,2024
000256,VERBANIA,88714.0,Ecografia del collo per linfonodi,491,2,2024
000256,VERBANIA,88714.0,Ecografia del collo per linfonodi,462,3,2024
000256,VERBANIA,88714.0,Ecografia del collo per linfonodi,428,4,2024
000256,VERBANIA,88714.0,Ecografia del collo per linfonodi,407,5,2024
000256,VERBANIA,88714.0,Ecografia del collo per linfonodi,414,6,2024
000256,VERBANIA,88714.0,Ecografia del collo per linfonodi,393,7,2024
000256,VERBANIA,88714.0,Ecografia del collo per linfonodi,407,8,2024
000256,VERBANIA,88714.0,Ecografia del collo per linfonodi,393,9,2024
000256,VERBANIA,88714.1,Ecografia ghiandole salivari,518,1,2024
000256,VERBANIA,88714.1,Ecografia ghiandole salivari,491,2,2024
000256,VERBANIA,88714.1,Ecografia ghiandole salivari,462,3,2024
000256,VERBANIA,88714.1,Ecografia ghiandole salivari,428,4,2024
000256,VERBANIA,88714.1,Ecografia ghiandole salivari,407,5,2024
000256,VERBANIA,88714.1,Ecografia ghiandole salivari,414,6,2024
000256,VERBANIA,88714.1,Ecografia ghiandole salivari,393,7,2024
000256,VERBANIA,88714.1,Ecografia ghiandole salivari,407,8,2024
000256,VERBANIA,88714.1,Ecografia ghiandole salivari,393,9,2024
000256,VERBANIA,88714.2,Ecografia tiroide - paratiroidi,198,1,2024
000256,VERBANIA,88714.2,Ecografia tiroide - paratiroidi,491,2,2024
000256,VERBANIA,88714.2,Ecografia tiroide - paratiroidi,462,3,2024
000256,VERBANIA,88714.2,Ecografia tiroide - paratiroidi,428,4,2024
000256,VERBANIA,88714.2,Ecografia tiroide - paratiroidi,407,5,2024
000256,VERBANIA,88714.2,Ecografia tiroide - paratiroidi,414,6,2024
000256,VERBANIA,88714.2,Ecografia tiroide - paratiroidi,393,7,2024
000256,VERBANIA,88714.2,Ecografia tiroide - paratiroidi,393,8,2024
000256,VERBANIA,88714.2,Ecografia tiroide - paratiroidi,393,9,2024
000256,VERBANIA,88741.0,Ecografia dell'addome superiore,518,1,2024
000256,VERBANIA,88741.0,Ecografia dell'addome superiore,491,2,2024
000256,VERBANIA,88741.0,Ecografia dell'addome superiore,462,3,2024
000256,VERBANIA,88741.0,Ecografia dell'addome superiore,428,4,2024
000256,VERBANIA,88741.0,Ecografia dell'addome superiore,407,5,2024
000256,VERBANIA,88741.0,Ecografia dell'addome superiore,414,6,2024
000256,VERBANIA,88741.0,Ecografia dell'addome superiore,393,7,2024
000256,VERBANIA,88741.0,Ecografia dell'addome superiore,407,8,2024
000256,VERBANIA,88741.0,Ecografia dell'addome superiore,393,9,2024
000256,VERBANIA,88751.0,Ecografia dell'addome inferiore,518,1,2024
000256,VERBANIA,88751.0,Ecografia dell'addome inferiore,491,2,2024
000256,VERBANIA,88751.0,Ecografia dell'addome inferiore,462,3,2024
000256,VERBANIA,88751.0,Ecografia dell'addome inferiore,428,4,2024
000256,VERBANIA,88751.0,Ecografia dell'addome inferiore,407,5,2024
000256,VERBANIA,88751.0,Ecografia dell'addome inferiore,414,6,2024
000256,VERBANIA,88751.0,Ecografia dell'addome inferiore,393,7,2024
000256,VERBANIA,88751.0,Ecografia dell'addome inferiore,407,8,2024
000256,VERBANIA,88751.0,Ecografia dell'addome inferiore,393,9,2024
000256,VERBANIA,88756.0,Ecografia dell'addome completo,518,1,2024
000256,VERBANIA,88756.0,Ecografia dell'addome completo,491,2,2024
000256,VERBANIA,88756.0,Ecografia dell'addome completo,462,3,2024
000256,VERBANIA,88756.0,Ecografia dell'addome completo,428,4,2024
000256,VERBANIA,88756.0,Ecografia dell'addome completo,407,5,2024
000256,VERBANIA,88756.0,Ecografia dell'addome completo,414,6,2024
000256,VERBANIA,88756.0,Ecografia dell'addome completo,393,7,2024
000256,VERBANIA,88756.0,Ecografia dell'addome completo,407,8,2024
000256,VERBANIA,88756.0,Ecografia dell'addome completo,393,9,2024
000256,VERBANIA,88772.1,Eco(color)dopplergrafia degli arti superiori venosa,36,1,2024
000256,VERBANIA,88772.1,Eco(color)dopplergrafia degli arti superiori venosa,37,2,2024
000256,VERBANIA,88772.1,Eco(color)dopplergrafia degli arti superiori venosa,51,3,2024
000256,VERBANIA,88772.1,Eco(color)dopplergrafia degli arti superiori venosa,30,4,2024
000256,VERBANIA,88772.1,Eco(color)dopplergrafia degli arti superiori venosa,30,5,2024
000256,VERBANIA,88772.1,Eco(color)dopplergrafia degli arti superiori venosa,30,6,2024
000256,VERBANIA,88772.1,Eco(color)dopplergrafia degli arti superiori venosa,23,7,2024
000256,VERBANIA,88772.3,Eco(color)dopplergrafia degli arti inferiori venosa,36,1,2024
000256,VERBANIA,88772.3,Eco(color)dopplergrafia degli arti inferiori venosa,37,2,2024
000256,VERBANIA,88772.3,Eco(color)dopplergrafia degli arti inferiori venosa,51,3,2024
000256,VERBANIA,88772.3,Eco(color)dopplergrafia degli arti inferiori venosa,30,4,2024
000256,VERBANIA,88772.3,Eco(color)dopplergrafia degli arti inferiori venosa,30,5,2024
000256,VERBANIA,88772.3,Eco(color)dopplergrafia degli arti inferiori venosa,30,6,2024
000256,VERBANIA,88772.3,Eco(color)dopplergrafia degli arti inferiori venosa,23,7,2024
000256,VERBANIA,89.41,Test cardiovascolare da sforzo con pedana mobile,58,1,2024
000256,VERBANIA,89.41,Test cardiovascolare da sforzo con pedana mobile,99,2,2024
000256,VERBANIA,89.41,Test cardiovascolare da sforzo con pedana mobile,184,3,2024
000256,VERBANIA,89.41,Test cardiovascolare da sforzo con pedana mobile,185,4,2024
000256,VERBANIA,89.41,Test cardiovascolare da sforzo con pedana mobile,171,5,2024
000256,VERBANIA,89.41,Test cardiovascolare da sforzo con pedana mobile,178,6,2024
000256,VERBANIA,89.41,Test cardiovascolare da sforzo con pedana mobile,206,7,2024
000256,VERBANIA,89.41,Test cardiovascolare da sforzo con pedana mobile,204,8,2024
000256,VERBANIA,89.41,Test cardiovascolare da sforzo con pedana mobile,204,9,2024
000256,VERBANIA,89.43,Test cardiovascolare da sforzo con cicloergometro,58,1,2024
000256,VERBANIA,89.43,Test cardiovascolare da sforzo con cicloergometro,99,2,2024
000256,VERBANIA,89.43,Test cardiovascolare da sforzo con cicloergometro,184,3,2024
000256,VERBANIA,89.43,Test cardiovascolare da sforzo con cicloergometro,185,4,2024
000256,VERBANIA,89.43,Test cardiovascolare da sforzo con cicloergometro,171,5,2024
000256,VERBANIA,89.43,Test cardiovascolare da sforzo con cicloergometro,178,6,2024
000256,VERBANIA,89.43,Test cardiovascolare da sforzo con cicloergometro,206,7,2024
000256,VERBANIA,89.43,Test cardiovascolare da sforzo con cicloergometro,204,8,2024
000256,VERBANIA,89.43,Test cardiovascolare da sforzo con cicloergometro,204,9,2024
000256,VERBANIA,89.50,ECG dinamico 24 ore - ( Holter ),65,1,2024
000256,VERBANIA,89.50,ECG dinamico 24 ore - ( Holter ),65,2,2024
000256,VERBANIA,89.50,ECG dinamico 24 ore - ( Holter ),76,3,2024
000256,VERBANIA,89.50,ECG dinamico 24 ore - ( Holter ),80,4,2024
000256,VERBANIA,89.50,ECG dinamico 24 ore - ( Holter ),77,5,2024
000256,VERBANIA,89.50,ECG dinamico 24 ore - ( Holter ),72,6,2024
000256,VERBANIA,89.50,ECG dinamico 24 ore - ( Holter ),63,7,2024
000256,VERBANIA,89.50,ECG dinamico 24 ore - ( Holter ),51,8,2024
000256,VERBANIA,89.50,ECG dinamico 24 ore - ( Holter ),42,9,2024
000256,VERBANIA,89.52,Elettrocardiogramma (ECG),1,1,2024
000256,VERBANIA,89.52,Elettrocardiogramma (ECG),3,2,2024
000256,VERBANIA,89.52,Elettrocardiogramma (ECG),2,3,2024
000256,VERBANIA,89.52,Elettrocardiogramma (ECG),1,4,2024
000256,VERBANIA,89.52,Elettrocardiogramma (ECG),1,5,2024
000256,VERBANIA,89.52,Elettrocardiogramma (ECG),1,6,2024
000256,VERBANIA,89.52,Elettrocardiogramma (ECG),1,7,2024
000256,VERBANIA,89.52,Elettrocardiogramma (ECG),1,8,2024
000256,VERBANIA,89.52,Elettrocardiogramma (ECG),2,9,2024
000256,VERBANIA,8913.0,Visita neurologica,9,1,2024
000256,VERBANIA,8913.0,Visita neurologica,17,2,2024
000256,VERBANIA,8913.0,Visita neurologica,17,3,2024
000256,VERBANIA,8913.0,Visita neurologica,31,4,2024
000256,VERBANIA,8913.0,Visita neurologica,30,5,2024
000256,VERBANIA,8913.0,Visita neurologica,39,6,2024
000256,VERBANIA,8913.0,Visita neurologica,38,7,2024
000256,VERBANIA,8913.0,Visita neurologica,36,8,2024
000256,VERBANIA,8913.0,Visita neurologica,29,9,2024
000256,VERBANIA,8926.0,Visita ostetrico - ginecologica,17,1,2024
000256,VERBANIA,8926.0,Visita ostetrico - ginecologica,32,2,2024
000256,VERBANIA,8926.0,Visita ostetrico - ginecologica,52,3,2024
000256,VERBANIA,8926.0,Visita ostetrico - ginecologica,116,4,2024
000256,VERBANIA,8926.0,Visita ostetrico - ginecologica,109,5,2024
000256,VERBANIA,8926.0,Visita ostetrico - ginecologica,116,6,2024
000256,VERBANIA,8926.0,Visita ostetrico - ginecologica,23,7,2024
000256,VERBANIA,8926.0,Visita ostetrico - ginecologica,2,8,2024
000256,VERBANIA,8926.0,Visita ostetrico - ginecologica,23,9,2024
000256,VERBANIA,89371.0,Spirometria semplice,7,1,2024
000256,VERBANIA,89371.0,Spirometria semplice,15,2,2024
000256,VERBANIA,89371.0,Spirometria semplice,28,3,2024
000256,VERBANIA,89371.0,Spirometria semplice,29,4,2024
000256,VERBANIA,89371.0,Spirometria semplice,29,5,2024
000256,VERBANIA,89371.0,Spirometria semplice,22,6,2024
000256,VERBANIA,89371.0,Spirometria semplice,22,7,2024
000256,VERBANIA,89371.0,Spirometria semplice,1,8,2024
000256,VERBANIA,89371.0,Spirometria semplice,22,9,2024
000256,VERBANIA,897.01,Visita cardiologica,59,1,2024
000256,VERBANIA,897.01,Visita cardiologica,98,2,2024
000256,VERBANIA,897.01,Visita cardiologica,42,3,2024
000256,VERBANIA,897.01,Visita cardiologica,19,4,2024
000256,VERBANIA,897.01,Visita cardiologica,254,5,2024
000256,VERBANIA,897.01,Visita cardiologica,238,6,2024
000256,VERBANIA,897.01,Visita cardiologica,71,7,2024
000256,VERBANIA,897.01,Visita cardiologica,16,8,2024
000256,VERBANIA,897.01,Visita cardiologica,219,9,2024
000256,VERBANIA,897.07,Visita endocrinologica,8,1,2024
000256,VERBANIA,897.07,Visita endocrinologica,30,2,2024
000256,VERBANIA,897.07,Visita endocrinologica,50,3,2024
000256,VERBANIA,897.07,Visita endocrinologica,58,4,2024
000256,VERBANIA,897.07,Visita endocrinologica,58,5,2024
000256,VERBANIA,897.07,Visita endocrinologica,65,6,2024
000256,VERBANIA,897.07,Visita endocrinologica,59,7,2024
000256,VERBANIA,897.07,Visita endocrinologica,59,8,2024
000256,VERBANIA,897.07,Visita endocrinologica,44,9,2024
000256,VERBANIA,897.13,Visita ortopedica,24,1,2024
000256,VERBANIA,897.13,Visita ortopedica,60,2,2024
000256,VERBANIA,897.13,Visita ortopedica,31,3,2024
000256,VERBANIA,897.13,Visita ortopedica,142,4,2024
000256,VERBANIA,897.13,Visita ortopedica,130,5,2024
000256,VERBANIA,897.13,Visita ortopedica,135,6,2024
000256,VERBANIA,897.13,Visita ortopedica,121,7,2024
000256,VERBANIA,897.13,Visita ortopedica,123,8,2024
000256,VERBANIA,897.13,Visita ortopedica,130,9,2024
000256,VERBANIA,897.14,Visita otorinolaringoiatrica,16,1,2024
000256,VERBANIA,897.14,Visita otorinolaringoiatrica,23,2,2024
000256,VERBANIA,897.14,Visita otorinolaringoiatrica,37,3,2024
000256,VERBANIA,897.14,Visita otorinolaringoiatrica,45,4,2024
000256,VERBANIA,897.14,Visita otorinolaringoiatrica,52,5,2024
000256,VERBANIA,897.14,Visita otorinolaringoiatrica,72,6,2024
000256,VERBANIA,897.14,Visita otorinolaringoiatrica,72,7,2024
000256,VERBANIA,897.14,Visita otorinolaringoiatrica,16,8,2024
000256,VERBANIA,897.14,Visita otorinolaringoiatrica,70,9,2024
000256,VERBANIA,897.18,Visita urologica,3,2,2024
000256,VERBANIA,897.18,Visita urologica,16,3,2024
000256,VERBANIA,897.18,Visita urologica,10,4,2024
000256,VERBANIA,897.18,Visita urologica,10,5,2024
000256,VERBANIA,897.18,Visita urologica,10,6,2024
000256,VERBANIA,897.18,Visita urologica,3,7,2024
000256,VERBANIA,897.18,Visita urologica,9,8,2024
000256,VERBANIA,897.18,Visita urologica,10,9,2024
000256,VERBANIA,897.19,Visita dermatologica,69,1,2024
000256,VERBANIA,897.19,Visita dermatologica,73,2,2024
000256,VERBANIA,897.19,Visita dermatologica,77,3,2024
000256,VERBANIA,897.19,Visita dermatologica,24,4,2024
000256,VERBANIA,897.19,Visita dermatologica,88,5,2024
000256,VERBANIA,897.19,Visita dermatologica,108,6,2024
000256,VERBANIA,897.19,Visita dermatologica,113,7,2024
000256,VERBANIA,897.19,Visita dermatologica,7,8,2024
000256,VERBANIA,897.19,Visita dermatologica,122,9,2024
000256,VERBANIA,897.20,Visita fisiatrica,118,1,2024
000256,VERBANIA,897.20,Visita fisiatrica,9,2,2024
000256,VERBANIA,897.20,Visita fisiatrica,135,3,2024
000256,VERBANIA,897.20,Visita fisiatrica,155,4,2024
000256,VERBANIA,897.20,Visita fisiatrica,161,5,2024
000256,VERBANIA,897.20,Visita fisiatrica,168,6,2024
000256,VERBANIA,897.20,Visita fisiatrica,7,7,2024
000256,VERBANIA,897.20,Visita fisiatrica,9,8,2024
000256,VERBANIA,897.20,Visita fisiatrica,28,9,2024
000256,VERBANIA,897.21,Visita gastroenterologica,79,1,2024
000256,VERBANIA,897.21,Visita gastroenterologica,319,2,2024
000256,VERBANIA,897.21,Visita gastroenterologica,114,3,2024
000256,VERBANIA,897.21,Visita gastroenterologica,354,4,2024
000256,VERBANIA,897.21,Visita gastroenterologica,11,5,2024
000256,VERBANIA,897.21,Visita gastroenterologica,368,6,2024
000256,VERBANIA,897.21,Visita gastroenterologica,25,7,2024
000256,VERBANIA,897.21,Visita gastroenterologica,25,8,2024
000256,VERBANIA,897.21,Visita gastroenterologica,11,9,2024
000256,VERBANIA,897.22,Visita oncologica,1,1,2024
000256,VERBANIA,897.22,Visita oncologica,1,2,2024
000256,VERBANIA,897.22,Visita oncologica,1,3,2024
000256,VERBANIA,897.22,Visita oncologica,1,4,2024
000256,VERBANIA,897.22,Visita oncologica,1,5,2024
000256,VERBANIA,897.22,Visita oncologica,1,6,2024
000256,VERBANIA,897.22,Visita oncologica,2,7,2024
000256,VERBANIA,897.22,Visita oncologica,1,8,2024
000256,VERBANIA,897.22,Visita oncologica,1,9,2024
000256,VERBANIA,897.67,Visita cardiologica con ECG,59,1,2024
000256,VERBANIA,897.67,Visita cardiologica con ECG,98,2,2024
000256,VERBANIA,897.67,Visita cardiologica con ECG,42,3,2024
000256,VERBANIA,897.67,Visita cardiologica con ECG,19,4,2024
000256,VERBANIA,897.67,Visita cardiologica con ECG,254,5,2024
000256,VERBANIA,897.67,Visita cardiologica con ECG,238,6,2024
000256,VERBANIA,897.67,Visita cardiologica con ECG,71,7,2024
000256,VERBANIA,897.67,Visita cardiologica con ECG,16,8,2024
000256,VERBANIA,897.67,Visita cardiologica con ECG,219,9,2024
000256,VERBANIA,95.41.1,Esame audiometrico tonale,35,1,2024
000256,VERBANIA,95.41.1,Esame audiometrico tonale,37,2,2024
000256,VERBANIA,95.41.1,Esame audiometrico tonale,37,3,2024
000256,VERBANIA,95.41.1,Esame audiometrico tonale,36,4,2024
000256,VERBANIA,95.41.1,Esame audiometrico tonale,43,5,2024
000256,VERBANIA,95.41.1,Esame audiometrico tonale,36,6,2024
000256,VERBANIA,95.41.1,Esame audiometrico tonale,29,7,2024
000256,VERBANIA,95.41.1,Esame audiometrico tonale,9,8,2024
000256,VERBANIA,95.41.1,Esame audiometrico tonale,23,9,2024
000256,VERBANIA,9502.0,Visita oculistica,163,1,2024
000256,VERBANIA,9502.0,Visita oculistica,22,2,2024
000256,VERBANIA,9502.0,Visita oculistica,22,3,2024
000256,VERBANIA,9502.0,Visita oculistica,339,4,2024
000256,VERBANIA,9502.0,Visita oculistica,367,5,2024
000256,VERBANIA,9502.0,Visita oculistica,248,6,2024
000256,VERBANIA,9502.0,Visita oculistica,332,7,2024
000256,VERBANIA,9502.0,Visita oculistica,8,8,2024
000256,VERBANIA,9502.0,Visita oculistica,15,9,2024
000258,DOMODOSSOLA,45.13,Esofagogastroduodenoscopia (EGD),238,1,2024
000258,DOMODOSSOLA,45.13,Esofagogastroduodenoscopia (EGD),256,2,2024
000258,DOMODOSSOLA,45.13,Esofagogastroduodenoscopia (EGD),266,3,2024
000258,DOMODOSSOLA,45.13,Esofagogastroduodenoscopia (EGD),284,4,2024
000258,DOMODOSSOLA,45.13,Esofagogastroduodenoscopia (EGD),284,5,2024
000258,DOMODOSSOLA,45.13,Esofagogastroduodenoscopia (EGD),297,6,2024
000258,DOMODOSSOLA,45.13,Esofagogastroduodenoscopia (EGD),305,7,2024
000258,DOMODOSSOLA,45.13,Esofagogastroduodenoscopia (EGD),302,8,2024
000258,DOMODOSSOLA,45.13,Esofagogastroduodenoscopia (EGD),337,9,2024
000258,DOMODOSSOLA,45.23,Colonscopia con endoscopio flessibile,402,1,2024
000258,DOMODOSSOLA,45.23,Colonscopia con endoscopio flessibile,403,2,2024
000258,DOMODOSSOLA,45.23,Colonscopia con endoscopio flessibile,405,3,2024
000258,DOMODOSSOLA,45.23,Colonscopia con endoscopio flessibile,452,4,2024
000258,DOMODOSSOLA,45.23,Colonscopia con endoscopio flessibile,469,5,2024
000258,DOMODOSSOLA,45.23,Colonscopia con endoscopio flessibile,486,6,2024
000258,DOMODOSSOLA,45.23,Colonscopia con endoscopio flessibile,514,7,2024
000258,DOMODOSSOLA,45.23,Colonscopia con endoscopio flessibile,347,8,2024
000258,DOMODOSSOLA,45.23,Colonscopia con endoscopio flessibile,487,9,2024
000258,DOMODOSSOLA,45.24,Sigmoidoscopia con endoscopio flessibile,37,1,2024
000258,DOMODOSSOLA,45.24,Sigmoidoscopia con endoscopio flessibile,31,2,2024
000258,DOMODOSSOLA,45.24,Sigmoidoscopia con endoscopio flessibile,44,3,2024
000258,DOMODOSSOLA,45.24,Sigmoidoscopia con endoscopio flessibile,59,4,2024
000258,DOMODOSSOLA,45.24,Sigmoidoscopia con endoscopio flessibile,87,5,2024
000258,DOMODOSSOLA,45.24,Sigmoidoscopia con endoscopio flessibile,129,6,2024
000258,DOMODOSSOLA,45.24,Sigmoidoscopia con endoscopio flessibile,108,7,2024
000258,DOMODOSSOLA,45.24,Sigmoidoscopia con endoscopio flessibile,108,8,2024
000258,DOMODOSSOLA,45.24,Sigmoidoscopia con endoscopio flessibile,500,9,2024
000258,DOMODOSSOLA,45.42,Polipectomia endoscopica intestino crasso,402,1,2024
000258,DOMODOSSOLA,45.42,Polipectomia endoscopica intestino crasso,403,2,2024
000258,DOMODOSSOLA,45.42,Polipectomia endoscopica intestino crasso,405,3,2024
000258,DOMODOSSOLA,45.42,Polipectomia endoscopica intestino crasso,452,4,2024
000258,DOMODOSSOLA,45.42,Polipectomia endoscopica intestino crasso,469,5,2024
000258,DOMODOSSOLA,45.42,Polipectomia endoscopica intestino crasso,486,6,2024
000258,DOMODOSSOLA,45.42,Polipectomia endoscopica intestino crasso,514,7,2024
000258,DOMODOSSOLA,45.42,Polipectomia endoscopica intestino crasso,487,8,2024
000258,DOMODOSSOLA,45.42,Polipectomia endoscopica intestino crasso,487,9,2024
000258,DOMODOSSOLA,87.37.1,Mammografia bilaterale, in 2 proiezioni,51,1,2024
000258,DOMODOSSOLA,87.37.1,Mammografia bilaterale, in 2 proiezioni,87,2,2024
000258,DOMODOSSOLA,87.37.1,Mammografia bilaterale, in 2 proiezioni,86,3,2024
000258,DOMODOSSOLA,87.37.1,Mammografia bilaterale, in 2 proiezioni,80,4,2024
000258,DOMODOSSOLA,87.37.1,Mammografia bilaterale, in 2 proiezioni,129,5,2024
000258,DOMODOSSOLA,87.37.1,Mammografia bilaterale, in 2 proiezioni,122,6,2024
000258,DOMODOSSOLA,87.37.1,Mammografia bilaterale, in 2 proiezioni,115,7,2024
000258,DOMODOSSOLA,87.37.1,Mammografia bilaterale, in 2 proiezioni,115,8,2024
000258,DOMODOSSOLA,87.37.2,Mammografia monolaterale, in 2 proiezioni,51,1,2024
000258,DOMODOSSOLA,87.37.2,Mammografia monolaterale, in 2 proiezioni,87,2,2024
000258,DOMODOSSOLA,87.37.2,Mammografia monolaterale, in 2 proiezioni,86,3,2024
000258,DOMODOSSOLA,87.37.2,Mammografia monolaterale, in 2 proiezioni,80,4,2024
000258,DOMODOSSOLA,87.37.2,Mammografia monolaterale, in 2 proiezioni,129,5,2024
000258,DOMODOSSOLA,87.37.2,Mammografia monolaterale, in 2 proiezioni,122,6,2024
000258,DOMODOSSOLA,87.37.2,Mammografia monolaterale, in 2 proiezioni,115,7,2024
000258,DOMODOSSOLA,87.37.2,Mammografia monolaterale, in 2 proiezioni,115,8,2024
000258,DOMODOSSOLA,87.41.1,Tac del torace, senza e con contrasto,87,1,2024
000258,DOMODOSSOLA,87.41.1,Tac del torace, senza e con contrasto,203,2,2024
000258,DOMODOSSOLA,87.41.1,Tac del torace, senza e con contrasto,206,3,2024
000258,DOMODOSSOLA,87.41.1,Tac del torace, senza e con contrasto,200,4,2024
000258,DOMODOSSOLA,87.41.1,Tac del torace, senza e con contrasto,213,5,2024
000258,DOMODOSSOLA,87.41.1,Tac del torace, senza e con contrasto,226,6,2024
000258,DOMODOSSOLA,87.41.1,Tac del torace, senza e con contrasto,224,7,2024
000258,DOMODOSSOLA,87.41.1,Tac del torace, senza e con contrasto,219,8,2024
000258,DOMODOSSOLA,87.41.1,Tac del torace, senza e con contrasto,210,9,2024
000258,DOMODOSSOLA,8703.0,Tac della sella turcica e orbite,87,1,2024
000258,DOMODOSSOLA,8703.0,Tac della sella turcica e orbite,161,2,2024
000258,DOMODOSSOLA,8703.0,Tac della sella turcica e orbite,16,3,2024
000258,DOMODOSSOLA,8703.0,Tac della sella turcica e orbite,123,4,2024
000258,DOMODOSSOLA,8703.0,Tac della sella turcica e orbite,71,5,2024
000258,DOMODOSSOLA,8703.0,Tac della sella turcica e orbite,158,6,2024
000258,DOMODOSSOLA,8703.0,Tac della sella turcica e orbite,190,7,2024
000258,DOMODOSSOLA,8703.0,Tac della sella turcica e orbite,154,8,2024
000258,DOMODOSSOLA,8703.0,Tac della sella turcica e orbite,154,9,2024
000258,DOMODOSSOLA,8703.1,Tac del cranio,87,1,2024
000258,DOMODOSSOLA,8703.1,Tac del cranio,161,2,2024
000258,DOMODOSSOLA,8703.1,Tac del cranio,16,3,2024
000258,DOMODOSSOLA,8703.1,Tac del cranio,123,4,2024
000258,DOMODOSSOLA,8703.1,Tac del cranio,71,5,2024
000258,DOMODOSSOLA,8703.1,Tac del cranio,158,6,2024
000258,DOMODOSSOLA,8703.1,Tac del cranio,190,7,2024
000258,DOMODOSSOLA,8703.1,Tac del cranio,15,8,2024
000258,DOMODOSSOLA,8703.1,Tac del cranio,154,9,2024
000258,DOMODOSSOLA,87031.0,Tac della sella turcica e orbite, senza e con contrasto,87,1,2024
000258,DOMODOSSOLA,87031.0,Tac della sella turcica e orbite, senza e con contrasto,203,2,2024
000258,DOMODOSSOLA,87031.0,Tac della sella turcica e orbite, senza e con contrasto,16,3,2024
000258,DOMODOSSOLA,87031.0,Tac della sella turcica e orbite, senza e con contrasto,200,4,2024
000258,DOMODOSSOLA,87031.0,Tac della sella turcica e orbite, senza e con contrasto,213,5,2024
000258,DOMODOSSOLA,87031.0,Tac della sella turcica e orbite, senza e con contrasto,226,6,2024
000258,DOMODOSSOLA,87031.0,Tac della sella turcica e orbite, senza e con contrasto,224,7,2024
000258,DOMODOSSOLA,87031.0,Tac della sella turcica e orbite, senza e con contrasto,210,8,2024
000258,DOMODOSSOLA,87031.0,Tac della sella turcica e orbite, senza e con contrasto,210,9,2024
000258,DOMODOSSOLA,87031.1,Tac del cranio, senza e con contrasto,87,1,2024
000258,DOMODOSSOLA,87031.1,Tac del cranio, senza e con contrasto,203,2,2024
000258,DOMODOSSOLA,87031.1,Tac del cranio, senza e con contrasto,16,3,2024
000258,DOMODOSSOLA,87031.1,Tac del cranio, senza e con contrasto,200,4,2024
000258,DOMODOSSOLA,87031.1,Tac del cranio, senza e con contrasto,213,5,2024
000258,DOMODOSSOLA,87031.1,Tac del cranio, senza e con contrasto,226,6,2024
000258,DOMODOSSOLA,87031.1,Tac del cranio, senza e con contrasto,224,7,2024
000258,DOMODOSSOLA,87031.1,Tac del cranio, senza e con contrasto,219,8,2024
000258,DOMODOSSOLA,87031.1,Tac del cranio, senza e con contrasto,210,9,2024
000258,DOMODOSSOLA,8741.0,Tac del torace,87,1,2024
000258,DOMODOSSOLA,8741.0,Tac del torace,161,2,2024
000258,DOMODOSSOLA,8741.0,Tac del torace,16,3,2024
000258,DOMODOSSOLA,8741.0,Tac del torace,123,4,2024
000258,DOMODOSSOLA,8741.0,Tac del torace,71,5,2024
000258,DOMODOSSOLA,8741.0,Tac del torace,158,6,2024
000258,DOMODOSSOLA,8741.0,Tac del torace,190,7,2024
000258,DOMODOSSOLA,8741.0,Tac del torace,15,8,2024
000258,DOMODOSSOLA,8741.0,Tac del torace,154,9,2024
000258,DOMODOSSOLA,8741.1,Tac del torace ad alta risoluzione,87,1,2024
000258,DOMODOSSOLA,8741.1,Tac del torace ad alta risoluzione,161,2,2024
000258,DOMODOSSOLA,8741.1,Tac del torace ad alta risoluzione,16,3,2024
000258,DOMODOSSOLA,8741.1,Tac del torace ad alta risoluzione,123,4,2024
000258,DOMODOSSOLA,8741.1,Tac del torace ad alta risoluzione,71,5,2024
000258,DOMODOSSOLA,8741.1,Tac del torace ad alta risoluzione,158,6,2024
000258,DOMODOSSOLA,8741.1,Tac del torace ad alta risoluzione,190,7,2024
000258,DOMODOSSOLA,8741.1,Tac del torace ad alta risoluzione,15,8,2024
000258,DOMODOSSOLA,8741.1,Tac del torace ad alta risoluzione,154,9,2024
000258,DOMODOSSOLA,88.01.1,Tac dell'addome superiore,123,4,2024
000258,DOMODOSSOLA,88.01.1,Tac dell'addome superiore,71,5,2024
000258,DOMODOSSOLA,88.01.1,Tac dell'addome superiore,158,6,2024
000258,DOMODOSSOLA,88.01.1,Tac dell'addome superiore,190,7,2024
000258,DOMODOSSOLA,88.01.1,Tac dell'addome superiore,15,8,2024
000258,DOMODOSSOLA,88.01.1,Tac dell'addome superiore,154,9,2024
000258,DOMODOSSOLA,88.01.2,Tac dell'addome superiore, senza e con contrasto,87,1,2024
000258,DOMODOSSOLA,88.01.2,Tac dell'addome superiore, senza e con contrasto,203,2,2024
000258,DOMODOSSOLA,88.01.2,Tac dell'addome superiore, senza e con contrasto,206,3,2024
000258,DOMODOSSOLA,88.01.2,Tac dell'addome superiore, senza e con contrasto,200,4,2024
000258,DOMODOSSOLA,88.01.2,Tac dell'addome superiore, senza e con contrasto,213,5,2024
000258,DOMODOSSOLA,88.01.2,Tac dell'addome superiore, senza e con contrasto,226,6,2024
000258,DOMODOSSOLA,88.01.2,Tac dell'addome superiore, senza e con contrasto,224,7,2024
000258,DOMODOSSOLA,88.01.2,Tac dell'addome superiore, senza e con contrasto,219,8,2024
000258,DOMODOSSOLA,88.01.2,Tac dell'addome superiore, senza e con contrasto,210,9,2024
000258,DOMODOSSOLA,88.01.3,Tac dell'addome inferiore,87,1,2024
000258,DOMODOSSOLA,88.01.3,Tac dell'addome inferiore,203,2,2024
000258,DOMODOSSOLA,88.01.3,Tac dell'addome inferiore,206,3,2024
000258,DOMODOSSOLA,88.01.3,Tac dell'addome inferiore,200,4,2024
000258,DOMODOSSOLA,88.01.3,Tac dell'addome inferiore,213,5,2024
000258,DOMODOSSOLA,88.01.3,Tac dell'addome inferiore,226,6,2024
000258,DOMODOSSOLA,88.01.3,Tac dell'addome inferiore,224,7,2024
000258,DOMODOSSOLA,88.01.3,Tac dell'addome inferiore,219,8,2024
000258,DOMODOSSOLA,88.01.3,Tac dell'addome inferiore,210,9,2024
000258,DOMODOSSOLA,88.01.4,Tac dell'addome inferiore, senza e con contrasto,87,1,2024
000258,DOMODOSSOLA,88.01.4,Tac dell'addome inferiore, senza e con contrasto,203,2,2024
000258,DOMODOSSOLA,88.01.4,Tac dell'addome inferiore, senza e con contrasto,206,3,2024
000258,DOMODOSSOLA,88.01.4,Tac dell'addome inferiore, senza e con contrasto,200,4,2024
000258,DOMODOSSOLA,88.01.4,Tac dell'addome inferiore, senza e con contrasto,213,5,2024
000258,DOMODOSSOLA,88.01.4,Tac dell'addome inferiore, senza e con contrasto,226,6,2024
000258,DOMODOSSOLA,88.01.4,Tac dell'addome inferiore, senza e con contrasto,224,7,2024
000258,DOMODOSSOLA,88.01.4,Tac dell'addome inferiore, senza e con contrasto,219,8,2024
000258,DOMODOSSOLA,88.01.4,Tac dell'addome inferiore, senza e con contrasto,210,9,2024
000258,DOMODOSSOLA,88.01.5,Tac dell'addome completo,87,1,2024
000258,DOMODOSSOLA,88.01.5,Tac dell'addome completo,203,2,2024
000258,DOMODOSSOLA,88.01.5,Tac dell'addome completo,206,3,2024
000258,DOMODOSSOLA,88.01.5,Tac dell'addome completo,200,4,2024
000258,DOMODOSSOLA,88.01.5,Tac dell'addome completo,213,5,2024
000258,DOMODOSSOLA,88.01.5,Tac dell'addome completo,226,6,2024
000258,DOMODOSSOLA,88.01.5,Tac dell'addome completo,224,7,2024
000258,DOMODOSSOLA,88.01.5,Tac dell'addome completo,219,8,2024
000258,DOMODOSSOLA,88.01.5,Tac dell'addome completo,210,9,2024
000258,DOMODOSSOLA,88.01.6,Tac dell'addome completo, senza e con contrasto,87,1,2024
000258,DOMODOSSOLA,88.01.6,Tac dell'addome completo, senza e con contrasto,203,2,2024
000258,DOMODOSSOLA,88.01.6,Tac dell'addome completo, senza e con contrasto,206,3,2024
000258,DOMODOSSOLA,88.01.6,Tac dell'addome completo, senza e con contrasto,200,4,2024
000258,DOMODOSSOLA,88.01.6,Tac dell'addome completo, senza e con contrasto,213,5,2024
000258,DOMODOSSOLA,88.01.6,Tac dell'addome completo, senza e con contrasto,226,6,2024
000258,DOMODOSSOLA,88.01.6,Tac dell'addome completo, senza e con contrasto,224,7,2024
000258,DOMODOSSOLA,88.01.6,Tac dell'addome completo, senza e con contrasto,219,8,2024
000258,DOMODOSSOLA,88.01.6,Tac dell'addome completo, senza e con contrasto,210,9,2024
000258,DOMODOSSOLA,88.38.5,Tac del bacino e articolazioni sacro-iliache,87,1,2024
000258,DOMODOSSOLA,88.38.5,Tac del bacino e articolazioni sacro-iliache,161,2,2024
000258,DOMODOSSOLA,88.38.5,Tac del bacino e articolazioni sacro-iliache,16,3,2024
000258,DOMODOSSOLA,88.38.5,Tac del bacino e articolazioni sacro-iliache,123,4,2024
000258,DOMODOSSOLA,88.38.5,Tac del bacino e articolazioni sacro-iliache,71,5,2024
000258,DOMODOSSOLA,88.38.5,Tac del bacino e articolazioni sacro-iliache,158,6,2024
000258,DOMODOSSOLA,88.38.5,Tac del bacino e articolazioni sacro-iliache,190,7,2024
000258,DOMODOSSOLA,88.38.5,Tac del bacino e articolazioni sacro-iliache,15,8,2024
000258,DOMODOSSOLA,88.38.5,Tac del bacino e articolazioni sacro-iliache,154,9,2024
000258,DOMODOSSOLA,88.72.6,Ecocardiografia,251,1,2024
000258,DOMODOSSOLA,88.72.6,Ecocardiografia,227,2,2024
000258,DOMODOSSOLA,88.72.6,Ecocardiografia,233,3,2024
000258,DOMODOSSOLA,88.72.6,Ecocardiografia,308,4,2024
000258,DOMODOSSOLA,88.72.6,Ecocardiografia,255,5,2024
000258,DOMODOSSOLA,88.72.6,Ecocardiografia,295,6,2024
000258,DOMODOSSOLA,88.72.6,Ecocardiografia,290,7,2024
000258,DOMODOSSOLA,88.72.6,Ecocardiografia,339,8,2024
000258,DOMODOSSOLA,88.72.6,Ecocardiografia,252,9,2024
000258,DOMODOSSOLA,88.73.1,Ecografia mammaria bilaterale,335,1,2024
000258,DOMODOSSOLA,88.73.1,Ecografia mammaria bilaterale,308,2,2024
000258,DOMODOSSOLA,88.73.1,Ecografia mammaria bilaterale,314,3,2024
000258,DOMODOSSOLA,88.73.1,Ecografia mammaria bilaterale,294,4,2024
000258,DOMODOSSOLA,88.73.1,Ecografia mammaria bilaterale,301,5,2024
000258,DOMODOSSOLA,88.73.1,Ecografia mammaria bilaterale,301,6,2024
000258,DOMODOSSOLA,88.73.1,Ecografia mammaria bilaterale,308,7,2024
000258,DOMODOSSOLA,88.73.1,Ecografia mammaria bilaterale,350,8,2024
000258,DOMODOSSOLA,88.73.1,Ecografia mammaria bilaterale,336,9,2024
000258,DOMODOSSOLA,88.73.2,Ecografia della mammella - monolaterale,335,1,2024
000258,DOMODOSSOLA,88.73.2,Ecografia della mammella - monolaterale,308,2,2024
000258,DOMODOSSOLA,88.73.2,Ecografia della mammella - monolaterale,314,3,2024
000258,DOMODOSSOLA,88.73.2,Ecografia della mammella - monolaterale,294,4,2024
000258,DOMODOSSOLA,88.73.2,Ecografia della mammella - monolaterale,301,5,2024
000258,DOMODOSSOLA,88.73.2,Ecografia della mammella - monolaterale,301,6,2024
000258,DOMODOSSOLA,88.73.2,Ecografia della mammella - monolaterale,308,7,2024
000258,DOMODOSSOLA,88.73.2,Ecografia della mammella - monolaterale,350,8,2024
000258,DOMODOSSOLA,88.73.2,Ecografia della mammella - monolaterale,336,9,2024
000258,DOMODOSSOLA,88.73.5,Eco(color)doppler dei tronchi sovraortici,191,1,2024
000258,DOMODOSSOLA,88.73.5,Eco(color)doppler dei tronchi sovraortici,211,2,2024
000258,DOMODOSSOLA,88.73.5,Eco(color)doppler dei tronchi sovraortici,238,3,2024
000258,DOMODOSSOLA,88.73.5,Eco(color)doppler dei tronchi sovraortici,239,4,2024
000258,DOMODOSSOLA,88.73.5,Eco(color)doppler dei tronchi sovraortici,220,5,2024
000258,DOMODOSSOLA,88.73.5,Eco(color)doppler dei tronchi sovraortici,218,6,2024
000258,DOMODOSSOLA,88.73.5,Eco(color)doppler dei tronchi sovraortici,232,7,2024
000258,DOMODOSSOLA,88.73.5,Eco(color)doppler dei tronchi sovraortici,1,8,2024
000258,DOMODOSSOLA,88.73.5,Eco(color)doppler dei tronchi sovraortici,10,9,2024
000258,DOMODOSSOLA,88.78.2,Ecografia ginecologica,48,1,2024
000258,DOMODOSSOLA,88.78.2,Ecografia ginecologica,42,2,2024
000258,DOMODOSSOLA,88.78.2,Ecografia ginecologica,62,3,2024
000258,DOMODOSSOLA,88.78.2,Ecografia ginecologica,70,4,2024
000258,DOMODOSSOLA,88.78.2,Ecografia ginecologica,63,5,2024
000258,DOMODOSSOLA,88.78.2,Ecografia ginecologica,14,6,2024
000258,DOMODOSSOLA,88.78.2,Ecografia ginecologica,63,7,2024
000258,DOMODOSSOLA,88.78.2,Ecografia ginecologica,98,8,2024
000258,DOMODOSSOLA,88.78.2,Ecografia ginecologica,77,9,2024
000258,DOMODOSSOLA,88381.0,Tac del rachide cervicale e dello speco vertebrale,87,1,2024
000258,DOMODOSSOLA,88381.0,Tac del rachide cervicale e dello speco vertebrale,161,2,2024
000258,DOMODOSSOLA,88381.0,Tac del rachide cervicale e dello speco vertebrale,16,3,2024
000258,DOMODOSSOLA,88381.0,Tac del rachide cervicale e dello speco vertebrale,123,4,2024
000258,DOMODOSSOLA,88381.0,Tac del rachide cervicale e dello speco vertebrale,71,5,2024
000258,DOMODOSSOLA,88381.0,Tac del rachide cervicale e dello speco vertebrale,158,6,2024
000258,DOMODOSSOLA,88381.0,Tac del rachide cervicale e dello speco vertebrale,190,7,2024
000258,DOMODOSSOLA,88381.0,Tac del rachide cervicale e dello speco vertebrale,15,8,2024
000258,DOMODOSSOLA,88381.0,Tac del rachide cervicale e dello speco vertebrale,154,9,2024
000258,DOMODOSSOLA,88381.1,Tac del rachide dorsale e dello speco vertebrale,87,1,2024
000258,DOMODOSSOLA,88381.1,Tac del rachide dorsale e dello speco vertebrale,161,2,2024
000258,DOMODOSSOLA,88381.1,Tac del rachide dorsale e dello speco vertebrale,16,3,2024
000258,DOMODOSSOLA,88381.1,Tac del rachide dorsale e dello speco vertebrale,123,4,2024
000258,DOMODOSSOLA,88381.1,Tac del rachide dorsale e dello speco vertebrale,71,5,2024
000258,DOMODOSSOLA,88381.1,Tac del rachide dorsale e dello speco vertebrale,158,6,2024
000258,DOMODOSSOLA,88381.1,Tac del rachide dorsale e dello speco vertebrale,190,7,2024
000258,DOMODOSSOLA,88381.1,Tac del rachide dorsale e dello speco vertebrale,15,8,2024
000258,DOMODOSSOLA,88381.1,Tac del rachide dorsale e dello speco vertebrale,154,9,2024
000258,DOMODOSSOLA,88381.2,Tac del lombo - sacrale e dello speco vertebrale,87,1,2024
000258,DOMODOSSOLA,88381.2,Tac del lombo - sacrale e dello speco vertebrale,161,2,2024
000258,DOMODOSSOLA,88381.2,Tac del lombo - sacrale e dello speco vertebrale,16,3,2024
000258,DOMODOSSOLA,88381.2,Tac del lombo - sacrale e dello speco vertebrale,123,4,2024
000258,DOMODOSSOLA,88381.2,Tac del lombo - sacrale e dello speco vertebrale,71,5,2024
000258,DOMODOSSOLA,88381.2,Tac del lombo - sacrale e dello speco vertebrale,158,6,2024
000258,DOMODOSSOLA,88381.2,Tac del lombo - sacrale e dello speco vertebrale,190,7,2024
000258,DOMODOSSOLA,88381.2,Tac del lombo - sacrale e dello speco vertebrale,15,8,2024
000258,DOMODOSSOLA,88381.2,Tac del lombo - sacrale e dello speco vertebrale,154,9,2024
000258,DOMODOSSOLA,88382.0,Tac del rachide cervicale e dello speco vertebrale, senza e con contrasto,87,1,2024
000258,DOMODOSSOLA,88382.0,Tac del rachide cervicale e dello speco vertebrale, senza e con contrasto,203,2,2024
000258,DOMODOSSOLA,88382.0,Tac del rachide cervicale e dello speco vertebrale, senza e con contrasto,206,3,2024
000258,DOMODOSSOLA,88382.0,Tac del rachide cervicale e dello speco vertebrale, senza e con contrasto,200,4,2024
000258,DOMODOSSOLA,88382.0,Tac del rachide cervicale e dello speco vertebrale, senza e con contrasto,213,5,2024
000258,DOMODOSSOLA,88382.0,Tac del rachide cervicale e dello speco vertebrale, senza e con contrasto,226,6,2024
000258,DOMODOSSOLA,88382.0,Tac del rachide cervicale e dello speco vertebrale, senza e con contrasto,224,7,2024
000258,DOMODOSSOLA,88382.0,Tac del rachide cervicale e dello speco vertebrale, senza e con contrasto,219,8,2024
000258,DOMODOSSOLA,88382.0,Tac del rachide cervicale e dello speco vertebrale, senza e con contrasto,210,9,2024
000258,DOMODOSSOLA,88382.1,Tac del rachide dorsale e dello speco vertebrale, senza e con contrasto,87,1,2024
000258,DOMODOSSOLA,88382.1,Tac del rachide dorsale e dello speco vertebrale, senza e con contrasto,203,2,2024
000258,DOMODOSSOLA,88382.1,Tac del rachide dorsale e dello speco vertebrale, senza e con contrasto,206,3,2024
000258,DOMODOSSOLA,88382.1,Tac del rachide dorsale e dello speco vertebrale, senza e con contrasto,200,4,2024
000258,DOMODOSSOLA,88382.1,Tac del rachide dorsale e dello speco vertebrale, senza e con contrasto,213,5,2024
000258,DOMODOSSOLA,88382.1,Tac del rachide dorsale e dello speco vertebrale, senza e con contrasto,226,6,2024
000258,DOMODOSSOLA,88382.1,Tac del rachide dorsale e dello speco vertebrale, senza e con contrasto,224,7,2024
000258,DOMODOSSOLA,88382.1,Tac del rachide dorsale e dello speco vertebrale, senza e con contrasto,219,8,2024
000258,DOMODOSSOLA,88382.1,Tac del rachide dorsale e dello speco vertebrale, senza e con contrasto,210,9,2024
000258,DOMODOSSOLA,88382.2,Tac del lombo - sacrale e dello speco vertebrale, senza e con contrasto,87,1,2024
000258,DOMODOSSOLA,88382.2,Tac del lombo - sacrale e dello speco vertebrale, senza e con contrasto,203,2,2024
000258,DOMODOSSOLA,88382.2,Tac del lombo - sacrale e dello speco vertebrale, senza e con contrasto,206,3,2024
000258,DOMODOSSOLA,88382.2,Tac del lombo - sacrale e dello speco vertebrale, senza e con contrasto,200,4,2024
000258,DOMODOSSOLA,88382.2,Tac del lombo - sacrale e dello speco vertebrale, senza e con contrasto,213,5,2024
000258,DOMODOSSOLA,88382.2,Tac del lombo - sacrale e dello speco vertebrale, senza e con contrasto,226,6,2024
000258,DOMODOSSOLA,88382.2,Tac del lombo - sacrale e dello speco vertebrale, senza e con contrasto,224,7,2024
000258,DOMODOSSOLA,88382.2,Tac del lombo - sacrale e dello speco vertebrale, senza e con contrasto,219,8,2024
000258,DOMODOSSOLA,88382.2,Tac del lombo - sacrale e dello speco vertebrale, senza e con contrasto,210,9,2024
000258,DOMODOSSOLA,88714.0,Ecografia del collo per linfonodi,234,1,2024
000258,DOMODOSSOLA,88714.0,Ecografia del collo per linfonodi,312,2,2024
000258,DOMODOSSOLA,88714.0,Ecografia del collo per linfonodi,325,3,2024
000258,DOMODOSSOLA,88714.0,Ecografia del collo per linfonodi,319,4,2024
000258,DOMODOSSOLA,88714.0,Ecografia del collo per linfonodi,375,5,2024
000258,DOMODOSSOLA,88714.0,Ecografia del collo per linfonodi,333,6,2024
000258,DOMODOSSOLA,88714.0,Ecografia del collo per linfonodi,284,7,2024
000258,DOMODOSSOLA,88714.0,Ecografia del collo per linfonodi,4,8,2024
000258,DOMODOSSOLA,88714.0,Ecografia del collo per linfonodi,10,9,2024
000258,DOMODOSSOLA,88714.1,Ecografia ghiandole salivari,234,1,2024
000258,DOMODOSSOLA,88714.1,Ecografia ghiandole salivari,312,2,2024
000258,DOMODOSSOLA,88714.1,Ecografia ghiandole salivari,325,3,2024
000258,DOMODOSSOLA,88714.1,Ecografia ghiandole salivari,319,4,2024
000258,DOMODOSSOLA,88714.1,Ecografia ghiandole salivari,375,5,2024
000258,DOMODOSSOLA,88714.1,Ecografia ghiandole salivari,333,6,2024
000258,DOMODOSSOLA,88714.1,Ecografia ghiandole salivari,284,7,2024
000258,DOMODOSSOLA,88714.1,Ecografia ghiandole salivari,4,8,2024
000258,DOMODOSSOLA,88714.1,Ecografia ghiandole salivari,10,9,2024
000258,DOMODOSSOLA,88714.2,Ecografia tiroide - paratiroidi,234,1,2024
000258,DOMODOSSOLA,88714.2,Ecografia tiroide - paratiroidi,312,2,2024
000258,DOMODOSSOLA,88714.2,Ecografia tiroide - paratiroidi,325,3,2024
000258,DOMODOSSOLA,88714.2,Ecografia tiroide - paratiroidi,319,4,2024
000258,DOMODOSSOLA,88714.2,Ecografia tiroide - paratiroidi,375,5,2024
000258,DOMODOSSOLA,88714.2,Ecografia tiroide - paratiroidi,333,6,2024
000258,DOMODOSSOLA,88714.2,Ecografia tiroide - paratiroidi,284,7,2024
000258,DOMODOSSOLA,88714.2,Ecografia tiroide - paratiroidi,10,8,2024
000258,DOMODOSSOLA,88714.2,Ecografia tiroide - paratiroidi,10,9,2024
000258,DOMODOSSOLA,88741.0,Ecografia dell'addome superiore,234,1,2024
000258,DOMODOSSOLA,88741.0,Ecografia dell'addome superiore,312,2,2024
000258,DOMODOSSOLA,88741.0,Ecografia dell'addome superiore,325,3,2024
000258,DOMODOSSOLA,88741.0,Ecografia dell'addome superiore,319,4,2024
000258,DOMODOSSOLA,88741.0,Ecografia dell'addome superiore,375,5,2024
000258,DOMODOSSOLA,88741.0,Ecografia dell'addome superiore,333,6,2024
000258,DOMODOSSOLA,88741.0,Ecografia dell'addome superiore,284,7,2024
000258,DOMODOSSOLA,88741.0,Ecografia dell'addome superiore,4,8,2024
000258,DOMODOSSOLA,88741.0,Ecografia dell'addome superiore,10,9,2024
000258,DOMODOSSOLA,88751.0,Ecografia dell'addome inferiore,234,1,2024
000258,DOMODOSSOLA,88751.0,Ecografia dell'addome inferiore,312,2,2024
000258,DOMODOSSOLA,88751.0,Ecografia dell'addome inferiore,325,3,2024
000258,DOMODOSSOLA,88751.0,Ecografia dell'addome inferiore,319,4,2024
000258,DOMODOSSOLA,88751.0,Ecografia dell'addome inferiore,375,5,2024
000258,DOMODOSSOLA,88751.0,Ecografia dell'addome inferiore,333,6,2024
000258,DOMODOSSOLA,88751.0,Ecografia dell'addome inferiore,284,7,2024
000258,DOMODOSSOLA,88751.0,Ecografia dell'addome inferiore,4,8,2024
000258,DOMODOSSOLA,88751.0,Ecografia dell'addome inferiore,382,9,2024
000258,DOMODOSSOLA,88756.0,Ecografia dell'addome completo,234,1,2024
000258,DOMODOSSOLA,88756.0,Ecografia dell'addome completo,312,2,2024
000258,DOMODOSSOLA,88756.0,Ecografia dell'addome completo,325,3,2024
000258,DOMODOSSOLA,88756.0,Ecografia dell'addome completo,319,4,2024
000258,DOMODOSSOLA,88756.0,Ecografia dell'addome completo,375,5,2024
000258,DOMODOSSOLA,88756.0,Ecografia dell'addome completo,333,6,2024
000258,DOMODOSSOLA,88756.0,Ecografia dell'addome completo,284,7,2024
000258,DOMODOSSOLA,88756.0,Ecografia dell'addome completo,4,8,2024
000258,DOMODOSSOLA,88756.0,Ecografia dell'addome completo,10,9,2024
000258,DOMODOSSOLA,88772.0,Eco(color)dopplergrafia degli arti superiori arteriosa,253,1,2024
000258,DOMODOSSOLA,88772.0,Eco(color)dopplergrafia degli arti superiori arteriosa,247,2,2024
000258,DOMODOSSOLA,88772.0,Eco(color)dopplergrafia degli arti superiori arteriosa,274,3,2024
000258,DOMODOSSOLA,88772.2,Eco(color)dopplergrafia degli arti inferiori arteriosa,204,1,2024
000258,DOMODOSSOLA,88772.2,Eco(color)dopplergrafia degli arti inferiori arteriosa,218,2,2024
000258,DOMODOSSOLA,88772.2,Eco(color)dopplergrafia degli arti inferiori arteriosa,239,3,2024
000258,DOMODOSSOLA,88772.2,Eco(color)dopplergrafia degli arti inferiori arteriosa,240,4,2024
000258,DOMODOSSOLA,88772.2,Eco(color)dopplergrafia degli arti inferiori arteriosa,225,5,2024
000258,DOMODOSSOLA,88772.2,Eco(color)dopplergrafia degli arti inferiori arteriosa,246,6,2024
000258,DOMODOSSOLA,88772.2,Eco(color)dopplergrafia degli arti inferiori arteriosa,281,7,2024
000258,DOMODOSSOLA,88772.2,Eco(color)dopplergrafia degli arti inferiori arteriosa,1,8,2024
000258,DOMODOSSOLA,88772.2,Eco(color)dopplergrafia degli arti inferiori arteriosa,10,9,2024
000258,DOMODOSSOLA,88772.3,Eco(color)dopplergrafia degli arti inferiori venosa,204,1,2024
000258,DOMODOSSOLA,88772.3,Eco(color)dopplergrafia degli arti inferiori venosa,218,2,2024
000258,DOMODOSSOLA,88772.3,Eco(color)dopplergrafia degli arti inferiori venosa,239,3,2024
000258,DOMODOSSOLA,88772.3,Eco(color)dopplergrafia degli arti inferiori venosa,240,4,2024
000258,DOMODOSSOLA,88772.3,Eco(color)dopplergrafia degli arti inferiori venosa,225,5,2024
000258,DOMODOSSOLA,88772.3,Eco(color)dopplergrafia degli arti inferiori venosa,246,6,2024
000258,DOMODOSSOLA,88772.3,Eco(color)dopplergrafia degli arti inferiori venosa,281,7,2024
000258,DOMODOSSOLA,88772.3,Eco(color)dopplergrafia degli arti inferiori venosa,1,8,2024
000258,DOMODOSSOLA,88772.3,Eco(color)dopplergrafia degli arti inferiori venosa,10,9,2024
000258,DOMODOSSOLA,88911.0,RM cervello e tronco encefalico,302,1,2024
000258,DOMODOSSOLA,88911.0,RM cervello e tronco encefalico,232,2,2024
000258,DOMODOSSOLA,88911.0,RM cervello e tronco encefalico,308,3,2024
000258,DOMODOSSOLA,88911.0,RM cervello e tronco encefalico,295,4,2024
000258,DOMODOSSOLA,88911.0,RM cervello e tronco encefalico,280,5,2024
000258,DOMODOSSOLA,88911.0,RM cervello e tronco encefalico,256,6,2024
000258,DOMODOSSOLA,88911.0,RM cervello e tronco encefalico,256,7,2024
000258,DOMODOSSOLA,88911.0,RM cervello e tronco encefalico,3,8,2024
000258,DOMODOSSOLA,88911.0,RM cervello e tronco encefalico,224,9,2024
000258,DOMODOSSOLA,88912.0,RM cervello e tronco encefalico, senza e con contrasto,302,1,2024
000258,DOMODOSSOLA,88912.0,RM cervello e tronco encefalico, senza e con contrasto,232,2,2024
000258,DOMODOSSOLA,88912.0,RM cervello e tronco encefalico, senza e con contrasto,308,3,2024
000258,DOMODOSSOLA,88912.0,RM cervello e tronco encefalico, senza e con contrasto,295,4,2024
000258,DOMODOSSOLA,88912.0,RM cervello e tronco encefalico, senza e con contrasto,280,5,2024
000258,DOMODOSSOLA,88912.0,RM cervello e tronco encefalico, senza e con contrasto,256,6,2024
000258,DOMODOSSOLA,88912.0,RM cervello e tronco encefalico, senza e con contrasto,256,7,2024
000258,DOMODOSSOLA,88912.0,RM cervello e tronco encefalico, senza e con contrasto,3,8,2024
000258,DOMODOSSOLA,88912.0,RM cervello e tronco encefalico, senza e con contrasto,224,9,2024
000258,DOMODOSSOLA,8893.0,RM colonna cervicale,94,1,2024
000258,DOMODOSSOLA,8893.0,RM colonna cervicale,140,2,2024
000258,DOMODOSSOLA,8893.0,RM colonna cervicale,133,3,2024
000258,DOMODOSSOLA,8893.0,RM colonna cervicale,119,4,2024
000258,DOMODOSSOLA,8893.0,RM colonna cervicale,144,5,2024
000258,DOMODOSSOLA,8893.0,RM colonna cervicale,100,6,2024
000258,DOMODOSSOLA,8893.0,RM colonna cervicale,147,7,2024
000258,DOMODOSSOLA,8893.0,RM colonna cervicale,156,8,2024
000258,DOMODOSSOLA,8893.0,RM colonna cervicale,130,9,2024
000258,DOMODOSSOLA,8893.1,RM colonna toracica,94,1,2024
000258,DOMODOSSOLA,8893.1,RM colonna toracica,140,2,2024
000258,DOMODOSSOLA,8893.1,RM colonna toracica,133,3,2024
000258,DOMODOSSOLA,8893.1,RM colonna toracica,119,4,2024
000258,DOMODOSSOLA,8893.1,RM colonna toracica,144,5,2024
000258,DOMODOSSOLA,8893.1,RM colonna toracica,100,6,2024
000258,DOMODOSSOLA,8893.1,RM colonna toracica,147,7,2024
000258,DOMODOSSOLA,8893.1,RM colonna toracica,156,8,2024
000258,DOMODOSSOLA,8893.1,RM colonna toracica,130,9,2024
000258,DOMODOSSOLA,8893.2,RM colonna lombo sacrale,94,1,2024
000258,DOMODOSSOLA,8893.2,RM colonna lombo sacrale,140,2,2024
000258,DOMODOSSOLA,8893.2,RM colonna lombo sacrale,133,3,2024
000258,DOMODOSSOLA,8893.2,RM colonna lombo sacrale,119,4,2024
000258,DOMODOSSOLA,8893.2,RM colonna lombo sacrale,144,5,2024
000258,DOMODOSSOLA,8893.2,RM colonna lombo sacrale,100,6,2024
000258,DOMODOSSOLA,8893.2,RM colonna lombo sacrale,147,7,2024
000258,DOMODOSSOLA,8893.2,RM colonna lombo sacrale,156,8,2024
000258,DOMODOSSOLA,8893.2,RM colonna lombo sacrale,130,9,2024
000258,DOMODOSSOLA,88931.0,RM colonna cervicale, senza e con contrasto,302,1,2024
000258,DOMODOSSOLA,88931.0,RM colonna cervicale, senza e con contrasto,232,2,2024
000258,DOMODOSSOLA,88931.0,RM colonna cervicale, senza e con contrasto,308,3,2024
000258,DOMODOSSOLA,88931.0,RM colonna cervicale, senza e con contrasto,295,4,2024
000258,DOMODOSSOLA,88931.0,RM colonna cervicale, senza e con contrasto,280,5,2024
000258,DOMODOSSOLA,88931.0,RM colonna cervicale, senza e con contrasto,256,6,2024
000258,DOMODOSSOLA,88931.0,RM colonna cervicale, senza e con contrasto,256,7,2024
000258,DOMODOSSOLA,88931.0,RM colonna cervicale, senza e con contrasto,3,8,2024
000258,DOMODOSSOLA,88931.0,RM colonna cervicale, senza e con contrasto,224,9,2024
000258,DOMODOSSOLA,88931.1,RM colonna toracica, senza e con contrasto,302,1,2024
000258,DOMODOSSOLA,88931.1,RM colonna toracica, senza e con contrasto,232,2,2024
000258,DOMODOSSOLA,88931.1,RM colonna toracica, senza e con contrasto,308,3,2024
000258,DOMODOSSOLA,88931.1,RM colonna toracica, senza e con contrasto,295,4,2024
000258,DOMODOSSOLA,88931.1,RM colonna toracica, senza e con contrasto,280,5,2024
000258,DOMODOSSOLA,88931.1,RM colonna toracica, senza e con contrasto,256,6,2024
000258,DOMODOSSOLA,88931.1,RM colonna toracica, senza e con contrasto,256,7,2024
000258,DOMODOSSOLA,88931.1,RM colonna toracica, senza e con contrasto,3,8,2024
000258,DOMODOSSOLA,88931.1,RM colonna toracica, senza e con contrasto,224,9,2024
000258,DOMODOSSOLA,88931.2,RM colonna lombo sacrale, senza e con contrasto,302,1,2024
000258,DOMODOSSOLA,88931.2,RM colonna lombo sacrale, senza e con contrasto,232,2,2024
000258,DOMODOSSOLA,88931.2,RM colonna lombo sacrale, senza e con contrasto,308,3,2024
000258,DOMODOSSOLA,88931.2,RM colonna lombo sacrale, senza e con contrasto,295,4,2024
000258,DOMODOSSOLA,88931.2,RM colonna lombo sacrale, senza e con contrasto,280,5,2024
000258,DOMODOSSOLA,88931.2,RM colonna lombo sacrale, senza e con contrasto,256,6,2024
000258,DOMODOSSOLA,88931.2,RM colonna lombo sacrale, senza e con contrasto,256,7,2024
000258,DOMODOSSOLA,88931.2,RM colonna lombo sacrale, senza e con contrasto,3,8,2024
000258,DOMODOSSOLA,88931.2,RM colonna lombo sacrale, senza e con contrasto,224,9,2024
000258,DOMODOSSOLA,89.41,Test cardiovascolare da sforzo con pedana mobile,150,1,2024
000258,DOMODOSSOLA,89.41,Test cardiovascolare da sforzo con pedana mobile,165,2,2024
000258,DOMODOSSOLA,89.41,Test cardiovascolare da sforzo con pedana mobile,178,3,2024
000258,DOMODOSSOLA,89.41,Test cardiovascolare da sforzo con pedana mobile,179,4,2024
000258,DOMODOSSOLA,89.41,Test cardiovascolare da sforzo con pedana mobile,172,5,2024
000258,DOMODOSSOLA,89.41,Test cardiovascolare da sforzo con pedana mobile,175,6,2024
000258,DOMODOSSOLA,89.41,Test cardiovascolare da sforzo con pedana mobile,196,7,2024
000258,DOMODOSSOLA,89.41,Test cardiovascolare da sforzo con pedana mobile,176,8,2024
000258,DOMODOSSOLA,89.41,Test cardiovascolare da sforzo con pedana mobile,176,9,2024
000258,DOMODOSSOLA,89.43,Test cardiovascolare da sforzo con cicloergometro,150,1,2024
000258,DOMODOSSOLA,89.43,Test cardiovascolare da sforzo con cicloergometro,165,2,2024
000258,DOMODOSSOLA,89.43,Test cardiovascolare da sforzo con cicloergometro,178,3,2024
000258,DOMODOSSOLA,89.43,Test cardiovascolare da sforzo con cicloergometro,179,4,2024
000258,DOMODOSSOLA,89.43,Test cardiovascolare da sforzo con cicloergometro,172,5,2024
000258,DOMODOSSOLA,89.43,Test cardiovascolare da sforzo con cicloergometro,175,6,2024
000258,DOMODOSSOLA,89.43,Test cardiovascolare da sforzo con cicloergometro,196,7,2024
000258,DOMODOSSOLA,89.43,Test cardiovascolare da sforzo con cicloergometro,207,8,2024
000258,DOMODOSSOLA,89.43,Test cardiovascolare da sforzo con cicloergometro,176,9,2024
000258,DOMODOSSOLA,89.50,ECG dinamico 24 ore - ( Holter ),99,1,2024
000258,DOMODOSSOLA,89.50,ECG dinamico 24 ore - ( Holter ),98,2,2024
000258,DOMODOSSOLA,89.50,ECG dinamico 24 ore - ( Holter ),111,3,2024
000258,DOMODOSSOLA,89.50,ECG dinamico 24 ore - ( Holter ),113,4,2024
000258,DOMODOSSOLA,89.50,ECG dinamico 24 ore - ( Holter ),113,5,2024
000258,DOMODOSSOLA,89.50,ECG dinamico 24 ore - ( Holter ),107,6,2024
000258,DOMODOSSOLA,89.50,ECG dinamico 24 ore - ( Holter ),100,7,2024
000258,DOMODOSSOLA,89.50,ECG dinamico 24 ore - ( Holter ),105,8,2024
000258,DOMODOSSOLA,89.50,ECG dinamico 24 ore - ( Holter ),91,9,2024
000258,DOMODOSSOLA,89.52,Elettrocardiogramma (ECG),1,1,2024
000258,DOMODOSSOLA,89.52,Elettrocardiogramma (ECG),1,2,2024
000258,DOMODOSSOLA,89.52,Elettrocardiogramma (ECG),1,3,2024
000258,DOMODOSSOLA,89.52,Elettrocardiogramma (ECG),1,4,2024
000258,DOMODOSSOLA,89.52,Elettrocardiogramma (ECG),1,5,2024
000258,DOMODOSSOLA,89.52,Elettrocardiogramma (ECG),1,6,2024
000258,DOMODOSSOLA,89.52,Elettrocardiogramma (ECG),1,7,2024
000258,DOMODOSSOLA,89.52,Elettrocardiogramma (ECG),1,8,2024
000258,DOMODOSSOLA,89.52,Elettrocardiogramma (ECG),1,9,2024
000258,DOMODOSSOLA,8913.0,Visita neurologica,8,1,2024
000258,DOMODOSSOLA,8913.0,Visita neurologica,15,2,2024
000258,DOMODOSSOLA,8913.0,Visita neurologica,20,3,2024
000258,DOMODOSSOLA,8913.0,Visita neurologica,35,4,2024
000258,DOMODOSSOLA,8913.0,Visita neurologica,38,5,2024
000258,DOMODOSSOLA,8913.0,Visita neurologica,38,6,2024
000258,DOMODOSSOLA,8913.0,Visita neurologica,19,7,2024
000258,DOMODOSSOLA,8913.0,Visita neurologica,28,8,2024
000258,DOMODOSSOLA,8913.0,Visita neurologica,10,9,2024
000258,DOMODOSSOLA,8926.0,Visita ostetrico - ginecologica,38,1,2024
000258,DOMODOSSOLA,8926.0,Visita ostetrico - ginecologica,44,2,2024
000258,DOMODOSSOLA,8926.0,Visita ostetrico - ginecologica,59,3,2024
000258,DOMODOSSOLA,8926.0,Visita ostetrico - ginecologica,60,4,2024
000258,DOMODOSSOLA,8926.0,Visita ostetrico - ginecologica,63,5,2024
000258,DOMODOSSOLA,8926.0,Visita ostetrico - ginecologica,14,6,2024
000258,DOMODOSSOLA,8926.0,Visita ostetrico - ginecologica,77,7,2024
000258,DOMODOSSOLA,8926.0,Visita ostetrico - ginecologica,79,8,2024
000258,DOMODOSSOLA,8926.0,Visita ostetrico - ginecologica,73,9,2024
000258,DOMODOSSOLA,897.01,Visita cardiologica,307,1,2024
000258,DOMODOSSOLA,897.01,Visita cardiologica,185,2,2024
000258,DOMODOSSOLA,897.01,Visita cardiologica,205,3,2024
000258,DOMODOSSOLA,897.01,Visita cardiologica,308,4,2024
000258,DOMODOSSOLA,897.01,Visita cardiologica,260,5,2024
000258,DOMODOSSOLA,897.01,Visita cardiologica,295,6,2024
000258,DOMODOSSOLA,897.01,Visita cardiologica,283,7,2024
000258,DOMODOSSOLA,897.01,Visita cardiologica,304,8,2024
000258,DOMODOSSOLA,897.01,Visita cardiologica,143,9,2024
000258,DOMODOSSOLA,897.07,Visita endocrinologica,2,1,2024
000258,DOMODOSSOLA,897.07,Visita endocrinologica,7,2,2024
000258,DOMODOSSOLA,897.07,Visita endocrinologica,14,3,2024
000258,DOMODOSSOLA,897.07,Visita endocrinologica,29,4,2024
000258,DOMODOSSOLA,897.07,Visita endocrinologica,50,5,2024
000258,DOMODOSSOLA,897.07,Visita endocrinologica,43,6,2024
000258,DOMODOSSOLA,897.07,Visita endocrinologica,17,7,2024
000258,DOMODOSSOLA,897.07,Visita endocrinologica,15,8,2024
000258,DOMODOSSOLA,897.07,Visita endocrinologica,15,9,2024
000258,DOMODOSSOLA,897.13,Visita ortopedica,15,1,2024
000258,DOMODOSSOLA,897.13,Visita ortopedica,3,2,2024
000258,DOMODOSSOLA,897.13,Visita ortopedica,3,3,2024
000258,DOMODOSSOLA,897.13,Visita ortopedica,8,4,2024
000258,DOMODOSSOLA,897.13,Visita ortopedica,7,5,2024
000258,DOMODOSSOLA,897.13,Visita ortopedica,7,6,2024
000258,DOMODOSSOLA,897.13,Visita ortopedica,1,7,2024
000258,DOMODOSSOLA,897.13,Visita ortopedica,2,8,2024
000258,DOMODOSSOLA,897.13,Visita ortopedica,4,9,2024
000258,DOMODOSSOLA,897.14,Visita otorinolaringoiatrica,8,1,2024
000258,DOMODOSSOLA,897.14,Visita otorinolaringoiatrica,22,2,2024
000258,DOMODOSSOLA,897.14,Visita otorinolaringoiatrica,35,3,2024
000258,DOMODOSSOLA,897.14,Visita otorinolaringoiatrica,50,4,2024
000258,DOMODOSSOLA,897.14,Visita otorinolaringoiatrica,64,5,2024
000258,DOMODOSSOLA,897.14,Visita otorinolaringoiatrica,85,6,2024
000258,DOMODOSSOLA,897.14,Visita otorinolaringoiatrica,85,7,2024
000258,DOMODOSSOLA,897.14,Visita otorinolaringoiatrica,85,8,2024
000258,DOMODOSSOLA,897.14,Visita otorinolaringoiatrica,78,9,2024
000258,DOMODOSSOLA,897.18,Visita urologica,1,1,2024
000258,DOMODOSSOLA,897.18,Visita urologica,1,2,2024
000258,DOMODOSSOLA,897.18,Visita urologica,1,3,2024
000258,DOMODOSSOLA,897.18,Visita urologica,1,4,2024
000258,DOMODOSSOLA,897.18,Visita urologica,1,5,2024
000258,DOMODOSSOLA,897.18,Visita urologica,1,6,2024
000258,DOMODOSSOLA,897.18,Visita urologica,1,7,2024
000258,DOMODOSSOLA,897.18,Visita urologica,1,8,2024
000258,DOMODOSSOLA,897.18,Visita urologica,1,9,2024
000258,DOMODOSSOLA,897.19,Visita dermatologica,133,1,2024
000258,DOMODOSSOLA,897.19,Visita dermatologica,156,2,2024
000258,DOMODOSSOLA,897.19,Visita dermatologica,147,3,2024
000258,DOMODOSSOLA,897.19,Visita dermatologica,148,4,2024
000258,DOMODOSSOLA,897.19,Visita dermatologica,162,5,2024
000258,DOMODOSSOLA,897.19,Visita dermatologica,169,6,2024
000258,DOMODOSSOLA,897.19,Visita dermatologica,191,7,2024
000258,DOMODOSSOLA,897.19,Visita dermatologica,162,8,2024
000258,DOMODOSSOLA,897.19,Visita dermatologica,169,9,2024
000258,DOMODOSSOLA,897.20,Visita fisiatrica,112,1,2024
000258,DOMODOSSOLA,897.20,Visita fisiatrica,18,2,2024
000258,DOMODOSSOLA,897.20,Visita fisiatrica,128,3,2024
000258,DOMODOSSOLA,897.20,Visita fisiatrica,21,4,2024
000258,DOMODOSSOLA,897.20,Visita fisiatrica,141,5,2024
000258,DOMODOSSOLA,897.20,Visita fisiatrica,143,6,2024
000258,DOMODOSSOLA,897.20,Visita fisiatrica,142,7,2024
000258,DOMODOSSOLA,897.20,Visita fisiatrica,141,8,2024
000258,DOMODOSSOLA,897.20,Visita fisiatrica,129,9,2024
000258,DOMODOSSOLA,897.21,Visita gastroenterologica,225,1,2024
000258,DOMODOSSOLA,897.21,Visita gastroenterologica,268,2,2024
000258,DOMODOSSOLA,897.21,Visita gastroenterologica,274,3,2024
000258,DOMODOSSOLA,897.21,Visita gastroenterologica,289,4,2024
000258,DOMODOSSOLA,897.21,Visita gastroenterologica,66,5,2024
000258,DOMODOSSOLA,897.21,Visita gastroenterologica,296,6,2024
000258,DOMODOSSOLA,897.21,Visita gastroenterologica,65,7,2024
000258,DOMODOSSOLA,897.21,Visita gastroenterologica,37,8,2024
000258,DOMODOSSOLA,897.21,Visita gastroenterologica,58,9,2024
000258,DOMODOSSOLA,897.22,Visita oncologica,1,1,2024
000258,DOMODOSSOLA,897.22,Visita oncologica,1,2,2024
000258,DOMODOSSOLA,897.22,Visita oncologica,1,3,2024
000258,DOMODOSSOLA,897.22,Visita oncologica,2,4,2024
000258,DOMODOSSOLA,897.22,Visita oncologica,5,5,2024
000258,DOMODOSSOLA,897.22,Visita oncologica,1,6,2024
000258,DOMODOSSOLA,897.22,Visita oncologica,7,7,2024
000258,DOMODOSSOLA,897.22,Visita oncologica,1,8,2024
000258,DOMODOSSOLA,897.22,Visita oncologica,1,9,2024
000258,DOMODOSSOLA,897.67,Visita cardiologica con ECG,307,1,2024
000258,DOMODOSSOLA,897.67,Visita cardiologica con ECG,185,2,2024
000258,DOMODOSSOLA,897.67,Visita cardiologica con ECG,205,3,2024
000258,DOMODOSSOLA,897.67,Visita cardiologica con ECG,308,4,2024
000258,DOMODOSSOLA,897.67,Visita cardiologica con ECG,260,5,2024
000258,DOMODOSSOLA,897.67,Visita cardiologica con ECG,295,6,2024
000258,DOMODOSSOLA,897.67,Visita cardiologica con ECG,283,7,2024
000258,DOMODOSSOLA,897.67,Visita cardiologica con ECG,304,8,2024
000258,DOMODOSSOLA,897.67,Visita cardiologica con ECG,143,9,2024
000258,DOMODOSSOLA,93.08.1,Elettromiografia semplice (EMG),22,1,2024
000258,DOMODOSSOLA,93.08.1,Elettromiografia semplice (EMG),22,2,2024
000258,DOMODOSSOLA,93.08.1,Elettromiografia semplice (EMG),56,3,2024
000258,DOMODOSSOLA,93.08.1,Elettromiografia semplice (EMG),106,4,2024
000258,DOMODOSSOLA,93.08.1,Elettromiografia semplice (EMG),16,5,2024
000258,DOMODOSSOLA,93.08.1,Elettromiografia semplice (EMG),114,6,2024
000258,DOMODOSSOLA,93.08.1,Elettromiografia semplice (EMG),127,7,2024
000258,DOMODOSSOLA,93.08.1,Elettromiografia semplice (EMG),120,8,2024
000258,DOMODOSSOLA,93.08.1,Elettromiografia semplice (EMG),33,9,2024
000258,DOMODOSSOLA,93.08.A,Studio elettromiografico arto superiore,22,1,2024
000258,DOMODOSSOLA,93.08.A,Studio elettromiografico arto superiore,22,2,2024
000258,DOMODOSSOLA,93.08.A,Studio elettromiografico arto superiore,56,3,2024
000258,DOMODOSSOLA,93.08.A,Studio elettromiografico arto superiore,106,4,2024
000258,DOMODOSSOLA,93.08.A,Studio elettromiografico arto superiore,16,5,2024
000258,DOMODOSSOLA,93.08.A,Studio elettromiografico arto superiore,114,6,2024
000258,DOMODOSSOLA,93.08.A,Studio elettromiografico arto superiore,127,7,2024
000258,DOMODOSSOLA,93.08.A,Studio elettromiografico arto superiore,120,8,2024
000258,DOMODOSSOLA,93.08.A,Studio elettromiografico arto superiore,33,9,2024
000258,DOMODOSSOLA,93.08.B,Studio elettromiografico arto inferiore,22,1,2024
000258,DOMODOSSOLA,93.08.B,Studio elettromiografico arto inferiore,22,2,2024
000258,DOMODOSSOLA,93.08.B,Studio elettromiografico arto inferiore,56,3,2024
000258,DOMODOSSOLA,93.08.B,Studio elettromiografico arto inferiore,106,4,2024
000258,DOMODOSSOLA,93.08.B,Studio elettromiografico arto inferiore,16,5,2024
000258,DOMODOSSOLA,93.08.B,Studio elettromiografico arto inferiore,114,6,2024
000258,DOMODOSSOLA,93.08.B,Studio elettromiografico arto inferiore,127,7,2024
000258,DOMODOSSOLA,93.08.B,Studio elettromiografico arto inferiore,120,8,2024
000258,DOMODOSSOLA,93.08.B,Studio elettromiografico arto inferiore,33,9,2024
000258,DOMODOSSOLA,93.08.C,Studio elettromiografico distretto cranico,22,1,2024
000258,DOMODOSSOLA,93.08.C,Studio elettromiografico distretto cranico,22,2,2024
000258,DOMODOSSOLA,93.08.C,Studio elettromiografico distretto cranico,56,3,2024
000258,DOMODOSSOLA,93.08.C,Studio elettromiografico distretto cranico,106,4,2024
000258,DOMODOSSOLA,93.08.C,Studio elettromiografico distretto cranico,16,5,2024
000258,DOMODOSSOLA,93.08.C,Studio elettromiografico distretto cranico,114,6,2024
000258,DOMODOSSOLA,93.08.C,Studio elettromiografico distretto cranico,127,7,2024
000258,DOMODOSSOLA,93.08.C,Studio elettromiografico distretto cranico,120,8,2024
000258,DOMODOSSOLA,93.08.C,Studio elettromiografico distretto cranico,33,9,2024
000258,DOMODOSSOLA,95.41.1,Esame audiometrico tonale,55,1,2024
000258,DOMODOSSOLA,95.41.1,Esame audiometrico tonale,70,2,2024
000258,DOMODOSSOLA,95.41.1,Esame audiometrico tonale,62,3,2024
000258,DOMODOSSOLA,95.41.1,Esame audiometrico tonale,63,4,2024
000258,DOMODOSSOLA,95.41.1,Esame audiometrico tonale,66,5,2024
000258,DOMODOSSOLA,95.41.1,Esame audiometrico tonale,59,6,2024
000258,DOMODOSSOLA,95.41.1,Esame audiometrico tonale,84,7,2024
000258,DOMODOSSOLA,95.41.1,Esame audiometrico tonale,73,8,2024
000258,DOMODOSSOLA,95.41.1,Esame audiometrico tonale,31,9,2024
000258,DOMODOSSOLA,9502.0,Visita oculistica,190,1,2024
000258,DOMODOSSOLA,9502.0,Visita oculistica,198,2,2024
000258,DOMODOSSOLA,9502.0,Visita oculistica,211,3,2024
000258,DOMODOSSOLA,9502.0,Visita oculistica,240,4,2024
000258,DOMODOSSOLA,9502.0,Visita oculistica,267,5,2024
000258,DOMODOSSOLA,9502.0,Visita oculistica,263,6,2024
000258,DOMODOSSOLA,9502.0,Visita oculistica,260,7,2024
000258,DOMODOSSOLA,9502.0,Visita oculistica,267,8,2024
000258,DOMODOSSOLA,9502.0,Visita oculistica,16,9,2024
000401,ISTITUTO AUXOLOGICO,87.37.1,Mammografia bilaterale, in 2 proiezioni,22,1,2024
000401,ISTITUTO AUXOLOGICO,87.37.1,Mammografia bilaterale, in 2 proiezioni,2,2,2024
000401,ISTITUTO AUXOLOGICO,87.37.1,Mammografia bilaterale, in 2 proiezioni,23,3,2024
000401,ISTITUTO AUXOLOGICO,87.37.1,Mammografia bilaterale, in 2 proiezioni,9,4,2024
000401,ISTITUTO AUXOLOGICO,87.37.1,Mammografia bilaterale, in 2 proiezioni,23,5,2024
000401,ISTITUTO AUXOLOGICO,87.37.1,Mammografia bilaterale, in 2 proiezioni,9,6,2024
000401,ISTITUTO AUXOLOGICO,87.37.1,Mammografia bilaterale, in 2 proiezioni,16,7,2024
000401,ISTITUTO AUXOLOGICO,87.37.1,Mammografia bilaterale, in 2 proiezioni,23,8,2024
000401,ISTITUTO AUXOLOGICO,87.37.2,Mammografia monolaterale, in 2 proiezioni,22,1,2024
000401,ISTITUTO AUXOLOGICO,87.37.2,Mammografia monolaterale, in 2 proiezioni,2,2,2024
000401,ISTITUTO AUXOLOGICO,87.37.2,Mammografia monolaterale, in 2 proiezioni,23,3,2024
000401,ISTITUTO AUXOLOGICO,87.37.2,Mammografia monolaterale, in 2 proiezioni,9,4,2024
000401,ISTITUTO AUXOLOGICO,87.37.2,Mammografia monolaterale, in 2 proiezioni,23,5,2024
000401,ISTITUTO AUXOLOGICO,87.37.2,Mammografia monolaterale, in 2 proiezioni,9,6,2024
000401,ISTITUTO AUXOLOGICO,87.37.2,Mammografia monolaterale, in 2 proiezioni,16,7,2024
000401,ISTITUTO AUXOLOGICO,87.37.2,Mammografia monolaterale, in 2 proiezioni,23,8,2024
000401,ISTITUTO AUXOLOGICO,88.01.1,Tac dell'addome superiore,30,1,2024
000401,ISTITUTO AUXOLOGICO,88.01.5,Tac dell'addome completo,30,1,2024
000401,ISTITUTO AUXOLOGICO,88.38.5,Tac del bacino e articolazioni sacro-iliache,30,1,2024
000401,ISTITUTO AUXOLOGICO,88.72.6,Ecocardiografia,16,1,2024
000401,ISTITUTO AUXOLOGICO,88.72.6,Ecocardiografia,24,2,2024
000401,ISTITUTO AUXOLOGICO,88.72.6,Ecocardiografia,24,3,2024
000401,ISTITUTO AUXOLOGICO,88.72.6,Ecocardiografia,43,4,2024
000401,ISTITUTO AUXOLOGICO,88.72.6,Ecocardiografia,21,5,2024
000401,ISTITUTO AUXOLOGICO,88.72.6,Ecocardiografia,25,6,2024
000401,ISTITUTO AUXOLOGICO,88.72.6,Ecocardiografia,29,7,2024
000401,ISTITUTO AUXOLOGICO,88.72.6,Ecocardiografia,17,8,2024
000401,ISTITUTO AUXOLOGICO,88.72.6,Ecocardiografia,24,9,2024
000401,ISTITUTO AUXOLOGICO,88.73.1,Ecografia mammaria bilaterale,22,1,2024
000401,ISTITUTO AUXOLOGICO,88.73.1,Ecografia mammaria bilaterale,39,2,2024
000401,ISTITUTO AUXOLOGICO,88.73.1,Ecografia mammaria bilaterale,24,3,2024
000401,ISTITUTO AUXOLOGICO,88.73.1,Ecografia mammaria bilaterale,18,4,2024
000401,ISTITUTO AUXOLOGICO,88.73.1,Ecografia mammaria bilaterale,12,5,2024
000401,ISTITUTO AUXOLOGICO,88.73.1,Ecografia mammaria bilaterale,36,6,2024
000401,ISTITUTO AUXOLOGICO,88.73.1,Ecografia mammaria bilaterale,44,7,2024
000401,ISTITUTO AUXOLOGICO,88.73.1,Ecografia mammaria bilaterale,36,8,2024
000401,ISTITUTO AUXOLOGICO,88.73.1,Ecografia mammaria bilaterale,18,9,2024
000401,ISTITUTO AUXOLOGICO,88.73.2,Ecografia della mammella - monolaterale,22,1,2024
000401,ISTITUTO AUXOLOGICO,88.73.2,Ecografia della mammella - monolaterale,39,2,2024
000401,ISTITUTO AUXOLOGICO,88.73.2,Ecografia della mammella - monolaterale,24,3,2024
000401,ISTITUTO AUXOLOGICO,88.73.2,Ecografia della mammella - monolaterale,18,4,2024
000401,ISTITUTO AUXOLOGICO,88.73.2,Ecografia della mammella - monolaterale,12,5,2024
000401,ISTITUTO AUXOLOGICO,88.73.2,Ecografia della mammella - monolaterale,36,6,2024
000401,ISTITUTO AUXOLOGICO,88.73.2,Ecografia della mammella - monolaterale,44,7,2024
000401,ISTITUTO AUXOLOGICO,88.73.2,Ecografia della mammella - monolaterale,36,8,2024
000401,ISTITUTO AUXOLOGICO,88.73.2,Ecografia della mammella - monolaterale,18,9,2024
000401,ISTITUTO AUXOLOGICO,88.73.5,Eco(color)doppler dei tronchi sovraortici,14,1,2024
000401,ISTITUTO AUXOLOGICO,88.73.5,Eco(color)doppler dei tronchi sovraortici,24,2,2024
000401,ISTITUTO AUXOLOGICO,88.73.5,Eco(color)doppler dei tronchi sovraortici,32,3,2024
000401,ISTITUTO AUXOLOGICO,88.73.5,Eco(color)doppler dei tronchi sovraortici,29,4,2024
000401,ISTITUTO AUXOLOGICO,88.73.5,Eco(color)doppler dei tronchi sovraortici,21,5,2024
000401,ISTITUTO AUXOLOGICO,88.73.5,Eco(color)doppler dei tronchi sovraortici,38,6,2024
000401,ISTITUTO AUXOLOGICO,88.73.5,Eco(color)doppler dei tronchi sovraortici,36,7,2024
000401,ISTITUTO AUXOLOGICO,88.73.5,Eco(color)doppler dei tronchi sovraortici,38,8,2024
000401,ISTITUTO AUXOLOGICO,88.73.5,Eco(color)doppler dei tronchi sovraortici,24,9,2024
000401,ISTITUTO AUXOLOGICO,88381.0,Tac del rachide cervicale e dello speco vertebrale,30,1,2024
000401,ISTITUTO AUXOLOGICO,88381.1,Tac del rachide dorsale e dello speco vertebrale,30,1,2024
000401,ISTITUTO AUXOLOGICO,88381.2,Tac del lombo - sacrale e dello speco vertebrale,30,1,2024
000401,ISTITUTO AUXOLOGICO,88714.0,Ecografia del collo per linfonodi,22,1,2024
000401,ISTITUTO AUXOLOGICO,88714.0,Ecografia del collo per linfonodi,39,2,2024
000401,ISTITUTO AUXOLOGICO,88714.0,Ecografia del collo per linfonodi,24,3,2024
000401,ISTITUTO AUXOLOGICO,88714.0,Ecografia del collo per linfonodi,18,4,2024
000401,ISTITUTO AUXOLOGICO,88714.0,Ecografia del collo per linfonodi,12,5,2024
000401,ISTITUTO AUXOLOGICO,88714.0,Ecografia del collo per linfonodi,36,6,2024
000401,ISTITUTO AUXOLOGICO,88714.0,Ecografia del collo per linfonodi,44,7,2024
000401,ISTITUTO AUXOLOGICO,88714.0,Ecografia del collo per linfonodi,36,8,2024
000401,ISTITUTO AUXOLOGICO,88714.0,Ecografia del collo per linfonodi,18,9,2024
000401,ISTITUTO AUXOLOGICO,88714.1,Ecografia ghiandole salivari,22,1,2024
000401,ISTITUTO AUXOLOGICO,88714.1,Ecografia ghiandole salivari,39,2,2024
000401,ISTITUTO AUXOLOGICO,88714.1,Ecografia ghiandole salivari,24,3,2024
000401,ISTITUTO AUXOLOGICO,88714.1,Ecografia ghiandole salivari,18,4,2024
000401,ISTITUTO AUXOLOGICO,88714.1,Ecografia ghiandole salivari,12,5,2024
000401,ISTITUTO AUXOLOGICO,88714.1,Ecografia ghiandole salivari,36,6,2024
000401,ISTITUTO AUXOLOGICO,88714.1,Ecografia ghiandole salivari,44,7,2024
000401,ISTITUTO AUXOLOGICO,88714.1,Ecografia ghiandole salivari,36,8,2024
000401,ISTITUTO AUXOLOGICO,88714.1,Ecografia ghiandole salivari,18,9,2024
000401,ISTITUTO AUXOLOGICO,88714.2,Ecografia tiroide - paratiroidi,22,1,2024
000401,ISTITUTO AUXOLOGICO,88714.2,Ecografia tiroide - paratiroidi,39,2,2024
000401,ISTITUTO AUXOLOGICO,88714.2,Ecografia tiroide - paratiroidi,24,3,2024
000401,ISTITUTO AUXOLOGICO,88714.2,Ecografia tiroide - paratiroidi,18,4,2024
000401,ISTITUTO AUXOLOGICO,88714.2,Ecografia tiroide - paratiroidi,12,5,2024
000401,ISTITUTO AUXOLOGICO,88714.2,Ecografia tiroide - paratiroidi,36,6,2024
000401,ISTITUTO AUXOLOGICO,88714.2,Ecografia tiroide - paratiroidi,44,7,2024
000401,ISTITUTO AUXOLOGICO,88714.2,Ecografia tiroide - paratiroidi,36,8,2024
000401,ISTITUTO AUXOLOGICO,88714.2,Ecografia tiroide - paratiroidi,18,9,2024
000401,ISTITUTO AUXOLOGICO,88741.0,Ecografia dell'addome superiore,27,1,2024
000401,ISTITUTO AUXOLOGICO,88741.0,Ecografia dell'addome superiore,21,2,2024
000401,ISTITUTO AUXOLOGICO,88741.0,Ecografia dell'addome superiore,35,3,2024
000401,ISTITUTO AUXOLOGICO,88741.0,Ecografia dell'addome superiore,18,4,2024
000401,ISTITUTO AUXOLOGICO,88741.0,Ecografia dell'addome superiore,12,5,2024
000401,ISTITUTO AUXOLOGICO,88741.0,Ecografia dell'addome superiore,35,6,2024
000401,ISTITUTO AUXOLOGICO,88741.0,Ecografia dell'addome superiore,30,7,2024
000401,ISTITUTO AUXOLOGICO,88741.0,Ecografia dell'addome superiore,7,8,2024
000401,ISTITUTO AUXOLOGICO,88741.0,Ecografia dell'addome superiore,28,9,2024
000401,ISTITUTO AUXOLOGICO,88751.0,Ecografia dell'addome inferiore,27,1,2024
000401,ISTITUTO AUXOLOGICO,88751.0,Ecografia dell'addome inferiore,21,2,2024
000401,ISTITUTO AUXOLOGICO,88751.0,Ecografia dell'addome inferiore,35,3,2024
000401,ISTITUTO AUXOLOGICO,88751.0,Ecografia dell'addome inferiore,18,4,2024
000401,ISTITUTO AUXOLOGICO,88751.0,Ecografia dell'addome inferiore,12,5,2024
000401,ISTITUTO AUXOLOGICO,88751.0,Ecografia dell'addome inferiore,35,6,2024
000401,ISTITUTO AUXOLOGICO,88751.0,Ecografia dell'addome inferiore,30,7,2024
000401,ISTITUTO AUXOLOGICO,88751.0,Ecografia dell'addome inferiore,7,8,2024
000401,ISTITUTO AUXOLOGICO,88751.0,Ecografia dell'addome inferiore,28,9,2024
000401,ISTITUTO AUXOLOGICO,88756.0,Ecografia dell'addome completo,27,1,2024
000401,ISTITUTO AUXOLOGICO,88756.0,Ecografia dell'addome completo,21,2,2024
000401,ISTITUTO AUXOLOGICO,88756.0,Ecografia dell'addome completo,35,3,2024
000401,ISTITUTO AUXOLOGICO,88756.0,Ecografia dell'addome completo,18,4,2024
000401,ISTITUTO AUXOLOGICO,88756.0,Ecografia dell'addome completo,12,5,2024
000401,ISTITUTO AUXOLOGICO,88756.0,Ecografia dell'addome completo,35,6,2024
000401,ISTITUTO AUXOLOGICO,88756.0,Ecografia dell'addome completo,30,7,2024
000401,ISTITUTO AUXOLOGICO,88756.0,Ecografia dell'addome completo,7,8,2024
000401,ISTITUTO AUXOLOGICO,88756.0,Ecografia dell'addome completo,28,9,2024
000401,ISTITUTO AUXOLOGICO,88772.0,Eco(color)dopplergrafia degli arti superiori arteriosa,14,1,2024
000401,ISTITUTO AUXOLOGICO,88772.0,Eco(color)dopplergrafia degli arti superiori arteriosa,25,2,2024
000401,ISTITUTO AUXOLOGICO,88772.0,Eco(color)dopplergrafia degli arti superiori arteriosa,32,3,2024
000401,ISTITUTO AUXOLOGICO,88772.0,Eco(color)dopplergrafia degli arti superiori arteriosa,29,4,2024
000401,ISTITUTO AUXOLOGICO,88772.0,Eco(color)dopplergrafia degli arti superiori arteriosa,36,5,2024
000401,ISTITUTO AUXOLOGICO,88772.0,Eco(color)dopplergrafia degli arti superiori arteriosa,38,6,2024
000401,ISTITUTO AUXOLOGICO,88772.0,Eco(color)dopplergrafia degli arti superiori arteriosa,36,7,2024
000401,ISTITUTO AUXOLOGICO,88772.0,Eco(color)dopplergrafia degli arti superiori arteriosa,38,8,2024
000401,ISTITUTO AUXOLOGICO,88772.0,Eco(color)dopplergrafia degli arti superiori arteriosa,24,9,2024
000401,ISTITUTO AUXOLOGICO,88772.1,Eco(color)dopplergrafia degli arti superiori venosa,14,1,2024
000401,ISTITUTO AUXOLOGICO,88772.1,Eco(color)dopplergrafia degli arti superiori venosa,25,2,2024
000401,ISTITUTO AUXOLOGICO,88772.1,Eco(color)dopplergrafia degli arti superiori venosa,32,3,2024
000401,ISTITUTO AUXOLOGICO,88772.1,Eco(color)dopplergrafia degli arti superiori venosa,29,4,2024
000401,ISTITUTO AUXOLOGICO,88772.1,Eco(color)dopplergrafia degli arti superiori venosa,36,5,2024
000401,ISTITUTO AUXOLOGICO,88772.1,Eco(color)dopplergrafia degli arti superiori venosa,38,6,2024
000401,ISTITUTO AUXOLOGICO,88772.1,Eco(color)dopplergrafia degli arti superiori venosa,36,7,2024
000401,ISTITUTO AUXOLOGICO,88772.1,Eco(color)dopplergrafia degli arti superiori venosa,38,8,2024
000401,ISTITUTO AUXOLOGICO,88772.1,Eco(color)dopplergrafia degli arti superiori venosa,24,9,2024
000401,ISTITUTO AUXOLOGICO,88772.2,Eco(color)dopplergrafia degli arti inferiori arteriosa,14,1,2024
000401,ISTITUTO AUXOLOGICO,88772.2,Eco(color)dopplergrafia degli arti inferiori arteriosa,25,2,2024
000401,ISTITUTO AUXOLOGICO,88772.2,Eco(color)dopplergrafia degli arti inferiori arteriosa,32,3,2024
000401,ISTITUTO AUXOLOGICO,88772.2,Eco(color)dopplergrafia degli arti inferiori arteriosa,29,4,2024
000401,ISTITUTO AUXOLOGICO,88772.2,Eco(color)dopplergrafia degli arti inferiori arteriosa,36,5,2024
000401,ISTITUTO AUXOLOGICO,88772.2,Eco(color)dopplergrafia degli arti inferiori arteriosa,38,6,2024
000401,ISTITUTO AUXOLOGICO,88772.2,Eco(color)dopplergrafia degli arti inferiori arteriosa,36,7,2024
000401,ISTITUTO AUXOLOGICO,88772.2,Eco(color)dopplergrafia degli arti inferiori arteriosa,38,8,2024
000401,ISTITUTO AUXOLOGICO,88772.2,Eco(color)dopplergrafia degli arti inferiori arteriosa,24,9,2024
000401,ISTITUTO AUXOLOGICO,88772.3,Eco(color)dopplergrafia degli arti inferiori venosa,14,1,2024
000401,ISTITUTO AUXOLOGICO,88772.3,Eco(color)dopplergrafia degli arti inferiori venosa,25,2,2024
000401,ISTITUTO AUXOLOGICO,88772.3,Eco(color)dopplergrafia degli arti inferiori venosa,32,3,2024
000401,ISTITUTO AUXOLOGICO,88772.3,Eco(color)dopplergrafia degli arti inferiori venosa,29,4,2024
000401,ISTITUTO AUXOLOGICO,88772.3,Eco(color)dopplergrafia degli arti inferiori venosa,36,5,2024
000401,ISTITUTO AUXOLOGICO,88772.3,Eco(color)dopplergrafia degli arti inferiori venosa,38,6,2024
000401,ISTITUTO AUXOLOGICO,88772.3,Eco(color)dopplergrafia degli arti inferiori venosa,36,7,2024
000401,ISTITUTO AUXOLOGICO,88772.3,Eco(color)dopplergrafia degli arti inferiori venosa,38,8,2024
000401,ISTITUTO AUXOLOGICO,88772.3,Eco(color)dopplergrafia degli arti inferiori venosa,24,9,2024
000401,ISTITUTO AUXOLOGICO,88911.0,RM cervello e tronco encefalico,11,1,2024
000401,ISTITUTO AUXOLOGICO,88911.0,RM cervello e tronco encefalico,8,2,2024
000401,ISTITUTO AUXOLOGICO,88911.0,RM cervello e tronco encefalico,15,3,2024
000401,ISTITUTO AUXOLOGICO,88911.0,RM cervello e tronco encefalico,15,4,2024
000401,ISTITUTO AUXOLOGICO,88911.0,RM cervello e tronco encefalico,10,5,2024
000401,ISTITUTO AUXOLOGICO,88911.0,RM cervello e tronco encefalico,11,6,2024
000401,ISTITUTO AUXOLOGICO,88911.0,RM cervello e tronco encefalico,12,7,2024
000401,ISTITUTO AUXOLOGICO,88911.0,RM cervello e tronco encefalico,8,8,2024
000401,ISTITUTO AUXOLOGICO,88911.0,RM cervello e tronco encefalico,8,9,2024
000401,ISTITUTO AUXOLOGICO,88912.0,RM cervello e tronco encefalico, senza e con contrasto,106,1,2024
000401,ISTITUTO AUXOLOGICO,88912.0,RM cervello e tronco encefalico, senza e con contrasto,42,2,2024
000401,ISTITUTO AUXOLOGICO,88912.0,RM cervello e tronco encefalico, senza e con contrasto,21,3,2024
000401,ISTITUTO AUXOLOGICO,88912.0,RM cervello e tronco encefalico, senza e con contrasto,37,4,2024
000401,ISTITUTO AUXOLOGICO,88912.0,RM cervello e tronco encefalico, senza e con contrasto,35,5,2024
000401,ISTITUTO AUXOLOGICO,88912.0,RM cervello e tronco encefalico, senza e con contrasto,26,6,2024
000401,ISTITUTO AUXOLOGICO,88912.0,RM cervello e tronco encefalico, senza e con contrasto,14,7,2024
000401,ISTITUTO AUXOLOGICO,88912.0,RM cervello e tronco encefalico, senza e con contrasto,14,8,2024
000401,ISTITUTO AUXOLOGICO,88912.0,RM cervello e tronco encefalico, senza e con contrasto,21,9,2024
000401,ISTITUTO AUXOLOGICO,8893.0,RM colonna cervicale,11,1,2024
000401,ISTITUTO AUXOLOGICO,8893.0,RM colonna cervicale,8,2,2024
000401,ISTITUTO AUXOLOGICO,8893.0,RM colonna cervicale,12,3,2024
000401,ISTITUTO AUXOLOGICO,8893.0,RM colonna cervicale,7,4,2024
000401,ISTITUTO AUXOLOGICO,8893.0,RM colonna cervicale,10,5,2024
000401,ISTITUTO AUXOLOGICO,8893.0,RM colonna cervicale,10,6,2024
000401,ISTITUTO AUXOLOGICO,8893.0,RM colonna cervicale,12,7,2024
000401,ISTITUTO AUXOLOGICO,8893.0,RM colonna cervicale,8,8,2024
000401,ISTITUTO AUXOLOGICO,8893.0,RM colonna cervicale,8,9,2024
000401,ISTITUTO AUXOLOGICO,8893.1,RM colonna toracica,11,1,2024
000401,ISTITUTO AUXOLOGICO,8893.1,RM colonna toracica,8,2,2024
000401,ISTITUTO AUXOLOGICO,8893.1,RM colonna toracica,12,3,2024
000401,ISTITUTO AUXOLOGICO,8893.1,RM colonna toracica,7,4,2024
000401,ISTITUTO AUXOLOGICO,8893.1,RM colonna toracica,10,5,2024
000401,ISTITUTO AUXOLOGICO,8893.1,RM colonna toracica,10,6,2024
000401,ISTITUTO AUXOLOGICO,8893.1,RM colonna toracica,12,7,2024
000401,ISTITUTO AUXOLOGICO,8893.1,RM colonna toracica,8,8,2024
000401,ISTITUTO AUXOLOGICO,8893.1,RM colonna toracica,8,9,2024
000401,ISTITUTO AUXOLOGICO,8893.2,RM colonna lombo sacrale,11,1,2024
000401,ISTITUTO AUXOLOGICO,8893.2,RM colonna lombo sacrale,8,2,2024
000401,ISTITUTO AUXOLOGICO,8893.2,RM colonna lombo sacrale,12,3,2024
000401,ISTITUTO AUXOLOGICO,8893.2,RM colonna lombo sacrale,7,4,2024
000401,ISTITUTO AUXOLOGICO,8893.2,RM colonna lombo sacrale,10,5,2024
000401,ISTITUTO AUXOLOGICO,8893.2,RM colonna lombo sacrale,10,6,2024
000401,ISTITUTO AUXOLOGICO,8893.2,RM colonna lombo sacrale,12,7,2024
000401,ISTITUTO AUXOLOGICO,8893.2,RM colonna lombo sacrale,8,8,2024
000401,ISTITUTO AUXOLOGICO,8893.2,RM colonna lombo sacrale,8,9,2024
000401,ISTITUTO AUXOLOGICO,88931.0,RM colonna cervicale, senza e con contrasto,106,1,2024
000401,ISTITUTO AUXOLOGICO,88931.0,RM colonna cervicale, senza e con contrasto,42,2,2024
000401,ISTITUTO AUXOLOGICO,88931.0,RM colonna cervicale, senza e con contrasto,21,3,2024
000401,ISTITUTO AUXOLOGICO,88931.0,RM colonna cervicale, senza e con contrasto,37,4,2024
000401,ISTITUTO AUXOLOGICO,88931.0,RM colonna cervicale, senza e con contrasto,35,5,2024
000401,ISTITUTO AUXOLOGICO,88931.0,RM colonna cervicale, senza e con contrasto,26,6,2024
000401,ISTITUTO AUXOLOGICO,88931.0,RM colonna cervicale, senza e con contrasto,14,7,2024
000401,ISTITUTO AUXOLOGICO,88931.0,RM colonna cervicale, senza e con contrasto,14,8,2024
000401,ISTITUTO AUXOLOGICO,88931.0,RM colonna cervicale, senza e con contrasto,21,9,2024
000401,ISTITUTO AUXOLOGICO,88931.1,RM colonna toracica, senza e con contrasto,106,1,2024
000401,ISTITUTO AUXOLOGICO,88931.1,RM colonna toracica, senza e con contrasto,42,2,2024
000401,ISTITUTO AUXOLOGICO,88931.1,RM colonna toracica, senza e con contrasto,21,3,2024
000401,ISTITUTO AUXOLOGICO,88931.1,RM colonna toracica, senza e con contrasto,37,4,2024
000401,ISTITUTO AUXOLOGICO,88931.1,RM colonna toracica, senza e con contrasto,35,5,2024
000401,ISTITUTO AUXOLOGICO,88931.1,RM colonna toracica, senza e con contrasto,26,6,2024
000401,ISTITUTO AUXOLOGICO,88931.1,RM colonna toracica, senza e con contrasto,14,7,2024
000401,ISTITUTO AUXOLOGICO,88931.1,RM colonna toracica, senza e con contrasto,14,8,2024
000401,ISTITUTO AUXOLOGICO,88931.1,RM colonna toracica, senza e con contrasto,21,9,2024
000401,ISTITUTO AUXOLOGICO,88931.2,RM colonna lombo sacrale, senza e con contrasto,106,1,2024
000401,ISTITUTO AUXOLOGICO,88931.2,RM colonna lombo sacrale, senza e con contrasto,42,2,2024
000401,ISTITUTO AUXOLOGICO,88931.2,RM colonna lombo sacrale, senza e con contrasto,21,3,2024
000401,ISTITUTO AUXOLOGICO,88931.2,RM colonna lombo sacrale, senza e con contrasto,37,4,2024
000401,ISTITUTO AUXOLOGICO,88931.2,RM colonna lombo sacrale, senza e con contrasto,35,5,2024
000401,ISTITUTO AUXOLOGICO,88931.2,RM colonna lombo sacrale, senza e con contrasto,26,6,2024
000401,ISTITUTO AUXOLOGICO,88931.2,RM colonna lombo sacrale, senza e con contrasto,14,7,2024
000401,ISTITUTO AUXOLOGICO,88931.2,RM colonna lombo sacrale, senza e con contrasto,14,8,2024
000401,ISTITUTO AUXOLOGICO,88931.2,RM colonna lombo sacrale, senza e con contrasto,21,9,2024
000401,ISTITUTO AUXOLOGICO,89.41,Test cardiovascolare da sforzo con pedana mobile,42,1,2024
000401,ISTITUTO AUXOLOGICO,89.41,Test cardiovascolare da sforzo con pedana mobile,7,2,2024
000401,ISTITUTO AUXOLOGICO,89.41,Test cardiovascolare da sforzo con pedana mobile,35,3,2024
000401,ISTITUTO AUXOLOGICO,89.41,Test cardiovascolare da sforzo con pedana mobile,36,4,2024
000401,ISTITUTO AUXOLOGICO,89.41,Test cardiovascolare da sforzo con pedana mobile,36,5,2024
000401,ISTITUTO AUXOLOGICO,89.41,Test cardiovascolare da sforzo con pedana mobile,35,6,2024
000401,ISTITUTO AUXOLOGICO,89.41,Test cardiovascolare da sforzo con pedana mobile,15,7,2024
000401,ISTITUTO AUXOLOGICO,89.41,Test cardiovascolare da sforzo con pedana mobile,36,8,2024
000401,ISTITUTO AUXOLOGICO,89.41,Test cardiovascolare da sforzo con pedana mobile,21,9,2024
000401,ISTITUTO AUXOLOGICO,89.50,ECG dinamico 24 ore - ( Holter ),9,1,2024
000401,ISTITUTO AUXOLOGICO,89.50,ECG dinamico 24 ore - ( Holter ),10,2,2024
000401,ISTITUTO AUXOLOGICO,89.50,ECG dinamico 24 ore - ( Holter ),24,3,2024
000401,ISTITUTO AUXOLOGICO,89.50,ECG dinamico 24 ore - ( Holter ),18,4,2024
000401,ISTITUTO AUXOLOGICO,89.50,ECG dinamico 24 ore - ( Holter ),15,5,2024
000401,ISTITUTO AUXOLOGICO,89.50,ECG dinamico 24 ore - ( Holter ),8,6,2024
000401,ISTITUTO AUXOLOGICO,89.50,ECG dinamico 24 ore - ( Holter ),8,7,2024
000401,ISTITUTO AUXOLOGICO,89.50,ECG dinamico 24 ore - ( Holter ),21,8,2024
000401,ISTITUTO AUXOLOGICO,89.50,ECG dinamico 24 ore - ( Holter ),8,9,2024
000401,ISTITUTO AUXOLOGICO,89.52,Elettrocardiogramma (ECG),1,1,2024
000401,ISTITUTO AUXOLOGICO,89.52,Elettrocardiogramma (ECG),5,2,2024
000401,ISTITUTO AUXOLOGICO,89.52,Elettrocardiogramma (ECG),4,3,2024
000401,ISTITUTO AUXOLOGICO,89.52,Elettrocardiogramma (ECG),7,4,2024
000401,ISTITUTO AUXOLOGICO,89.52,Elettrocardiogramma (ECG),4,5,2024
000401,ISTITUTO AUXOLOGICO,89.52,Elettrocardiogramma (ECG),1,6,2024
000401,ISTITUTO AUXOLOGICO,89.52,Elettrocardiogramma (ECG),4,7,2024
000401,ISTITUTO AUXOLOGICO,89.52,Elettrocardiogramma (ECG),2,8,2024
000401,ISTITUTO AUXOLOGICO,89.52,Elettrocardiogramma (ECG),4,9,2024
000401,ISTITUTO AUXOLOGICO,8913.0,Visita neurologica,14,1,2024
000401,ISTITUTO AUXOLOGICO,8913.0,Visita neurologica,22,2,2024
000401,ISTITUTO AUXOLOGICO,8913.0,Visita neurologica,24,3,2024
000401,ISTITUTO AUXOLOGICO,8913.0,Visita neurologica,14,4,2024
000401,ISTITUTO AUXOLOGICO,8913.0,Visita neurologica,21,5,2024
000401,ISTITUTO AUXOLOGICO,8913.0,Visita neurologica,25,6,2024
000401,ISTITUTO AUXOLOGICO,8913.0,Visita neurologica,28,7,2024
000401,ISTITUTO AUXOLOGICO,8913.0,Visita neurologica,25,8,2024
000401,ISTITUTO AUXOLOGICO,8913.0,Visita neurologica,8,9,2024
000401,ISTITUTO AUXOLOGICO,89371.0,Spirometria semplice,2,1,2024
000401,ISTITUTO AUXOLOGICO,89371.0,Spirometria semplice,3,2,2024
000401,ISTITUTO AUXOLOGICO,89371.0,Spirometria semplice,22,3,2024
000401,ISTITUTO AUXOLOGICO,89371.0,Spirometria semplice,36,4,2024
000401,ISTITUTO AUXOLOGICO,89371.0,Spirometria semplice,19,5,2024
000401,ISTITUTO AUXOLOGICO,89371.0,Spirometria semplice,26,6,2024
000401,ISTITUTO AUXOLOGICO,89371.0,Spirometria semplice,10,7,2024
000401,ISTITUTO AUXOLOGICO,89371.0,Spirometria semplice,1,8,2024
000401,ISTITUTO AUXOLOGICO,89371.0,Spirometria semplice,19,9,2024
000401,ISTITUTO AUXOLOGICO,897.01,Visita cardiologica,6,1,2024
000401,ISTITUTO AUXOLOGICO,897.01,Visita cardiologica,11,2,2024
000401,ISTITUTO AUXOLOGICO,897.01,Visita cardiologica,18,3,2024
000401,ISTITUTO AUXOLOGICO,897.01,Visita cardiologica,4,4,2024
000401,ISTITUTO AUXOLOGICO,897.01,Visita cardiologica,18,5,2024
000401,ISTITUTO AUXOLOGICO,897.01,Visita cardiologica,46,6,2024
000401,ISTITUTO AUXOLOGICO,897.01,Visita cardiologica,53,7,2024
000401,ISTITUTO AUXOLOGICO,897.01,Visita cardiologica,39,8,2024
000401,ISTITUTO AUXOLOGICO,897.01,Visita cardiologica,11,9,2024
000401,ISTITUTO AUXOLOGICO,897.07,Visita endocrinologica,44,1,2024
000401,ISTITUTO AUXOLOGICO,897.07,Visita endocrinologica,29,2,2024
000401,ISTITUTO AUXOLOGICO,897.07,Visita endocrinologica,31,3,2024
000401,ISTITUTO AUXOLOGICO,897.07,Visita endocrinologica,8,4,2024
000401,ISTITUTO AUXOLOGICO,897.07,Visita endocrinologica,25,5,2024
000401,ISTITUTO AUXOLOGICO,897.07,Visita endocrinologica,18,6,2024
000401,ISTITUTO AUXOLOGICO,897.07,Visita endocrinologica,25,7,2024
000401,ISTITUTO AUXOLOGICO,897.07,Visita endocrinologica,52,8,2024
000401,ISTITUTO AUXOLOGICO,897.07,Visita endocrinologica,53,9,2024
000401,ISTITUTO AUXOLOGICO,897.13,Visita ortopedica,10,1,2024
000401,ISTITUTO AUXOLOGICO,897.13,Visita ortopedica,22,2,2024
000401,ISTITUTO AUXOLOGICO,897.13,Visita ortopedica,40,3,2024
000401,ISTITUTO AUXOLOGICO,897.13,Visita ortopedica,32,4,2024
000401,ISTITUTO AUXOLOGICO,897.13,Visita ortopedica,32,5,2024
000401,ISTITUTO AUXOLOGICO,897.13,Visita ortopedica,21,6,2024
000401,ISTITUTO AUXOLOGICO,897.13,Visita ortopedica,39,8,2024
000401,ISTITUTO AUXOLOGICO,897.13,Visita ortopedica,25,9,2024
000401,ISTITUTO AUXOLOGICO,897.18,Visita urologica,12,6,2024
000401,ISTITUTO AUXOLOGICO,897.18,Visita urologica,12,7,2024
000401,ISTITUTO AUXOLOGICO,897.18,Visita urologica,5,8,2024
000401,ISTITUTO AUXOLOGICO,897.19,Visita dermatologica,21,1,2024
000401,ISTITUTO AUXOLOGICO,897.19,Visita dermatologica,22,2,2024
000401,ISTITUTO AUXOLOGICO,897.19,Visita dermatologica,22,3,2024
000401,ISTITUTO AUXOLOGICO,897.19,Visita dermatologica,12,4,2024
000401,ISTITUTO AUXOLOGICO,897.19,Visita dermatologica,12,5,2024
000401,ISTITUTO AUXOLOGICO,897.19,Visita dermatologica,43,6,2024
000401,ISTITUTO AUXOLOGICO,897.19,Visita dermatologica,57,7,2024
000401,ISTITUTO AUXOLOGICO,897.19,Visita dermatologica,40,8,2024
000401,ISTITUTO AUXOLOGICO,897.19,Visita dermatologica,26,9,2024
000401,ISTITUTO AUXOLOGICO,897.20,Visita fisiatrica,16,1,2024
000401,ISTITUTO AUXOLOGICO,897.20,Visita fisiatrica,24,2,2024
000401,ISTITUTO AUXOLOGICO,897.20,Visita fisiatrica,23,3,2024
000401,ISTITUTO AUXOLOGICO,897.20,Visita fisiatrica,14,4,2024
000401,ISTITUTO AUXOLOGICO,897.20,Visita fisiatrica,24,5,2024
000401,ISTITUTO AUXOLOGICO,897.20,Visita fisiatrica,24,6,2024
000401,ISTITUTO AUXOLOGICO,897.20,Visita fisiatrica,17,7,2024
000401,ISTITUTO AUXOLOGICO,897.20,Visita fisiatrica,17,8,2024
000401,ISTITUTO AUXOLOGICO,897.20,Visita fisiatrica,17,9,2024
000401,ISTITUTO AUXOLOGICO,897.23,Visita pneumologica,23,1,2024
000401,ISTITUTO AUXOLOGICO,897.23,Visita pneumologica,15,2,2024
000401,ISTITUTO AUXOLOGICO,897.23,Visita pneumologica,24,3,2024
000401,ISTITUTO AUXOLOGICO,897.23,Visita pneumologica,25,4,2024
000401,ISTITUTO AUXOLOGICO,897.23,Visita pneumologica,24,5,2024
000401,ISTITUTO AUXOLOGICO,897.23,Visita pneumologica,49,6,2024
000401,ISTITUTO AUXOLOGICO,897.23,Visita pneumologica,56,7,2024
000401,ISTITUTO AUXOLOGICO,897.23,Visita pneumologica,38,8,2024
000401,ISTITUTO AUXOLOGICO,897.23,Visita pneumologica,28,9,2024
000401,ISTITUTO AUXOLOGICO,897.67,Visita cardiologica con ECG,6,1,2024
000401,ISTITUTO AUXOLOGICO,897.67,Visita cardiologica con ECG,11,2,2024
000401,ISTITUTO AUXOLOGICO,897.67,Visita cardiologica con ECG,18,3,2024
000401,ISTITUTO AUXOLOGICO,897.67,Visita cardiologica con ECG,4,4,2024
000401,ISTITUTO AUXOLOGICO,897.67,Visita cardiologica con ECG,18,5,2024
000401,ISTITUTO AUXOLOGICO,897.67,Visita cardiologica con ECG,46,6,2024
000401,ISTITUTO AUXOLOGICO,897.67,Visita cardiologica con ECG,53,7,2024
000401,ISTITUTO AUXOLOGICO,897.67,Visita cardiologica con ECG,39,8,2024
000401,ISTITUTO AUXOLOGICO,897.67,Visita cardiologica con ECG,11,9,2024
000401,ISTITUTO AUXOLOGICO,93.08.1,Elettromiografia semplice (EMG),21,1,2024
000401,ISTITUTO AUXOLOGICO,93.08.1,Elettromiografia semplice (EMG),16,2,2024
000401,ISTITUTO AUXOLOGICO,93.08.1,Elettromiografia semplice (EMG),10,3,2024
000401,ISTITUTO AUXOLOGICO,93.08.1,Elettromiografia semplice (EMG),28,4,2024
000401,ISTITUTO AUXOLOGICO,93.08.1,Elettromiografia semplice (EMG),36,5,2024
000401,ISTITUTO AUXOLOGICO,93.08.1,Elettromiografia semplice (EMG),23,6,2024
000401,ISTITUTO AUXOLOGICO,93.08.1,Elettromiografia semplice (EMG),28,7,2024
000401,ISTITUTO AUXOLOGICO,93.08.1,Elettromiografia semplice (EMG),14,8,2024
000401,ISTITUTO AUXOLOGICO,93.08.1,Elettromiografia semplice (EMG),7,9,2024
000401,ISTITUTO AUXOLOGICO,93.08.A,Studio elettromiografico arto superiore,21,1,2024
000401,ISTITUTO AUXOLOGICO,93.08.A,Studio elettromiografico arto superiore,16,2,2024
000401,ISTITUTO AUXOLOGICO,93.08.A,Studio elettromiografico arto superiore,10,3,2024
000401,ISTITUTO AUXOLOGICO,93.08.A,Studio elettromiografico arto superiore,28,4,2024
000401,ISTITUTO AUXOLOGICO,93.08.A,Studio elettromiografico arto superiore,36,5,2024
000401,ISTITUTO AUXOLOGICO,93.08.A,Studio elettromiografico arto superiore,23,6,2024
000401,ISTITUTO AUXOLOGICO,93.08.A,Studio elettromiografico arto superiore,28,7,2024
000401,ISTITUTO AUXOLOGICO,93.08.A,Studio elettromiografico arto superiore,14,8,2024
000401,ISTITUTO AUXOLOGICO,93.08.A,Studio elettromiografico arto superiore,7,9,2024
000401,ISTITUTO AUXOLOGICO,93.08.B,Studio elettromiografico arto inferiore,21,1,2024
000401,ISTITUTO AUXOLOGICO,93.08.B,Studio elettromiografico arto inferiore,16,2,2024
000401,ISTITUTO AUXOLOGICO,93.08.B,Studio elettromiografico arto inferiore,10,3,2024
000401,ISTITUTO AUXOLOGICO,93.08.B,Studio elettromiografico arto inferiore,28,4,2024
000401,ISTITUTO AUXOLOGICO,93.08.B,Studio elettromiografico arto inferiore,36,5,2024
000401,ISTITUTO AUXOLOGICO,93.08.B,Studio elettromiografico arto inferiore,23,6,2024
000401,ISTITUTO AUXOLOGICO,93.08.B,Studio elettromiografico arto inferiore,28,7,2024
000401,ISTITUTO AUXOLOGICO,93.08.B,Studio elettromiografico arto inferiore,14,8,2024
000401,ISTITUTO AUXOLOGICO,93.08.B,Studio elettromiografico arto inferiore,7,9,2024
000401,ISTITUTO AUXOLOGICO,9502.0,Visita oculistica,15,1,2024
000401,ISTITUTO AUXOLOGICO,9502.0,Visita oculistica,21,2,2024
000401,ISTITUTO AUXOLOGICO,9502.0,Visita oculistica,35,3,2024
000401,ISTITUTO AUXOLOGICO,9502.0,Visita oculistica,28,4,2024
000401,ISTITUTO AUXOLOGICO,9502.0,Visita oculistica,28,5,2024
000401,ISTITUTO AUXOLOGICO,9502.0,Visita oculistica,16,6,2024
000401,ISTITUTO AUXOLOGICO,9502.0,Visita oculistica,51,7,2024
000401,ISTITUTO AUXOLOGICO,9502.0,Visita oculistica,37,8,2024
000401,ISTITUTO AUXOLOGICO,9502.0,Visita oculistica,35,9,2024
000834,OMEGNA,89.52,Elettrocardiogramma (ECG),35,6,2024
000834,OMEGNA,89.52,Elettrocardiogramma (ECG),28,7,2024
000834,OMEGNA,89.52,Elettrocardiogramma (ECG),21,8,2024
000834,OMEGNA,89.52,Elettrocardiogramma (ECG),21,9,2024
000834,OMEGNA,897.07,Visita endocrinologica,49,1,2024
000834,OMEGNA,897.07,Visita endocrinologica,64,2,2024
000834,OMEGNA,897.07,Visita endocrinologica,56,3,2024
000834,OMEGNA,897.07,Visita endocrinologica,57,4,2024
000834,OMEGNA,897.07,Visita endocrinologica,57,5,2024
000834,OMEGNA,897.07,Visita endocrinologica,71,6,2024
000834,OMEGNA,897.07,Visita endocrinologica,71,7,2024
000834,OMEGNA,897.07,Visita endocrinologica,71,8,2024
000834,OMEGNA,897.07,Visita endocrinologica,71,9,2024
000834,OMEGNA,897.14,Visita otorinolaringoiatrica,9,2,2024
000834,OMEGNA,897.14,Visita otorinolaringoiatrica,71,3,2024
000834,OMEGNA,897.14,Visita otorinolaringoiatrica,86,4,2024
000834,OMEGNA,897.14,Visita otorinolaringoiatrica,93,5,2024
000834,OMEGNA,897.14,Visita otorinolaringoiatrica,107,6,2024
000834,OMEGNA,897.14,Visita otorinolaringoiatrica,107,7,2024
000834,OMEGNA,897.14,Visita otorinolaringoiatrica,121,8,2024
000834,OMEGNA,897.14,Visita otorinolaringoiatrica,128,9,2024
000834,OMEGNA,897.20,Visita fisiatrica,154,1,2024
000834,OMEGNA,897.20,Visita fisiatrica,155,2,2024
000834,OMEGNA,897.20,Visita fisiatrica,175,3,2024
000834,OMEGNA,897.20,Visita fisiatrica,176,4,2024
000834,OMEGNA,897.20,Visita fisiatrica,39,5,2024
000834,OMEGNA,897.20,Visita fisiatrica,190,6,2024
000834,OMEGNA,897.20,Visita fisiatrica,190,7,2024
000834,OMEGNA,897.20,Visita fisiatrica,183,8,2024
000834,OMEGNA,897.20,Visita fisiatrica,183,9,2024
000834,OMEGNA,897.22,Visita oncologica,1,1,2024
000834,OMEGNA,897.22,Visita oncologica,1,2,2024
000834,OMEGNA,897.22,Visita oncologica,2,3,2024
000834,OMEGNA,897.22,Visita oncologica,2,4,2024
000834,OMEGNA,897.22,Visita oncologica,2,5,2024
000834,OMEGNA,897.22,Visita oncologica,2,6,2024
000834,OMEGNA,897.22,Visita oncologica,9,7,2024
000834,OMEGNA,897.22,Visita oncologica,2,8,2024
000834,OMEGNA,897.22,Visita oncologica,2,9,2024
000834,OMEGNA,95.41.1,Esame audiometrico tonale,9,2,2024
000834,OMEGNA,95.41.1,Esame audiometrico tonale,15,3,2024
000834,OMEGNA,95.41.1,Esame audiometrico tonale,9,4,2024
000834,OMEGNA,95.41.1,Esame audiometrico tonale,16,5,2024
000834,OMEGNA,95.41.1,Esame audiometrico tonale,23,6,2024
000834,OMEGNA,95.41.1,Esame audiometrico tonale,58,7,2024
000834,OMEGNA,95.41.1,Esame audiometrico tonale,30,8,2024
000834,OMEGNA,95.41.1,Esame audiometrico tonale,9,9,2024
000896,CANNOBIO,897.14,Visita otorinolaringoiatrica,45,1,2024
000896,CANNOBIO,897.14,Visita otorinolaringoiatrica,46,2,2024
000896,CANNOBIO,897.14,Visita otorinolaringoiatrica,45,3,2024
000896,CANNOBIO,897.14,Visita otorinolaringoiatrica,39,4,2024
000896,CANNOBIO,897.14,Visita otorinolaringoiatrica,53,5,2024
000896,CANNOBIO,897.14,Visita otorinolaringoiatrica,67,6,2024
000896,CANNOBIO,897.14,Visita otorinolaringoiatrica,81,7,2024
000896,CANNOBIO,897.14,Visita otorinolaringoiatrica,81,8,2024
000896,CANNOBIO,897.14,Visita otorinolaringoiatrica,81,9,2024
000896,CANNOBIO,897.18,Visita urologica,9,1,2024
000896,CANNOBIO,897.18,Visita urologica,3,2,2024
000896,CANNOBIO,897.18,Visita urologica,2,3,2024
000896,CANNOBIO,897.18,Visita urologica,3,4,2024
000896,CANNOBIO,897.18,Visita urologica,3,5,2024
000896,CANNOBIO,897.18,Visita urologica,10,6,2024
000896,CANNOBIO,897.18,Visita urologica,10,7,2024
000896,CANNOBIO,897.18,Visita urologica,17,8,2024
000896,CANNOBIO,897.18,Visita urologica,3,9,2024
000896,CANNOBIO,95.41.1,Esame audiometrico tonale,178,1,2024
000896,CANNOBIO,95.41.1,Esame audiometrico tonale,151,2,2024
000896,CANNOBIO,95.41.1,Esame audiometrico tonale,122,3,2024
000896,CANNOBIO,95.41.1,Esame audiometrico tonale,88,4,2024
000896,CANNOBIO,95.41.1,Esame audiometrico tonale,60,5,2024
000896,CANNOBIO,95.41.1,Esame audiometrico tonale,39,6,2024
000896,CANNOBIO,95.41.1,Esame audiometrico tonale,25,7,2024
000896,CANNOBIO,95.41.1,Esame audiometrico tonale,60,8,2024
000896,CANNOBIO,95.41.1,Esame audiometrico tonale,4,9,2024
001290,CENTRO ORTOPEDICO DI QUADRANTE,87.37.1,Mammografia bilaterale, in 2 proiezioni,23,9,2024
001290,CENTRO ORTOPEDICO DI QUADRANTE,87.37.2,Mammografia monolaterale, in 2 proiezioni,23,9,2024
001290,CENTRO ORTOPEDICO DI QUADRANTE,87.41.1,Tac del torace, senza e con contrasto,64,1,2024
001290,CENTRO ORTOPEDICO DI QUADRANTE,87.41.1,Tac del torace, senza e con contrasto,29,2,2024
001290,CENTRO ORTOPEDICO DI QUADRANTE,87.41.1,Tac del torace, senza e con contrasto,70,3,2024
001290,CENTRO ORTOPEDICO DI QUADRANTE,87.41.1,Tac del torace, senza e con contrasto,51,6,2024
001290,CENTRO ORTOPEDICO DI QUADRANTE,87.41.1,Tac del torace, senza e con contrasto,42,9,2024
001290,CENTRO ORTOPEDICO DI QUADRANTE,8703.0,Tac della sella turcica e orbite,45,1,2024
001290,CENTRO ORTOPEDICO DI QUADRANTE,8703.0,Tac della sella turcica e orbite,29,2,2024
001290,CENTRO ORTOPEDICO DI QUADRANTE,8703.0,Tac della sella turcica e orbite,70,3,2024
001290,CENTRO ORTOPEDICO DI QUADRANTE,8703.0,Tac della sella turcica e orbite,51,6,2024
001290,CENTRO ORTOPEDICO DI QUADRANTE,8703.0,Tac della sella turcica e orbite,42,9,2024
001290,CENTRO ORTOPEDICO DI QUADRANTE,8703.1,Tac del cranio,45,1,2024
001290,CENTRO ORTOPEDICO DI QUADRANTE,8703.1,Tac del cranio,29,2,2024
001290,CENTRO ORTOPEDICO DI QUADRANTE,8703.1,Tac del cranio,70,3,2024
001290,CENTRO ORTOPEDICO DI QUADRANTE,8703.1,Tac del cranio,51,6,2024
001290,CENTRO ORTOPEDICO DI QUADRANTE,8703.1,Tac del cranio,42,9,2024
001290,CENTRO ORTOPEDICO DI QUADRANTE,87031.0,Tac della sella turcica e orbite, senza e con contrasto,69,1,2024
001290,CENTRO ORTOPEDICO DI QUADRANTE,87031.0,Tac della sella turcica e orbite, senza e con contrasto,29,2,2024
001290,CENTRO ORTOPEDICO DI QUADRANTE,87031.0,Tac della sella turcica e orbite, senza e con contrasto,70,3,2024
001290,CENTRO ORTOPEDICO DI QUADRANTE,87031.0,Tac della sella turcica e orbite, senza e con contrasto,51,6,2024
001290,CENTRO ORTOPEDICO DI QUADRANTE,87031.0,Tac della sella turcica e orbite, senza e con contrasto,42,9,2024
001290,CENTRO ORTOPEDICO DI QUADRANTE,87031.1,Tac del cranio, senza e con contrasto,69,1,2024
001290,CENTRO ORTOPEDICO DI QUADRANTE,87031.1,Tac del cranio, senza e con contrasto,29,2,2024
001290,CENTRO ORTOPEDICO DI QUADRANTE,87031.1,Tac del cranio, senza e con contrasto,70,3,2024
001290,CENTRO ORTOPEDICO DI QUADRANTE,87031.1,Tac del cranio, senza e con contrasto,51,6,2024
001290,CENTRO ORTOPEDICO DI QUADRANTE,87031.1,Tac del cranio, senza e con contrasto,42,9,2024
001290,CENTRO ORTOPEDICO DI QUADRANTE,8741.0,Tac del torace,50,1,2024
001290,CENTRO ORTOPEDICO DI QUADRANTE,8741.0,Tac del torace,29,2,2024
001290,CENTRO ORTOPEDICO DI QUADRANTE,8741.0,Tac del torace,70,3,2024
001290,CENTRO ORTOPEDICO DI QUADRANTE,8741.0,Tac del torace,51,6,2024
001290,CENTRO ORTOPEDICO DI QUADRANTE,8741.0,Tac del torace,42,9,2024
001290,CENTRO ORTOPEDICO DI QUADRANTE,8741.1,Tac del torace ad alta risoluzione,45,1,2024
001290,CENTRO ORTOPEDICO DI QUADRANTE,8741.1,Tac del torace ad alta risoluzione,29,2,2024
001290,CENTRO ORTOPEDICO DI QUADRANTE,8741.1,Tac del torace ad alta risoluzione,70,3,2024
001290,CENTRO ORTOPEDICO DI QUADRANTE,8741.1,Tac del torace ad alta risoluzione,51,6,2024
001290,CENTRO ORTOPEDICO DI QUADRANTE,8741.1,Tac del torace ad alta risoluzione,42,9,2024
001290,CENTRO ORTOPEDICO DI QUADRANTE,88.01.1,Tac dell'addome superiore,50,1,2024
001290,CENTRO ORTOPEDICO DI QUADRANTE,88.01.1,Tac dell'addome superiore,29,2,2024
001290,CENTRO ORTOPEDICO DI QUADRANTE,88.01.1,Tac dell'addome superiore,70,3,2024
001290,CENTRO ORTOPEDICO DI QUADRANTE,88.01.1,Tac dell'addome superiore,51,6,2024
001290,CENTRO ORTOPEDICO DI QUADRANTE,88.01.1,Tac dell'addome superiore,42,9,2024
001290,CENTRO ORTOPEDICO DI QUADRANTE,88.01.2,Tac dell'addome superiore, senza e con contrasto,69,1,2024
001290,CENTRO ORTOPEDICO DI QUADRANTE,88.01.2,Tac dell'addome superiore, senza e con contrasto,29,2,2024
001290,CENTRO ORTOPEDICO DI QUADRANTE,88.01.2,Tac dell'addome superiore, senza e con contrasto,70,3,2024
001290,CENTRO ORTOPEDICO DI QUADRANTE,88.01.2,Tac dell'addome superiore, senza e con contrasto,51,6,2024
001290,CENTRO ORTOPEDICO DI QUADRANTE,88.01.2,Tac dell'addome superiore, senza e con contrasto,42,9,2024
001290,CENTRO ORTOPEDICO DI QUADRANTE,88.01.3,Tac dell'addome inferiore,50,1,2024
001290,CENTRO ORTOPEDICO DI QUADRANTE,88.01.3,Tac dell'addome inferiore,29,2,2024
001290,CENTRO ORTOPEDICO DI QUADRANTE,88.01.3,Tac dell'addome inferiore,70,3,2024
001290,CENTRO ORTOPEDICO DI QUADRANTE,88.01.3,Tac dell'addome inferiore,51,6,2024
001290,CENTRO ORTOPEDICO DI QUADRANTE,88.01.3,Tac dell'addome inferiore,42,9,2024
001290,CENTRO ORTOPEDICO DI QUADRANTE,88.01.4,Tac dell'addome inferiore, senza e con contrasto,69,1,2024
001290,CENTRO ORTOPEDICO DI QUADRANTE,88.01.4,Tac dell'addome inferiore, senza e con contrasto,29,2,2024
001290,CENTRO ORTOPEDICO DI QUADRANTE,88.01.4,Tac dell'addome inferiore, senza e con contrasto,70,3,2024
001290,CENTRO ORTOPEDICO DI QUADRANTE,88.01.4,Tac dell'addome inferiore, senza e con contrasto,51,6,2024
001290,CENTRO ORTOPEDICO DI QUADRANTE,88.01.4,Tac dell'addome inferiore, senza e con contrasto,42,9,2024
001290,CENTRO ORTOPEDICO DI QUADRANTE,88.01.5,Tac dell'addome completo,50,1,2024
001290,CENTRO ORTOPEDICO DI QUADRANTE,88.01.5,Tac dell'addome completo,29,2,2024
001290,CENTRO ORTOPEDICO DI QUADRANTE,88.01.5,Tac dell'addome completo,70,3,2024
001290,CENTRO ORTOPEDICO DI QUADRANTE,88.01.5,Tac dell'addome completo,51,6,2024
001290,CENTRO ORTOPEDICO DI QUADRANTE,88.01.5,Tac dell'addome completo,42,9,2024
001290,CENTRO ORTOPEDICO DI QUADRANTE,88.01.6,Tac dell'addome completo, senza e con contrasto,69,1,2024
001290,CENTRO ORTOPEDICO DI QUADRANTE,88.01.6,Tac dell'addome completo, senza e con contrasto,29,2,2024
001290,CENTRO ORTOPEDICO DI QUADRANTE,88.01.6,Tac dell'addome completo, senza e con contrasto,70,3,2024
001290,CENTRO ORTOPEDICO DI QUADRANTE,88.01.6,Tac dell'addome completo, senza e con contrasto,51,6,2024
001290,CENTRO ORTOPEDICO DI QUADRANTE,88.01.6,Tac dell'addome completo, senza e con contrasto,42,9,2024
001290,CENTRO ORTOPEDICO DI QUADRANTE,88.38.5,Tac del bacino e articolazioni sacro-iliache,45,1,2024
001290,CENTRO ORTOPEDICO DI QUADRANTE,88.38.5,Tac del bacino e articolazioni sacro-iliache,29,2,2024
001290,CENTRO ORTOPEDICO DI QUADRANTE,88.38.5,Tac del bacino e articolazioni sacro-iliache,70,3,2024
001290,CENTRO ORTOPEDICO DI QUADRANTE,88.38.5,Tac del bacino e articolazioni sacro-iliache,51,6,2024
001290,CENTRO ORTOPEDICO DI QUADRANTE,88.38.5,Tac del bacino e articolazioni sacro-iliache,42,9,2024
001290,CENTRO ORTOPEDICO DI QUADRANTE,88.72.6,Ecocardiografia,21,7,2024
001290,CENTRO ORTOPEDICO DI QUADRANTE,88.73.5,Eco(color)doppler dei tronchi sovraortici,9,1,2024
001290,CENTRO ORTOPEDICO DI QUADRANTE,88.73.5,Eco(color)doppler dei tronchi sovraortici,52,5,2024
001290,CENTRO ORTOPEDICO DI QUADRANTE,88381.0,Tac del rachide cervicale e dello speco vertebrale,45,1,2024
001290,CENTRO ORTOPEDICO DI QUADRANTE,88381.0,Tac del rachide cervicale e dello speco vertebrale,29,2,2024
001290,CENTRO ORTOPEDICO DI QUADRANTE,88381.0,Tac del rachide cervicale e dello speco vertebrale,70,3,2024
001290,CENTRO ORTOPEDICO DI QUADRANTE,88381.0,Tac del rachide cervicale e dello speco vertebrale,51,6,2024
001290,CENTRO ORTOPEDICO DI QUADRANTE,88381.0,Tac del rachide cervicale e dello speco vertebrale,42,9,2024
001290,CENTRO ORTOPEDICO DI QUADRANTE,88381.1,Tac del rachide dorsale e dello speco vertebrale,45,1,2024
001290,CENTRO ORTOPEDICO DI QUADRANTE,88381.1,Tac del rachide dorsale e dello speco vertebrale,29,2,2024
001290,CENTRO ORTOPEDICO DI QUADRANTE,88381.1,Tac del rachide dorsale e dello speco vertebrale,70,3,2024
001290,CENTRO ORTOPEDICO DI QUADRANTE,88381.1,Tac del rachide dorsale e dello speco vertebrale,51,6,2024
001290,CENTRO ORTOPEDICO DI QUADRANTE,88381.1,Tac del rachide dorsale e dello speco vertebrale,42,9,2024
001290,CENTRO ORTOPEDICO DI QUADRANTE,88381.2,Tac del lombo - sacrale e dello speco vertebrale,45,1,2024
001290,CENTRO ORTOPEDICO DI QUADRANTE,88381.2,Tac del lombo - sacrale e dello speco vertebrale,29,2,2024
001290,CENTRO ORTOPEDICO DI QUADRANTE,88381.2,Tac del lombo - sacrale e dello speco vertebrale,70,3,2024
001290,CENTRO ORTOPEDICO DI QUADRANTE,88381.2,Tac del lombo - sacrale e dello speco vertebrale,51,6,2024
001290,CENTRO ORTOPEDICO DI QUADRANTE,88381.2,Tac del lombo - sacrale e dello speco vertebrale,42,9,2024
001290,CENTRO ORTOPEDICO DI QUADRANTE,88382.0,Tac del rachide cervicale e dello speco vertebrale, senza e con contrasto,69,1,2024
001290,CENTRO ORTOPEDICO DI QUADRANTE,88382.0,Tac del rachide cervicale e dello speco vertebrale, senza e con contrasto,29,2,2024
001290,CENTRO ORTOPEDICO DI QUADRANTE,88382.0,Tac del rachide cervicale e dello speco vertebrale, senza e con contrasto,70,3,2024
001290,CENTRO ORTOPEDICO DI QUADRANTE,88382.0,Tac del rachide cervicale e dello speco vertebrale, senza e con contrasto,51,6,2024
001290,CENTRO ORTOPEDICO DI QUADRANTE,88382.0,Tac del rachide cervicale e dello speco vertebrale, senza e con contrasto,42,9,2024
001290,CENTRO ORTOPEDICO DI QUADRANTE,88382.1,Tac del rachide dorsale e dello speco vertebrale, senza e con contrasto,69,1,2024
001290,CENTRO ORTOPEDICO DI QUADRANTE,88382.1,Tac del rachide dorsale e dello speco vertebrale, senza e con contrasto,29,2,2024
001290,CENTRO ORTOPEDICO DI QUADRANTE,88382.1,Tac del rachide dorsale e dello speco vertebrale, senza e con contrasto,70,3,2024
001290,CENTRO ORTOPEDICO DI QUADRANTE,88382.1,Tac del rachide dorsale e dello speco vertebrale, senza e con contrasto,51,6,2024
001290,CENTRO ORTOPEDICO DI QUADRANTE,88382.1,Tac del rachide dorsale e dello speco vertebrale, senza e con contrasto,42,9,2024
001290,CENTRO ORTOPEDICO DI QUADRANTE,88382.2,Tac del lombo - sacrale e dello speco vertebrale, senza e con contrasto,69,1,2024
001290,CENTRO ORTOPEDICO DI QUADRANTE,88382.2,Tac del lombo - sacrale e dello speco vertebrale, senza e con contrasto,29,2,2024
001290,CENTRO ORTOPEDICO DI QUADRANTE,88382.2,Tac del lombo - sacrale e dello speco vertebrale, senza e con contrasto,70,3,2024
001290,CENTRO ORTOPEDICO DI QUADRANTE,88382.2,Tac del lombo - sacrale e dello speco vertebrale, senza e con contrasto,51,6,2024
001290,CENTRO ORTOPEDICO DI QUADRANTE,88382.2,Tac del lombo - sacrale e dello speco vertebrale, senza e con contrasto,42,9,2024
001290,CENTRO ORTOPEDICO DI QUADRANTE,88714.0,Ecografia del collo per linfonodi,79,1,2024
001290,CENTRO ORTOPEDICO DI QUADRANTE,88714.0,Ecografia del collo per linfonodi,59,6,2024
001290,CENTRO ORTOPEDICO DI QUADRANTE,88714.0,Ecografia del collo per linfonodi,163,7,2024
001290,CENTRO ORTOPEDICO DI QUADRANTE,88714.1,Ecografia ghiandole salivari,79,1,2024
001290,CENTRO ORTOPEDICO DI QUADRANTE,88714.1,Ecografia ghiandole salivari,59,6,2024
001290,CENTRO ORTOPEDICO DI QUADRANTE,88714.1,Ecografia ghiandole salivari,163,7,2024
001290,CENTRO ORTOPEDICO DI QUADRANTE,88714.2,Ecografia tiroide - paratiroidi,59,6,2024
001290,CENTRO ORTOPEDICO DI QUADRANTE,88714.2,Ecografia tiroide - paratiroidi,163,7,2024
001290,CENTRO ORTOPEDICO DI QUADRANTE,88741.0,Ecografia dell'addome superiore,9,1,2024
001290,CENTRO ORTOPEDICO DI QUADRANTE,88741.0,Ecografia dell'addome superiore,63,6,2024
001290,CENTRO ORTOPEDICO DI QUADRANTE,88741.0,Ecografia dell'addome superiore,165,7,2024
001290,CENTRO ORTOPEDICO DI QUADRANTE,88751.0,Ecografia dell'addome inferiore,9,1,2024
001290,CENTRO ORTOPEDICO DI QUADRANTE,88751.0,Ecografia dell'addome inferiore,63,6,2024
001290,CENTRO ORTOPEDICO DI QUADRANTE,88751.0,Ecografia dell'addome inferiore,165,7,2024
001290,CENTRO ORTOPEDICO DI QUADRANTE,88756.0,Ecografia dell'addome completo,9,1,2024
001290,CENTRO ORTOPEDICO DI QUADRANTE,88756.0,Ecografia dell'addome completo,63,6,2024
001290,CENTRO ORTOPEDICO DI QUADRANTE,88756.0,Ecografia dell'addome completo,165,7,2024
001290,CENTRO ORTOPEDICO DI QUADRANTE,88772.0,Eco(color)dopplergrafia degli arti superiori arteriosa,15,1,2024
001290,CENTRO ORTOPEDICO DI QUADRANTE,88772.0,Eco(color)dopplergrafia degli arti superiori arteriosa,56,4,2024
001290,CENTRO ORTOPEDICO DI QUADRANTE,88772.0,Eco(color)dopplergrafia degli arti superiori arteriosa,52,5,2024
001290,CENTRO ORTOPEDICO DI QUADRANTE,88772.1,Eco(color)dopplergrafia degli arti superiori venosa,15,1,2024
001290,CENTRO ORTOPEDICO DI QUADRANTE,88772.1,Eco(color)dopplergrafia degli arti superiori venosa,56,4,2024
001290,CENTRO ORTOPEDICO DI QUADRANTE,88772.1,Eco(color)dopplergrafia degli arti superiori venosa,52,5,2024
001290,CENTRO ORTOPEDICO DI QUADRANTE,88772.2,Eco(color)dopplergrafia degli arti inferiori arteriosa,15,1,2024
001290,CENTRO ORTOPEDICO DI QUADRANTE,88772.2,Eco(color)dopplergrafia degli arti inferiori arteriosa,56,4,2024
001290,CENTRO ORTOPEDICO DI QUADRANTE,88772.2,Eco(color)dopplergrafia degli arti inferiori arteriosa,52,5,2024
001290,CENTRO ORTOPEDICO DI QUADRANTE,88772.3,Eco(color)dopplergrafia degli arti inferiori venosa,15,1,2024
001290,CENTRO ORTOPEDICO DI QUADRANTE,88772.3,Eco(color)dopplergrafia degli arti inferiori venosa,56,4,2024
001290,CENTRO ORTOPEDICO DI QUADRANTE,88772.3,Eco(color)dopplergrafia degli arti inferiori venosa,52,5,2024
001290,CENTRO ORTOPEDICO DI QUADRANTE,88911.0,RM cervello e tronco encefalico,28,1,2024
001290,CENTRO ORTOPEDICO DI QUADRANTE,88912.0,RM cervello e tronco encefalico, senza e con contrasto,28,1,2024
001290,CENTRO ORTOPEDICO DI QUADRANTE,8893.0,RM colonna cervicale,3,1,2024
001290,CENTRO ORTOPEDICO DI QUADRANTE,8893.0,RM colonna cervicale,63,3,2024
001290,CENTRO ORTOPEDICO DI QUADRANTE,8893.0,RM colonna cervicale,59,9,2024
001290,CENTRO ORTOPEDICO DI QUADRANTE,8893.1,RM colonna toracica,3,1,2024
001290,CENTRO ORTOPEDICO DI QUADRANTE,8893.1,RM colonna toracica,63,3,2024
001290,CENTRO ORTOPEDICO DI QUADRANTE,8893.1,RM colonna toracica,59,9,2024
001290,CENTRO ORTOPEDICO DI QUADRANTE,8893.2,RM colonna lombo sacrale,3,1,2024
001290,CENTRO ORTOPEDICO DI QUADRANTE,8893.2,RM colonna lombo sacrale,63,3,2024
001290,CENTRO ORTOPEDICO DI QUADRANTE,8893.2,RM colonna lombo sacrale,59,9,2024
001290,CENTRO ORTOPEDICO DI QUADRANTE,88931.0,RM colonna cervicale, senza e con contrasto,28,1,2024
001290,CENTRO ORTOPEDICO DI QUADRANTE,88931.0,RM colonna cervicale, senza e con contrasto,63,3,2024
001290,CENTRO ORTOPEDICO DI QUADRANTE,88931.0,RM colonna cervicale, senza e con contrasto,59,9,2024
001290,CENTRO ORTOPEDICO DI QUADRANTE,88931.1,RM colonna toracica, senza e con contrasto,28,1,2024
001290,CENTRO ORTOPEDICO DI QUADRANTE,88931.1,RM colonna toracica, senza e con contrasto,63,3,2024
001290,CENTRO ORTOPEDICO DI QUADRANTE,88931.1,RM colonna toracica, senza e con contrasto,59,9,2024
001290,CENTRO ORTOPEDICO DI QUADRANTE,88931.2,RM colonna lombo sacrale, senza e con contrasto,28,1,2024
001290,CENTRO ORTOPEDICO DI QUADRANTE,88931.2,RM colonna lombo sacrale, senza e con contrasto,63,3,2024
001290,CENTRO ORTOPEDICO DI QUADRANTE,88931.2,RM colonna lombo sacrale, senza e con contrasto,59,9,2024
001290,CENTRO ORTOPEDICO DI QUADRANTE,89371.0,Spirometria semplice,99,1,2024
001290,CENTRO ORTOPEDICO DI QUADRANTE,89371.0,Spirometria semplice,191,2,2024
001290,CENTRO ORTOPEDICO DI QUADRANTE,89371.0,Spirometria semplice,233,4,2024
001290,CENTRO ORTOPEDICO DI QUADRANTE,897.06,Visita chirurgica vascolare,79,1,2024
001290,CENTRO ORTOPEDICO DI QUADRANTE,897.06,Visita chirurgica vascolare,87,2,2024
001290,CENTRO ORTOPEDICO DI QUADRANTE,897.06,Visita chirurgica vascolare,87,3,2024
001290,CENTRO ORTOPEDICO DI QUADRANTE,897.06,Visita chirurgica vascolare,94,4,2024
001290,CENTRO ORTOPEDICO DI QUADRANTE,897.06,Visita chirurgica vascolare,122,5,2024
001290,CENTRO ORTOPEDICO DI QUADRANTE,897.06,Visita chirurgica vascolare,101,6,2024
001290,CENTRO ORTOPEDICO DI QUADRANTE,897.06,Visita chirurgica vascolare,108,7,2024
001290,CENTRO ORTOPEDICO DI QUADRANTE,897.06,Visita chirurgica vascolare,32,8,2024
001290,CENTRO ORTOPEDICO DI QUADRANTE,897.06,Visita chirurgica vascolare,87,9,2024
001290,CENTRO ORTOPEDICO DI QUADRANTE,897.13,Visita ortopedica,17,1,2024
001290,CENTRO ORTOPEDICO DI QUADRANTE,897.13,Visita ortopedica,17,2,2024
001290,CENTRO ORTOPEDICO DI QUADRANTE,897.13,Visita ortopedica,22,3,2024
001290,CENTRO ORTOPEDICO DI QUADRANTE,897.13,Visita ortopedica,50,4,2024
001290,CENTRO ORTOPEDICO DI QUADRANTE,897.13,Visita ortopedica,10,5,2024
001290,CENTRO ORTOPEDICO DI QUADRANTE,897.13,Visita ortopedica,10,6,2024
001290,CENTRO ORTOPEDICO DI QUADRANTE,897.13,Visita ortopedica,9,7,2024
001290,CENTRO ORTOPEDICO DI QUADRANTE,897.13,Visita ortopedica,14,8,2024
001290,CENTRO ORTOPEDICO DI QUADRANTE,897.13,Visita ortopedica,10,9,2024
001290,CENTRO ORTOPEDICO DI QUADRANTE,897.18,Visita urologica,7,2,2024
001290,CENTRO ORTOPEDICO DI QUADRANTE,897.18,Visita urologica,11,3,2024
001290,CENTRO ORTOPEDICO DI QUADRANTE,897.18,Visita urologica,11,4,2024
001290,CENTRO ORTOPEDICO DI QUADRANTE,897.18,Visita urologica,4,5,2024
001290,CENTRO ORTOPEDICO DI QUADRANTE,897.18,Visita urologica,7,6,2024
001290,CENTRO ORTOPEDICO DI QUADRANTE,897.18,Visita urologica,4,7,2024
001290,CENTRO ORTOPEDICO DI QUADRANTE,897.18,Visita urologica,1,8,2024
001290,CENTRO ORTOPEDICO DI QUADRANTE,897.18,Visita urologica,9,9,2024
001290,CENTRO ORTOPEDICO DI QUADRANTE,897.19,Visita dermatologica,23,1,2024
001290,CENTRO ORTOPEDICO DI QUADRANTE,897.19,Visita dermatologica,100,2,2024
001290,CENTRO ORTOPEDICO DI QUADRANTE,897.19,Visita dermatologica,99,3,2024
001290,CENTRO ORTOPEDICO DI QUADRANTE,897.19,Visita dermatologica,114,4,2024
001290,CENTRO ORTOPEDICO DI QUADRANTE,897.19,Visita dermatologica,120,5,2024
001290,CENTRO ORTOPEDICO DI QUADRANTE,897.19,Visita dermatologica,59,6,2024
001290,CENTRO ORTOPEDICO DI QUADRANTE,897.19,Visita dermatologica,120,7,2024
001290,CENTRO ORTOPEDICO DI QUADRANTE,897.19,Visita dermatologica,120,8,2024
001290,CENTRO ORTOPEDICO DI QUADRANTE,897.19,Visita dermatologica,120,9,2024
001290,CENTRO ORTOPEDICO DI QUADRANTE,897.21,Visita gastroenterologica,254,1,2024
001290,CENTRO ORTOPEDICO DI QUADRANTE,897.21,Visita gastroenterologica,304,2,2024
001290,CENTRO ORTOPEDICO DI QUADRANTE,897.23,Visita pneumologica,99,1,2024
001290,CENTRO ORTOPEDICO DI QUADRANTE,897.23,Visita pneumologica,191,2,2024
001290,CENTRO ORTOPEDICO DI QUADRANTE,897.23,Visita pneumologica,233,4,2024
500069,IST. RIABILITATIVO RAFFAELE GAROFALO,87.37.1,Mammografia bilaterale, in 2 proiezioni,43,1,2024
500069,IST. RIABILITATIVO RAFFAELE GAROFALO,87.37.1,Mammografia bilaterale, in 2 proiezioni,37,2,2024
500069,IST. RIABILITATIVO RAFFAELE GAROFALO,87.37.1,Mammografia bilaterale, in 2 proiezioni,44,3,2024
500069,IST. RIABILITATIVO RAFFAELE GAROFALO,87.37.1,Mammografia bilaterale, in 2 proiezioni,51,4,2024
500069,IST. RIABILITATIVO RAFFAELE GAROFALO,87.37.1,Mammografia bilaterale, in 2 proiezioni,30,5,2024
500069,IST. RIABILITATIVO RAFFAELE GAROFALO,87.37.1,Mammografia bilaterale, in 2 proiezioni,30,6,2024
500069,IST. RIABILITATIVO RAFFAELE GAROFALO,87.37.1,Mammografia bilaterale, in 2 proiezioni,37,8,2024
500069,IST. RIABILITATIVO RAFFAELE GAROFALO,87.37.1,Mammografia bilaterale, in 2 proiezioni,30,9,2024
500069,IST. RIABILITATIVO RAFFAELE GAROFALO,87.37.2,Mammografia monolaterale, in 2 proiezioni,43,1,2024
500069,IST. RIABILITATIVO RAFFAELE GAROFALO,87.37.2,Mammografia monolaterale, in 2 proiezioni,37,2,2024
500069,IST. RIABILITATIVO RAFFAELE GAROFALO,87.37.2,Mammografia monolaterale, in 2 proiezioni,44,3,2024
500069,IST. RIABILITATIVO RAFFAELE GAROFALO,87.37.2,Mammografia monolaterale, in 2 proiezioni,51,4,2024
500069,IST. RIABILITATIVO RAFFAELE GAROFALO,87.37.2,Mammografia monolaterale, in 2 proiezioni,30,5,2024
500069,IST. RIABILITATIVO RAFFAELE GAROFALO,87.37.2,Mammografia monolaterale, in 2 proiezioni,30,6,2024
500069,IST. RIABILITATIVO RAFFAELE GAROFALO,87.37.2,Mammografia monolaterale, in 2 proiezioni,37,8,2024
500069,IST. RIABILITATIVO RAFFAELE GAROFALO,87.37.2,Mammografia monolaterale, in 2 proiezioni,30,9,2024
500069,IST. RIABILITATIVO RAFFAELE GAROFALO,88.72.6,Ecocardiografia,15,1,2024
500069,IST. RIABILITATIVO RAFFAELE GAROFALO,88.72.6,Ecocardiografia,18,2,2024
500069,IST. RIABILITATIVO RAFFAELE GAROFALO,88.72.6,Ecocardiografia,21,3,2024
500069,IST. RIABILITATIVO RAFFAELE GAROFALO,88.72.6,Ecocardiografia,18,4,2024
500069,IST. RIABILITATIVO RAFFAELE GAROFALO,88.72.6,Ecocardiografia,18,5,2024
500069,IST. RIABILITATIVO RAFFAELE GAROFALO,88.72.6,Ecocardiografia,22,6,2024
500069,IST. RIABILITATIVO RAFFAELE GAROFALO,88.72.6,Ecocardiografia,29,7,2024
500069,IST. RIABILITATIVO RAFFAELE GAROFALO,88.72.6,Ecocardiografia,18,8,2024
500069,IST. RIABILITATIVO RAFFAELE GAROFALO,88.72.6,Ecocardiografia,14,9,2024
500069,IST. RIABILITATIVO RAFFAELE GAROFALO,88.73.1,Ecografia mammaria bilaterale,6,1,2024
500069,IST. RIABILITATIVO RAFFAELE GAROFALO,88.73.1,Ecografia mammaria bilaterale,7,2,2024
500069,IST. RIABILITATIVO RAFFAELE GAROFALO,88.73.1,Ecografia mammaria bilaterale,50,3,2024
500069,IST. RIABILITATIVO RAFFAELE GAROFALO,88.73.1,Ecografia mammaria bilaterale,7,4,2024
500069,IST. RIABILITATIVO RAFFAELE GAROFALO,88.73.1,Ecografia mammaria bilaterale,127,5,2024
500069,IST. RIABILITATIVO RAFFAELE GAROFALO,88.73.1,Ecografia mammaria bilaterale,14,6,2024
500069,IST. RIABILITATIVO RAFFAELE GAROFALO,88.73.1,Ecografia mammaria bilaterale,71,7,2024
500069,IST. RIABILITATIVO RAFFAELE GAROFALO,88.73.1,Ecografia mammaria bilaterale,14,8,2024
500069,IST. RIABILITATIVO RAFFAELE GAROFALO,88.73.2,Ecografia della mammella - monolaterale,6,1,2024
500069,IST. RIABILITATIVO RAFFAELE GAROFALO,88.73.2,Ecografia della mammella - monolaterale,7,2,2024
500069,IST. RIABILITATIVO RAFFAELE GAROFALO,88.73.2,Ecografia della mammella - monolaterale,50,3,2024
500069,IST. RIABILITATIVO RAFFAELE GAROFALO,88.73.2,Ecografia della mammella - monolaterale,7,4,2024
500069,IST. RIABILITATIVO RAFFAELE GAROFALO,88.73.2,Ecografia della mammella - monolaterale,127,5,2024
500069,IST. RIABILITATIVO RAFFAELE GAROFALO,88.73.2,Ecografia della mammella - monolaterale,14,6,2024
500069,IST. RIABILITATIVO RAFFAELE GAROFALO,88.73.2,Ecografia della mammella - monolaterale,71,7,2024
500069,IST. RIABILITATIVO RAFFAELE GAROFALO,88.73.2,Ecografia della mammella - monolaterale,14,8,2024
500069,IST. RIABILITATIVO RAFFAELE GAROFALO,88.73.5,Eco(color)doppler dei tronchi sovraortici,30,1,2024
500069,IST. RIABILITATIVO RAFFAELE GAROFALO,88.73.5,Eco(color)doppler dei tronchi sovraortici,3,2,2024
500069,IST. RIABILITATIVO RAFFAELE GAROFALO,88.73.5,Eco(color)doppler dei tronchi sovraortici,226,3,2024
500069,IST. RIABILITATIVO RAFFAELE GAROFALO,88.73.5,Eco(color)doppler dei tronchi sovraortici,234,4,2024
500069,IST. RIABILITATIVO RAFFAELE GAROFALO,88.73.5,Eco(color)doppler dei tronchi sovraortici,213,5,2024
500069,IST. RIABILITATIVO RAFFAELE GAROFALO,88.73.5,Eco(color)doppler dei tronchi sovraortici,220,6,2024
500069,IST. RIABILITATIVO RAFFAELE GAROFALO,88.73.5,Eco(color)doppler dei tronchi sovraortici,54,8,2024
500069,IST. RIABILITATIVO RAFFAELE GAROFALO,88714.0,Ecografia del collo per linfonodi,6,1,2024
500069,IST. RIABILITATIVO RAFFAELE GAROFALO,88714.0,Ecografia del collo per linfonodi,7,2,2024
500069,IST. RIABILITATIVO RAFFAELE GAROFALO,88714.0,Ecografia del collo per linfonodi,50,3,2024
500069,IST. RIABILITATIVO RAFFAELE GAROFALO,88714.0,Ecografia del collo per linfonodi,7,4,2024
500069,IST. RIABILITATIVO RAFFAELE GAROFALO,88714.0,Ecografia del collo per linfonodi,127,5,2024
500069,IST. RIABILITATIVO RAFFAELE GAROFALO,88714.0,Ecografia del collo per linfonodi,14,6,2024
500069,IST. RIABILITATIVO RAFFAELE GAROFALO,88714.0,Ecografia del collo per linfonodi,71,7,2024
500069,IST. RIABILITATIVO RAFFAELE GAROFALO,88714.0,Ecografia del collo per linfonodi,14,8,2024
500069,IST. RIABILITATIVO RAFFAELE GAROFALO,88714.1,Ecografia ghiandole salivari,6,1,2024
500069,IST. RIABILITATIVO RAFFAELE GAROFALO,88714.1,Ecografia ghiandole salivari,7,2,2024
500069,IST. RIABILITATIVO RAFFAELE GAROFALO,88714.1,Ecografia ghiandole salivari,50,3,2024
500069,IST. RIABILITATIVO RAFFAELE GAROFALO,88714.1,Ecografia ghiandole salivari,7,4,2024
500069,IST. RIABILITATIVO RAFFAELE GAROFALO,88714.1,Ecografia ghiandole salivari,127,5,2024
500069,IST. RIABILITATIVO RAFFAELE GAROFALO,88714.1,Ecografia ghiandole salivari,14,6,2024
500069,IST. RIABILITATIVO RAFFAELE GAROFALO,88714.1,Ecografia ghiandole salivari,71,7,2024
500069,IST. RIABILITATIVO RAFFAELE GAROFALO,88714.1,Ecografia ghiandole salivari,14,8,2024
500069,IST. RIABILITATIVO RAFFAELE GAROFALO,88714.2,Ecografia tiroide - paratiroidi,42,1,2024
500069,IST. RIABILITATIVO RAFFAELE GAROFALO,88714.2,Ecografia tiroide - paratiroidi,50,2,2024
500069,IST. RIABILITATIVO RAFFAELE GAROFALO,88714.2,Ecografia tiroide - paratiroidi,70,3,2024
500069,IST. RIABILITATIVO RAFFAELE GAROFALO,88714.2,Ecografia tiroide - paratiroidi,36,4,2024
500069,IST. RIABILITATIVO RAFFAELE GAROFALO,88714.2,Ecografia tiroide - paratiroidi,127,5,2024
500069,IST. RIABILITATIVO RAFFAELE GAROFALO,88714.2,Ecografia tiroide - paratiroidi,92,6,2024
500069,IST. RIABILITATIVO RAFFAELE GAROFALO,88714.2,Ecografia tiroide - paratiroidi,71,7,2024
500069,IST. RIABILITATIVO RAFFAELE GAROFALO,88714.2,Ecografia tiroide - paratiroidi,36,8,2024
500069,IST. RIABILITATIVO RAFFAELE GAROFALO,88741.0,Ecografia dell'addome superiore,6,1,2024
500069,IST. RIABILITATIVO RAFFAELE GAROFALO,88741.0,Ecografia dell'addome superiore,7,2,2024
500069,IST. RIABILITATIVO RAFFAELE GAROFALO,88741.0,Ecografia dell'addome superiore,50,3,2024
500069,IST. RIABILITATIVO RAFFAELE GAROFALO,88741.0,Ecografia dell'addome superiore,7,4,2024
500069,IST. RIABILITATIVO RAFFAELE GAROFALO,88741.0,Ecografia dell'addome superiore,127,5,2024
500069,IST. RIABILITATIVO RAFFAELE GAROFALO,88741.0,Ecografia dell'addome superiore,14,6,2024
500069,IST. RIABILITATIVO RAFFAELE GAROFALO,88741.0,Ecografia dell'addome superiore,71,7,2024
500069,IST. RIABILITATIVO RAFFAELE GAROFALO,88741.0,Ecografia dell'addome superiore,14,8,2024
500069,IST. RIABILITATIVO RAFFAELE GAROFALO,88751.0,Ecografia dell'addome inferiore,6,1,2024
500069,IST. RIABILITATIVO RAFFAELE GAROFALO,88751.0,Ecografia dell'addome inferiore,7,2,2024
500069,IST. RIABILITATIVO RAFFAELE GAROFALO,88751.0,Ecografia dell'addome inferiore,50,3,2024
500069,IST. RIABILITATIVO RAFFAELE GAROFALO,88751.0,Ecografia dell'addome inferiore,7,4,2024
500069,IST. RIABILITATIVO RAFFAELE GAROFALO,88751.0,Ecografia dell'addome inferiore,127,5,2024
500069,IST. RIABILITATIVO RAFFAELE GAROFALO,88751.0,Ecografia dell'addome inferiore,14,6,2024
500069,IST. RIABILITATIVO RAFFAELE GAROFALO,88751.0,Ecografia dell'addome inferiore,71,7,2024
500069,IST. RIABILITATIVO RAFFAELE GAROFALO,88751.0,Ecografia dell'addome inferiore,14,8,2024
500069,IST. RIABILITATIVO RAFFAELE GAROFALO,88756.0,Ecografia dell'addome completo,6,1,2024
500069,IST. RIABILITATIVO RAFFAELE GAROFALO,88756.0,Ecografia dell'addome completo,7,2,2024
500069,IST. RIABILITATIVO RAFFAELE GAROFALO,88756.0,Ecografia dell'addome completo,50,3,2024
500069,IST. RIABILITATIVO RAFFAELE GAROFALO,88756.0,Ecografia dell'addome completo,7,4,2024
500069,IST. RIABILITATIVO RAFFAELE GAROFALO,88756.0,Ecografia dell'addome completo,127,5,2024
500069,IST. RIABILITATIVO RAFFAELE GAROFALO,88756.0,Ecografia dell'addome completo,14,6,2024
500069,IST. RIABILITATIVO RAFFAELE GAROFALO,88756.0,Ecografia dell'addome completo,71,7,2024
500069,IST. RIABILITATIVO RAFFAELE GAROFALO,88756.0,Ecografia dell'addome completo,14,8,2024
500069,IST. RIABILITATIVO RAFFAELE GAROFALO,88772.0,Eco(color)dopplergrafia degli arti superiori arteriosa,30,1,2024
500069,IST. RIABILITATIVO RAFFAELE GAROFALO,88772.0,Eco(color)dopplergrafia degli arti superiori arteriosa,3,2,2024
500069,IST. RIABILITATIVO RAFFAELE GAROFALO,88772.0,Eco(color)dopplergrafia degli arti superiori arteriosa,226,3,2024
500069,IST. RIABILITATIVO RAFFAELE GAROFALO,88772.0,Eco(color)dopplergrafia degli arti superiori arteriosa,234,4,2024
500069,IST. RIABILITATIVO RAFFAELE GAROFALO,88772.0,Eco(color)dopplergrafia degli arti superiori arteriosa,213,5,2024
500069,IST. RIABILITATIVO RAFFAELE GAROFALO,88772.0,Eco(color)dopplergrafia degli arti superiori arteriosa,220,6,2024
500069,IST. RIABILITATIVO RAFFAELE GAROFALO,88772.0,Eco(color)dopplergrafia degli arti superiori arteriosa,54,8,2024
500069,IST. RIABILITATIVO RAFFAELE GAROFALO,88772.1,Eco(color)dopplergrafia degli arti superiori venosa,30,1,2024
500069,IST. RIABILITATIVO RAFFAELE GAROFALO,88772.1,Eco(color)dopplergrafia degli arti superiori venosa,3,2,2024
500069,IST. RIABILITATIVO RAFFAELE GAROFALO,88772.1,Eco(color)dopplergrafia degli arti superiori venosa,226,3,2024
500069,IST. RIABILITATIVO RAFFAELE GAROFALO,88772.1,Eco(color)dopplergrafia degli arti superiori venosa,234,4,2024
500069,IST. RIABILITATIVO RAFFAELE GAROFALO,88772.1,Eco(color)dopplergrafia degli arti superiori venosa,213,5,2024
500069,IST. RIABILITATIVO RAFFAELE GAROFALO,88772.1,Eco(color)dopplergrafia degli arti superiori venosa,220,6,2024
500069,IST. RIABILITATIVO RAFFAELE GAROFALO,88772.1,Eco(color)dopplergrafia degli arti superiori venosa,54,8,2024
500069,IST. RIABILITATIVO RAFFAELE GAROFALO,88772.2,Eco(color)dopplergrafia degli arti inferiori arteriosa,30,1,2024
500069,IST. RIABILITATIVO RAFFAELE GAROFALO,88772.2,Eco(color)dopplergrafia degli arti inferiori arteriosa,3,2,2024
500069,IST. RIABILITATIVO RAFFAELE GAROFALO,88772.2,Eco(color)dopplergrafia degli arti inferiori arteriosa,226,3,2024
500069,IST. RIABILITATIVO RAFFAELE GAROFALO,88772.2,Eco(color)dopplergrafia degli arti inferiori arteriosa,234,4,2024
500069,IST. RIABILITATIVO RAFFAELE GAROFALO,88772.2,Eco(color)dopplergrafia degli arti inferiori arteriosa,213,5,2024
500069,IST. RIABILITATIVO RAFFAELE GAROFALO,88772.2,Eco(color)dopplergrafia degli arti inferiori arteriosa,220,6,2024
500069,IST. RIABILITATIVO RAFFAELE GAROFALO,88772.2,Eco(color)dopplergrafia degli arti inferiori arteriosa,54,8,2024
500069,IST. RIABILITATIVO RAFFAELE GAROFALO,88772.3,Eco(color)dopplergrafia degli arti inferiori venosa,30,1,2024
500069,IST. RIABILITATIVO RAFFAELE GAROFALO,88772.3,Eco(color)dopplergrafia degli arti inferiori venosa,3,2,2024
500069,IST. RIABILITATIVO RAFFAELE GAROFALO,88772.3,Eco(color)dopplergrafia degli arti inferiori venosa,226,3,2024
500069,IST. RIABILITATIVO RAFFAELE GAROFALO,88772.3,Eco(color)dopplergrafia degli arti inferiori venosa,234,4,2024
500069,IST. RIABILITATIVO RAFFAELE GAROFALO,88772.3,Eco(color)dopplergrafia degli arti inferiori venosa,213,5,2024
500069,IST. RIABILITATIVO RAFFAELE GAROFALO,88772.3,Eco(color)dopplergrafia degli arti inferiori venosa,220,6,2024
500069,IST. RIABILITATIVO RAFFAELE GAROFALO,88772.3,Eco(color)dopplergrafia degli arti inferiori venosa,54,8,2024
500069,IST. RIABILITATIVO RAFFAELE GAROFALO,8893.0,RM colonna cervicale,24,1,2024
500069,IST. RIABILITATIVO RAFFAELE GAROFALO,8893.0,RM colonna cervicale,29,3,2024
500069,IST. RIABILITATIVO RAFFAELE GAROFALO,8893.0,RM colonna cervicale,38,4,2024
500069,IST. RIABILITATIVO RAFFAELE GAROFALO,8893.0,RM colonna cervicale,31,5,2024
500069,IST. RIABILITATIVO RAFFAELE GAROFALO,8893.0,RM colonna cervicale,36,6,2024
500069,IST. RIABILITATIVO RAFFAELE GAROFALO,8893.0,RM colonna cervicale,36,7,2024
500069,IST. RIABILITATIVO RAFFAELE GAROFALO,8893.0,RM colonna cervicale,32,8,2024
500069,IST. RIABILITATIVO RAFFAELE GAROFALO,8893.0,RM colonna cervicale,23,9,2024
500069,IST. RIABILITATIVO RAFFAELE GAROFALO,8893.2,RM colonna lombo sacrale,24,1,2024
500069,IST. RIABILITATIVO RAFFAELE GAROFALO,8893.2,RM colonna lombo sacrale,29,3,2024
500069,IST. RIABILITATIVO RAFFAELE GAROFALO,8893.2,RM colonna lombo sacrale,38,4,2024
500069,IST. RIABILITATIVO RAFFAELE GAROFALO,8893.2,RM colonna lombo sacrale,31,5,2024
500069,IST. RIABILITATIVO RAFFAELE GAROFALO,8893.2,RM colonna lombo sacrale,36,6,2024
500069,IST. RIABILITATIVO RAFFAELE GAROFALO,8893.2,RM colonna lombo sacrale,36,7,2024
500069,IST. RIABILITATIVO RAFFAELE GAROFALO,8893.2,RM colonna lombo sacrale,32,8,2024
500069,IST. RIABILITATIVO RAFFAELE GAROFALO,8893.2,RM colonna lombo sacrale,23,9,2024
500069,IST. RIABILITATIVO RAFFAELE GAROFALO,89.50,ECG dinamico 24 ore - ( Holter ),64,3,2024
500069,IST. RIABILITATIVO RAFFAELE GAROFALO,89.50,ECG dinamico 24 ore - ( Holter ),64,4,2024
500069,IST. RIABILITATIVO RAFFAELE GAROFALO,89.50,ECG dinamico 24 ore - ( Holter ),21,5,2024
500069,IST. RIABILITATIVO RAFFAELE GAROFALO,89.50,ECG dinamico 24 ore - ( Holter ),58,6,2024
500069,IST. RIABILITATIVO RAFFAELE GAROFALO,89.50,ECG dinamico 24 ore - ( Holter ),64,7,2024
500069,IST. RIABILITATIVO RAFFAELE GAROFALO,89.50,ECG dinamico 24 ore - ( Holter ),57,8,2024
500069,IST. RIABILITATIVO RAFFAELE GAROFALO,89.50,ECG dinamico 24 ore - ( Holter ),50,9,2024
500069,IST. RIABILITATIVO RAFFAELE GAROFALO,89.52,Elettrocardiogramma (ECG),28,1,2024
500069,IST. RIABILITATIVO RAFFAELE GAROFALO,89.52,Elettrocardiogramma (ECG),50,2,2024
500069,IST. RIABILITATIVO RAFFAELE GAROFALO,89.52,Elettrocardiogramma (ECG),69,3,2024
500069,IST. RIABILITATIVO RAFFAELE GAROFALO,89.52,Elettrocardiogramma (ECG),72,4,2024
500069,IST. RIABILITATIVO RAFFAELE GAROFALO,89.52,Elettrocardiogramma (ECG),109,5,2024
500069,IST. RIABILITATIVO RAFFAELE GAROFALO,89.52,Elettrocardiogramma (ECG),59,6,2024
500069,IST. RIABILITATIVO RAFFAELE GAROFALO,89.52,Elettrocardiogramma (ECG),44,7,2024
500069,IST. RIABILITATIVO RAFFAELE GAROFALO,89.52,Elettrocardiogramma (ECG),9,8,2024
500069,IST. RIABILITATIVO RAFFAELE GAROFALO,89.52,Elettrocardiogramma (ECG),58,9,2024
500069,IST. RIABILITATIVO RAFFAELE GAROFALO,897.01,Visita cardiologica,28,1,2024
500069,IST. RIABILITATIVO RAFFAELE GAROFALO,897.01,Visita cardiologica,50,2,2024
500069,IST. RIABILITATIVO RAFFAELE GAROFALO,897.01,Visita cardiologica,69,3,2024
500069,IST. RIABILITATIVO RAFFAELE GAROFALO,897.01,Visita cardiologica,72,4,2024
500069,IST. RIABILITATIVO RAFFAELE GAROFALO,897.01,Visita cardiologica,109,5,2024
500069,IST. RIABILITATIVO RAFFAELE GAROFALO,897.01,Visita cardiologica,59,6,2024
500069,IST. RIABILITATIVO RAFFAELE GAROFALO,897.01,Visita cardiologica,44,7,2024
500069,IST. RIABILITATIVO RAFFAELE GAROFALO,897.01,Visita cardiologica,9,8,2024
500069,IST. RIABILITATIVO RAFFAELE GAROFALO,897.01,Visita cardiologica,58,9,2024
500069,IST. RIABILITATIVO RAFFAELE GAROFALO,897.20,Visita fisiatrica,126,1,2024
500069,IST. RIABILITATIVO RAFFAELE GAROFALO,897.20,Visita fisiatrica,157,2,2024
500069,IST. RIABILITATIVO RAFFAELE GAROFALO,897.20,Visita fisiatrica,203,3,2024
500069,IST. RIABILITATIVO RAFFAELE GAROFALO,897.20,Visita fisiatrica,220,4,2024
500069,IST. RIABILITATIVO RAFFAELE GAROFALO,897.20,Visita fisiatrica,227,5,2024
500069,IST. RIABILITATIVO RAFFAELE GAROFALO,897.67,Visita cardiologica con ECG,28,1,2024
500069,IST. RIABILITATIVO RAFFAELE GAROFALO,897.67,Visita cardiologica con ECG,50,2,2024
500069,IST. RIABILITATIVO RAFFAELE GAROFALO,897.67,Visita cardiologica con ECG,69,3,2024
500069,IST. RIABILITATIVO RAFFAELE GAROFALO,897.67,Visita cardiologica con ECG,72,4,2024
500069,IST. RIABILITATIVO RAFFAELE GAROFALO,897.67,Visita cardiologica con ECG,109,5,2024
500069,IST. RIABILITATIVO RAFFAELE GAROFALO,897.67,Visita cardiologica con ECG,59,6,2024
500069,IST. RIABILITATIVO RAFFAELE GAROFALO,897.67,Visita cardiologica con ECG,80,7,2024
500069,IST. RIABILITATIVO RAFFAELE GAROFALO,897.67,Visita cardiologica con ECG,73,8,2024
500069,IST. RIABILITATIVO RAFFAELE GAROFALO,897.67,Visita cardiologica con ECG,58,9,2024
500069,IST. RIABILITATIVO RAFFAELE GAROFALO,93.08.1,Elettromiografia semplice (EMG),97,1,2024
500069,IST. RIABILITATIVO RAFFAELE GAROFALO,93.08.1,Elettromiografia semplice (EMG),112,2,2024
500069,IST. RIABILITATIVO RAFFAELE GAROFALO,93.08.1,Elettromiografia semplice (EMG),90,3,2024
500069,IST. RIABILITATIVO RAFFAELE GAROFALO,93.08.1,Elettromiografia semplice (EMG),77,4,2024
500069,IST. RIABILITATIVO RAFFAELE GAROFALO,93.08.1,Elettromiografia semplice (EMG),119,5,2024
500069,IST. RIABILITATIVO RAFFAELE GAROFALO,93.08.1,Elettromiografia semplice (EMG),36,7,2024
500069,IST. RIABILITATIVO RAFFAELE GAROFALO,93.08.A,Studio elettromiografico arto superiore,97,1,2024
500069,IST. RIABILITATIVO RAFFAELE GAROFALO,93.08.A,Studio elettromiografico arto superiore,112,2,2024
500069,IST. RIABILITATIVO RAFFAELE GAROFALO,93.08.A,Studio elettromiografico arto superiore,90,3,2024
500069,IST. RIABILITATIVO RAFFAELE GAROFALO,93.08.A,Studio elettromiografico arto superiore,77,4,2024
500069,IST. RIABILITATIVO RAFFAELE GAROFALO,93.08.A,Studio elettromiografico arto superiore,119,5,2024
500069,IST. RIABILITATIVO RAFFAELE GAROFALO,93.08.A,Studio elettromiografico arto superiore,36,7,2024
500069,IST. RIABILITATIVO RAFFAELE GAROFALO,93.08.B,Studio elettromiografico arto inferiore,97,1,2024
500069,IST. RIABILITATIVO RAFFAELE GAROFALO,93.08.B,Studio elettromiografico arto inferiore,112,2,2024
500069,IST. RIABILITATIVO RAFFAELE GAROFALO,93.08.B,Studio elettromiografico arto inferiore,90,3,2024
500069,IST. RIABILITATIVO RAFFAELE GAROFALO,93.08.B,Studio elettromiografico arto inferiore,77,4,2024
500069,IST. RIABILITATIVO RAFFAELE GAROFALO,93.08.B,Studio elettromiografico arto inferiore,119,5,2024
500069,IST. RIABILITATIVO RAFFAELE GAROFALO,93.08.B,Studio elettromiografico arto inferiore,36,7,2024
500069,IST. RIABILITATIVO RAFFAELE GAROFALO,9502.0,Visita oculistica,13,1,2024
500069,IST. RIABILITATIVO RAFFAELE GAROFALO,9502.0,Visita oculistica,7,2,2024
500069,IST. RIABILITATIVO RAFFAELE GAROFALO,9502.0,Visita oculistica,6,3,2024
500069,IST. RIABILITATIVO RAFFAELE GAROFALO,9502.0,Visita oculistica,7,4,2024
500069,IST. RIABILITATIVO RAFFAELE GAROFALO,9502.0,Visita oculistica,7,5,2024
500069,IST. RIABILITATIVO RAFFAELE GAROFALO,9502.0,Visita oculistica,143,7,2024
