Stazioni;Data;T-MIN;T-MAX
Abbadia S.Salvatore;01/07/2022;17,5;31
Abbadia S.Salvatore;02/07/2022;18,6;30,9
Abbadia S.Salvatore;03/07/2022;21,1;34,1
Abbadia S.Salvatore;04/07/2022;23,2;35,2
Abbadia S.Salvatore;05/07/2022;21,3;31,4
Abbadia S.Salvatore;06/07/2022;19,7;32,7
Abbadia S.Salvatore;07/07/2022;13,8;30
Abbadia S.Salvatore;08/07/2022;13,3;22,6
Abbadia S.Salvatore;09/07/2022;14,1;23,5
Abbadia S.Salvatore;10/07/2022;14,3;26,4
Abbadia S.Salvatore;11/07/2022;16,1;29,7
Abbadia S.Salvatore;12/07/2022;17,1;29,1
Abbadia S.Salvatore;13/07/2022;16,9;28,3
Abbadia S.Salvatore;14/07/2022;17;32,4
Abbadia S.Salvatore;15/07/2022;18,6;31,3
Abbadia S.Salvatore;16/07/2022;18,5;33,8
Abbadia S.Salvatore;17/07/2022;19,6;35,5
Abbadia S.Salvatore;18/07/2022;19,7;32,4
Abbadia S.Salvatore;19/07/2022;19,2;31,1
Abbadia S.Salvatore;20/07/2022;18,2;32,5
Abbadia S.Salvatore;21/07/2022;20,8;32,9
Abbadia S.Salvatore;22/07/2022;21,3;34,7
Abbadia S.Salvatore;23/07/2022;20,5;35,3
Abbadia S.Salvatore;24/07/2022;19,9;34,3
Abbadia S.Salvatore;25/07/2022;19,8;33,2
Abbadia S.Salvatore;26/07/2022;19,5;32,9
Abbadia S.Salvatore;27/07/2022;19,4;31,1
Abbadia S.Salvatore;28/07/2022;18,6;33,2
Abbadia S.Salvatore;29/07/2022;19,1;32,7
Abbadia S.Salvatore;30/07/2022;18;29,2
Abbadia S.Salvatore;31/07/2022;19,2;29,2
Abbazia Trisulti;01/07/2022;20;33,2
Abbazia Trisulti;02/07/2022;20,2;33,9
Abbazia Trisulti;03/07/2022;21,6;34,2
Abbazia Trisulti;04/07/2022;22,2;33,9
Abbazia Trisulti;05/07/2022;21,8;32,9
Abbazia Trisulti;06/07/2022;20,1;33,3
Abbazia Trisulti;07/07/2022;15,6;30,2
Abbazia Trisulti;08/07/2022;13,7;24,6
Abbazia Trisulti;09/07/2022;16,4;26,9
Abbazia Trisulti;10/07/2022;16,1;26,5
Abbazia Trisulti;11/07/2022;15,5;26,1
Abbazia Trisulti;12/07/2022;17,1;28
Abbazia Trisulti;13/07/2022;17,2;27,7
Abbazia Trisulti;14/07/2022;16,1;30,2
Abbazia Trisulti;15/07/2022;18,3;32,1
Abbazia Trisulti;16/07/2022;21,4;32,7
Abbazia Trisulti;17/07/2022;21,9;34,6
Abbazia Trisulti;18/07/2022;17,6;31,3
Abbazia Trisulti;19/07/2022;20,1;31,9
Abbazia Trisulti;20/07/2022;20,2;32,3
Abbazia Trisulti;21/07/2022;21,5;33
Abbazia Trisulti;22/07/2022;22;33,8
Abbazia Trisulti;23/07/2022;22,4;33,9
Abbazia Trisulti;24/07/2022;21,2;33,7
Abbazia Trisulti;25/07/2022;21;33,8
Abbazia Trisulti;26/07/2022;20,2;32,7
Abbazia Trisulti;27/07/2022;19,6;31,1
Abbazia Trisulti;28/07/2022;19,4;30
Abbazia Trisulti;29/07/2022;18;31,9
Abbazia Trisulti;30/07/2022;19;29,3
Abbazia Trisulti;31/07/2022;18,3;29,6
Acquapendente;01/07/2022;11,4;34,2
Acquapendente;02/07/2022;13,4;40,9
Acquapendente;03/07/2022;16,6;43,1
Acquapendente;04/07/2022;17;42,1
Acquapendente;05/07/2022;15,9;40,1
Acquapendente;06/07/2022;14,8;38,9
Acquapendente;07/07/2022;16,4;36,6
Acquapendente;08/07/2022;14,6;30,5
Acquapendente;09/07/2022;15,3;32,7
Acquapendente;10/07/2022;16,8;36,8
Acquapendente;11/07/2022;12,8;34,3
Acquapendente;12/07/2022;15,5;33,9
Acquapendente;13/07/2022;15,1;37,7
Acquapendente;14/07/2022;12,8;37,1
Acquapendente;15/07/2022;16,5;40,4
Acquapendente;16/07/2022;15,4;37,6
Acquapendente;17/07/2022;15,4;38,1
Acquapendente;18/07/2022;18,2;39,2
Acquapendente;19/07/2022;16,9;40,1
Acquapendente;20/07/2022;14,6;41,9
Acquapendente;21/07/2022;16,4;39,6
Acquapendente;22/07/2022;16,5;41,2
Acquapendente;23/07/2022;16,7;38,6
Acquapendente;24/07/2022;17,2;38,6
Acquapendente;25/07/2022;16,3;39,6
Acquapendente;26/07/2022;17,4;40
Acquapendente;27/07/2022;17,6;36,8
Acquapendente;28/07/2022;17;37,4
Acquapendente;29/07/2022;16;36,9
Acquapendente;30/07/2022;19,6;35,7
Acquapendente;31/07/2022;15;38,5
Allumiere;01/07/2022;19,3;32,1
Allumiere;02/07/2022;19,9;31,5
Allumiere;03/07/2022;23,3;35,1
Allumiere;04/07/2022;23,7;34,5
Allumiere;05/07/2022;23,2;33,4
Allumiere;06/07/2022;21,9;33,3
Allumiere;07/07/2022;20,7;30,3
Allumiere;08/07/2022;15,5;26
Allumiere;09/07/2022;17,1;28,4
Allumiere;10/07/2022;16;28,6
Allumiere;11/07/2022;18,6;28
Allumiere;12/07/2022;18;28,4
Allumiere;13/07/2022;18,9;29,5
Allumiere;14/07/2022;18,7;29,7
Allumiere;15/07/2022;20,2;30,9
Allumiere;16/07/2022;20,4;30,4
Allumiere;17/07/2022;21,7;32
Allumiere;18/07/2022;23;35,7
Allumiere;19/07/2022;22,1;33,9
Allumiere;20/07/2022;21,7;32,1
Allumiere;21/07/2022;22,7;32
Allumiere;22/07/2022;23,2;34,1
Allumiere;23/07/2022;22;33
Allumiere;24/07/2022;21;32,8
Allumiere;25/07/2022;22,5;31,5
Allumiere;26/07/2022;22,7;33,6
Allumiere;27/07/2022;21,7;30,9
Allumiere;28/07/2022;20;31,4
Allumiere;29/07/2022;19,1;30,5
Allumiere;30/07/2022;20,5;30,4
Allumiere;31/07/2022;20,7;33
Amatrice;01/07/2022;10,3;35,5
Amatrice;02/07/2022;9,3;32,3
Amatrice;03/07/2022;12,8;33,3
Amatrice;04/07/2022;12,3;35,1
Amatrice;05/07/2022;13,3;34,4
Amatrice;06/07/2022;11,7;32,2
Amatrice;07/07/2022;10,6;31,6
Amatrice;08/07/2022;10;20
Amatrice;09/07/2022;8,1;24,1
Amatrice;10/07/2022;5,3;27,6
Amatrice;11/07/2022;7,2;28,6
Amatrice;12/07/2022;11,2;28,6
Amatrice;13/07/2022;9,7;26
Amatrice;14/07/2022;6,4;31,9
Amatrice;15/07/2022;10,1;35,4
Amatrice;16/07/2022;10,8;35,3
Amatrice;17/07/2022;12,1;33,3
Amatrice;18/07/2022;13,2;33,6
Amatrice;19/07/2022;10,9;31,9
Amatrice;20/07/2022;8,5;33,9
Amatrice;21/07/2022;12,5;35,1
Amatrice;22/07/2022;13,5;36,7
Amatrice;23/07/2022;13,5;37,2
Amatrice;24/07/2022;12,2;36,1
Amatrice;25/07/2022;14,9;34,3
Amatrice;26/07/2022;14,3;34,3
Amatrice;27/07/2022;12,7;34
Amatrice;28/07/2022;10,5;30,9
Amatrice;29/07/2022;13,3;35,1
Amatrice;30/07/2022;14,2;31,5
Amatrice;31/07/2022;10,6;31
Anzio;01/07/2022;23,7;31,6
Anzio;02/07/2022;23,8;30
Anzio;03/07/2022;23,7;31,5
Anzio;04/07/2022;24,3;31,3
Anzio;05/07/2022;23,2;30,3
Anzio;06/07/2022;25;30,6
Anzio;07/07/2022;25,1;30,5
Anzio;08/07/2022;19,3;32,9
Anzio;09/07/2022;21,9;29,1
Anzio;10/07/2022;22,1;28,2
Anzio;11/07/2022;22,3;28,7
Anzio;12/07/2022;23,1;29,5
Anzio;13/07/2022;22,4;28,9
Anzio;14/07/2022;23,1;29,1
Anzio;15/07/2022;24,5;29,8
Anzio;16/07/2022;24,5;29,9
Anzio;17/07/2022;24,3;30,2
Anzio;18/07/2022;24,9;31,8
Anzio;19/07/2022;25,1;31,9
Anzio;20/07/2022;25;31,5
Anzio;21/07/2022;26;31,3
Anzio;22/07/2022;27,2;32,6
Anzio;23/07/2022;26,4;31,9
Anzio;24/07/2022;25,8;31
Anzio;25/07/2022;25,4;31,8
Anzio;26/07/2022;26,2;31,4
Anzio;27/07/2022;26,2;31,4
Anzio;28/07/2022;26,8;30,6
Anzio;29/07/2022;24,5;31,3
Anzio;30/07/2022;24,7;31
Anzio;31/07/2022;24,4;30,9
Aprilia;01/07/2022;22,3;32,9
Aprilia;02/07/2022;22,3;34
Aprilia;03/07/2022;23,6;35,7
Aprilia;04/07/2022;23,3;35,2
Aprilia;05/07/2022;23,2;33
Aprilia;06/07/2022;23,3;33,7
Aprilia;07/07/2022;24;31,5
Aprilia;08/07/2022;17,6;32
Aprilia;09/07/2022;21,2;32
Aprilia;10/07/2022;21,1;29,3
Aprilia;11/07/2022;20,5;30,4
Aprilia;12/07/2022;22,1;30,7
Aprilia;13/07/2022;21,3;30,1
Aprilia;14/07/2022;21,4;30,2
Aprilia;15/07/2022;22,7;31,9
Aprilia;16/07/2022;22,9;32,5
Aprilia;17/07/2022;22,6;34
Aprilia;18/07/2022;24,3;34,4
Aprilia;19/07/2022;25,3;33,3
Aprilia;20/07/2022;24,6;33,8
Aprilia;21/07/2022;23,5;33,7
Aprilia;22/07/2022;24,1;33,9
Aprilia;23/07/2022;22,6;33,6
Aprilia;24/07/2022;24,4;31,8
Aprilia;25/07/2022;24,1;33,7
Aprilia;26/07/2022;24,6;32,8
Aprilia;27/07/2022;24,5;31,8
Aprilia;28/07/2022;24,8;32
Aprilia;29/07/2022;22,6;31,1
Aprilia;30/07/2022;23,4;31,3
Aprilia;31/07/2022;23,3;31,8
Ardea;01/07/2022;13,7;34,7
Ardea;02/07/2022;15;34
Ardea;03/07/2022;16,8;37,2
Ardea;04/07/2022;18,5;36,2
Ardea;05/07/2022;18,5;34,4
Ardea;06/07/2022;16,3;35,4
Ardea;07/07/2022;21,9;33,7
Ardea;08/07/2022;17,3;32,9
Ardea;09/07/2022;20,3;33,2
Ardea;10/07/2022;16,5;30,5
Ardea;11/07/2022;15,8;32,2
Ardea;12/07/2022;16,4;32,4
Ardea;13/07/2022;17,6;32,9
Ardea;14/07/2022;17,1;32,4
Ardea;15/07/2022;18,6;33,3
Ardea;16/07/2022;18,3;35
Ardea;17/07/2022;16,7;34,3
Ardea;18/07/2022;16,5;37,3
Ardea;19/07/2022;18,8;36,8
Ardea;20/07/2022;17,3;35,4
Ardea;21/07/2022;19,9;34,9
Ardea;22/07/2022;21,2;35,8
Ardea;23/07/2022;21,6;34,7
Ardea;24/07/2022;19,4;34,7
Ardea;25/07/2022;19,3;35,2
Ardea;26/07/2022;20,8;35,4
Ardea;27/07/2022;21,7;33,7
Ardea;28/07/2022;20,3;34,6
Ardea;29/07/2022;18,8;34,2
Ardea;30/07/2022;18,9;34,7
Ardea;31/07/2022;19,1;35,1
Arsoli;01/07/2022;16,1;37,4
Arsoli;02/07/2022;16,5;39,6
Arsoli;03/07/2022;18;39,8
Arsoli;04/07/2022;18,3;42,4
Arsoli;05/07/2022;17,9;38,5
Arsoli;06/07/2022;15,8;38,2
Arsoli;07/07/2022;17,7;36,4
Arsoli;08/07/2022;14,7;31
Arsoli;09/07/2022;14,4;34,4
Arsoli;10/07/2022;12,8;34,5
Arsoli;11/07/2022;14,3;34,4
Arsoli;12/07/2022;14,4;35,1
Arsoli;13/07/2022;15,2;35,6
Arsoli;14/07/2022;13,8;35,4
Arsoli;15/07/2022;16,7;38,9
Arsoli;16/07/2022;17,1;37
Arsoli;17/07/2022;17,9;38,9
Arsoli;18/07/2022;18,3;39,1
Arsoli;19/07/2022;16,5;39,2
Arsoli;20/07/2022;18,8;37,6
Arsoli;21/07/2022;19,2;39,6
Arsoli;22/07/2022;18,8;40,1
Arsoli;23/07/2022;18;38,9
Arsoli;24/07/2022;16,9;38,6
Arsoli;25/07/2022;18;38,5
Arsoli;26/07/2022;16,7;38,5
Arsoli;27/07/2022;19,8;36,3
Arsoli;28/07/2022;18,3;35,7
Arsoli;29/07/2022;15,9;37
Arsoli;30/07/2022;17,6;35,3
Arsoli;31/07/2022;16,3;36,6
Baccano;01/07/2022;10,9;34,7
Baccano;02/07/2022;12,9;40,4
Baccano;03/07/2022;18,9;41,6
Baccano;04/07/2022;17,8;39,2
Baccano;05/07/2022;16;39,1
Baccano;06/07/2022;15,6;39,3
Baccano;07/07/2022;18;36,4
Baccano;08/07/2022;16,3;31,1
Baccano;09/07/2022;16,8;34,3
Baccano;10/07/2022;16,8;34
Baccano;11/07/2022;13,4;33,4
Baccano;12/07/2022;14,6;34
Baccano;13/07/2022;17,3;34,3
Baccano;14/07/2022;17,8;35,9
Baccano;15/07/2022;17;37,6
Baccano;16/07/2022;15,8;36,5
Baccano;17/07/2022;15,2;38,6
Baccano;18/07/2022;16,9;39,3
Baccano;19/07/2022;20;40,4
Baccano;20/07/2022;17,6;35,4
Baccano;21/07/2022;17,5;38,5
Baccano;22/07/2022;18,6;39,7
Baccano;23/07/2022;20,7;37,4
Baccano;24/07/2022;19,3;37,1
Baccano;25/07/2022;18,1;38,6
Baccano;26/07/2022;19,2;38,1
Baccano;27/07/2022;20,5;33
Baccano;28/07/2022;18,8;35,3
Baccano;29/07/2022;16,3;36,9
Baccano;30/07/2022;17,6;35,1
Baccano;31/07/2022;20,4;39,8
Bagnoregio;01/07/2022;18;34,2
Bagnoregio;02/07/2022;20,6;37,2
Bagnoregio;03/07/2022;23,9;38,1
Bagnoregio;04/07/2022;24,2;38,5
Bagnoregio;05/07/2022;22,6;36,8
Bagnoregio;06/07/2022;20,9;36,6
Bagnoregio;07/07/2022;16,7;34
Bagnoregio;08/07/2022;15,2;27,8
Bagnoregio;09/07/2022;16,8;30,3
Bagnoregio;10/07/2022;15,5;31,6
Bagnoregio;11/07/2022;16,8;33,4
Bagnoregio;12/07/2022;18,1;33,4
Bagnoregio;13/07/2022;18,8;33,7
Bagnoregio;14/07/2022;18,1;35,1
Bagnoregio;15/07/2022;19,8;36,9
Bagnoregio;16/07/2022;19,1;36
Bagnoregio;17/07/2022;21,2;37,5
Bagnoregio;18/07/2022;22,6;38,8
Bagnoregio;19/07/2022;22,6;37,7
Bagnoregio;20/07/2022;22,4;36,7
Bagnoregio;21/07/2022;20,3;37,6
Bagnoregio;22/07/2022;21,6;38,9
Bagnoregio;23/07/2022;21,5;37,1
Bagnoregio;24/07/2022;21,3;37,7
Bagnoregio;25/07/2022;21,7;37,1
Bagnoregio;26/07/2022;21,2;37
Bagnoregio;27/07/2022;20,3;35
Bagnoregio;28/07/2022;19,2;33,8
Bagnoregio;29/07/2022;19,5;36,3
Bagnoregio;30/07/2022;20,6;32,7
Bagnoregio;31/07/2022;20,6;35,1
Barbarano;01/07/2022;17,6;34,7
Barbarano;02/07/2022;17,9;35,4
Barbarano;03/07/2022;21,6;37
Barbarano;04/07/2022;23,4;37,2
Barbarano;05/07/2022;21,3;34,9
Barbarano;06/07/2022;19,2;35,4
Barbarano;07/07/2022;20,5;33,8
Barbarano;08/07/2022;15,3;27,9
Barbarano;09/07/2022;19;29,4
Barbarano;10/07/2022;17,1;30,1
Barbarano;11/07/2022;16,5;30,8
Barbarano;12/07/2022;17,7;31,2
Barbarano;13/07/2022;18,8;31,9
Barbarano;14/07/2022;18,1;31,5
Barbarano;15/07/2022;18,7;34,3
Barbarano;16/07/2022;19,2;32,9
Barbarano;17/07/2022;19,5;34,7
Barbarano;18/07/2022;21,3;36,1
Barbarano;19/07/2022;20,7;35,8
Barbarano;20/07/2022;20,3;35,6
Barbarano;21/07/2022;19,5;34,8
Barbarano;22/07/2022;21;36,5
Barbarano;23/07/2022;20,3;35,8
Barbarano;24/07/2022;19,3;35,4
Barbarano;25/07/2022;20,8;34,2
Barbarano;26/07/2022;21,2;35,5
Barbarano;27/07/2022;22,5;33,3
Barbarano;28/07/2022;21,2;34,3
Barbarano;29/07/2022;19,5;33,5
Barbarano;30/07/2022;20,3;32,9
Barbarano;31/07/2022;19,3;34,2
Bolsena;01/07/2022;16,7;34,4
Bolsena;02/07/2022;17,9;38,4
Bolsena;03/07/2022;22,1;40,1
Bolsena;04/07/2022;21,5;40
Bolsena;05/07/2022;20,6;39,5
Bolsena;06/07/2022;19,6;38,4
Bolsena;07/07/2022;18,6;34,5
Bolsena;08/07/2022;18,5;28,4
Bolsena;09/07/2022;17,5;30,3
Bolsena;10/07/2022;18,1;32,9
Bolsena;11/07/2022;17;34,3
Bolsena;12/07/2022;17,7;34
Bolsena;13/07/2022;18,9;35,1
Bolsena;14/07/2022;17,1;36
Bolsena;15/07/2022;18,2;37,7
Bolsena;16/07/2022;18,5;36,3
Bolsena;17/07/2022;18,8;38,3
Bolsena;18/07/2022;22,5;38,6
Bolsena;19/07/2022;23,2;36,5
Bolsena;20/07/2022;20,5;38,3
Bolsena;21/07/2022;19;38,7
Bolsena;22/07/2022;20,4;39,8
Bolsena;23/07/2022;19,8;38,1
Bolsena;24/07/2022;20,7;38,6
Bolsena;25/07/2022;19,8;38,4
Bolsena;26/07/2022;20,9;38,2
Bolsena;27/07/2022;21,7;35,7
Bolsena;28/07/2022;21,4;36,4
Bolsena;29/07/2022;19,8;36,7
Bolsena;30/07/2022;21,4;33,8
Bolsena;31/07/2022;21,3;34,7
Borgo Montello;01/07/2022;14,8;36,1
Borgo Montello;02/07/2022;14,7;39,1
Borgo Montello;03/07/2022;17,4;38,5
Borgo Montello;04/07/2022;18,9;39,2
Borgo Montello;05/07/2022;17,3;36,2
Borgo Montello;06/07/2022;16,5;37,3
Borgo Montello;07/07/2022;20,1;35,4
Borgo Montello;08/07/2022;16,2;35,5
Borgo Montello;09/07/2022;18,1;33,5
Borgo Montello;10/07/2022;16,5;33,7
Borgo Montello;11/07/2022;15,4;33,9
Borgo Montello;12/07/2022;16,2;35,1
Borgo Montello;13/07/2022;16,9;33,9
Borgo Montello;14/07/2022;15,5;34,7
Borgo Montello;15/07/2022;17,6;37
Borgo Montello;16/07/2022;17,1;36,3
Borgo Montello;17/07/2022;16,7;38,5
Borgo Montello;18/07/2022;18,1;38,7
Borgo Montello;19/07/2022;19,5;37,4
Borgo Montello;20/07/2022;18,4;36,8
Borgo Montello;21/07/2022;18,5;37,8
Borgo Montello;22/07/2022;20,4;37,3
Borgo Montello;23/07/2022;18,7;38,1
Borgo Montello;24/07/2022;17,1;36,8
Borgo Montello;25/07/2022;18,7;37,1
Borgo Montello;26/07/2022;19,3;36
Borgo Montello;27/07/2022;21,1;35,7
Borgo Montello;28/07/2022;20,4;36,4
Borgo Montello;29/07/2022;18;35,4
Borgo Montello;30/07/2022;18,5;36,1
Borgo Montello;31/07/2022;18,9;35,7
Borgorose;01/07/2022;13,2;31,7
Borgorose;02/07/2022;11,7;32,5
Borgorose;03/07/2022;14,4;33,1
Borgorose;04/07/2022;-;-
Borgorose;05/07/2022;-;-
Borgorose;06/07/2022;-;-
Borgorose;07/07/2022;14,7;30,9
Borgorose;08/07/2022;13,1;23,9
Borgorose;09/07/2022;11,3;28,1
Borgorose;10/07/2022;9,2;27,1
Borgorose;11/07/2022;11,7;28,1
Borgorose;12/07/2022;12,9;27,4
Borgorose;13/07/2022;14,1;28,9
Borgorose;14/07/2022;11,3;33,1
Borgorose;15/07/2022;13,3;33,3
Borgorose;16/07/2022;14,4;32,6
Borgorose;17/07/2022;14,6;34,5
Borgorose;18/07/2022;16,2;32,7
Borgorose;19/07/2022;14,8;33,7
Borgorose;20/07/2022;14,9;33
Borgorose;21/07/2022;15,7;33,2
Borgorose;22/07/2022;16,8;35,4
Borgorose;23/07/2022;17;34,1
Borgorose;24/07/2022;14,1;34,2
Borgorose;25/07/2022;16,1;34
Borgorose;26/07/2022;15,8;32,8
Borgorose;27/07/2022;15;32,2
Borgorose;28/07/2022;14,1;32,9
Borgorose;29/07/2022;14,9;32,6
Borgorose;30/07/2022;15,7;29,8
Borgorose;31/07/2022;15,8;32,7
Bracciano;01/07/2022;21,5;34,4
Bracciano;02/07/2022;20,8;38
Bracciano;03/07/2022;25,4;38
Bracciano;04/07/2022;24,9;38,9
Bracciano;05/07/2022;24,1;35,4
Bracciano;06/07/2022;23,1;36,4
Bracciano;07/07/2022;21,6;32,5
Bracciano;08/07/2022;17,7;29,2
Bracciano;09/07/2022;19,8;30,5
Bracciano;10/07/2022;19,4;30,7
Bracciano;11/07/2022;19,1;32
Bracciano;12/07/2022;19,7;31
Bracciano;13/07/2022;21;30,9
Bracciano;14/07/2022;20,1;32,6
Bracciano;15/07/2022;21,7;35,8
Bracciano;16/07/2022;21,8;34,1
Bracciano;17/07/2022;21,8;35,8
Bracciano;18/07/2022;23,4;37,4
Bracciano;19/07/2022;23,1;37,6
Bracciano;20/07/2022;22,1;35,1
Bracciano;21/07/2022;22,2;37
Bracciano;22/07/2022;23,3;37
Bracciano;23/07/2022;22,8;34,9
Bracciano;24/07/2022;22,6;34,7
Bracciano;25/07/2022;22,8;36,4
Bracciano;26/07/2022;23,5;34,4
Bracciano;27/07/2022;23,6;33,9
Bracciano;28/07/2022;22,2;33,4
Bracciano;29/07/2022;22;33,8
Bracciano;30/07/2022;22,5;33,5
Bracciano;31/07/2022;23,5;36,3
Brusciano;01/07/2022;15,3;28,9
Brusciano;02/07/2022;16,1;29,2
Brusciano;03/07/2022;16,8;29,3
Brusciano;04/07/2022;16,7;28,2
Brusciano;05/07/2022;17,7;27,6
Brusciano;06/07/2022;15,2;27,9
Brusciano;07/07/2022;11,9;26,5
Brusciano;08/07/2022;10,8;17,1
Brusciano;09/07/2022;10,1;20,3
Brusciano;10/07/2022;9,1;23
Brusciano;11/07/2022;12;22,9
Brusciano;12/07/2022;13,9;22,9
Brusciano;13/07/2022;11,6;23,6
Brusciano;14/07/2022;11,6;26,4
Brusciano;15/07/2022;15,8;29,1
Brusciano;16/07/2022;16,6;27,6
Brusciano;17/07/2022;17,1;30,4
Brusciano;18/07/2022;16,2;28,2
Brusciano;19/07/2022;15,7;27,9
Brusciano;20/07/2022;16;28,3
Brusciano;21/07/2022;16,7;27,4
Brusciano;22/07/2022;18;28,9
Brusciano;23/07/2022;18,5;29,5
Brusciano;24/07/2022;17,7;29
Brusciano;25/07/2022;18;28,2
Brusciano;26/07/2022;16,8;27,5
Brusciano;27/07/2022;16,5;28,5
Brusciano;28/07/2022;15,5;29,4
Brusciano;29/07/2022;15,3;28
Brusciano;30/07/2022;15,9;26,4
Brusciano;31/07/2022;14,8;27,4
Campaegli;01/07/2022;16;27,9
Campaegli;02/07/2022;11,9;28,2
Campaegli;03/07/2022;13,4;29,3
Campaegli;04/07/2022;16,7;29,3
Campaegli;05/07/2022;13,9;27,9
Campaegli;06/07/2022;14,7;27,6
Campaegli;07/07/2022;13;25,5
Campaegli;08/07/2022;10,5;18,5
Campaegli;09/07/2022;10,7;20,7
Campaegli;10/07/2022;9,9;21,8
Campaegli;11/07/2022;9,3;23,3
Campaegli;12/07/2022;14,5;24,6
Campaegli;13/07/2022;11,7;24
Campaegli;14/07/2022;9;24,9
Campaegli;15/07/2022;13,9;26,6
Campaegli;16/07/2022;12,9;27
Campaegli;17/07/2022;13,3;28
Campaegli;18/07/2022;13,4;27,3
Campaegli;19/07/2022;13,7;26,9
Campaegli;20/07/2022;13,3;26,5
Campaegli;21/07/2022;12,3;27,8
Campaegli;22/07/2022;16,6;29,5
Campaegli;23/07/2022;13,4;28,6
Campaegli;24/07/2022;13,4;28,2
Campaegli;25/07/2022;13;28,3
Campaegli;26/07/2022;13,1;27,3
Campaegli;27/07/2022;13,9;24,9
Campaegli;28/07/2022;12,5;25,1
Campaegli;29/07/2022;11,1;25,9
Campaegli;30/07/2022;14;23,3
Campaegli;31/07/2022;14;25
Campo di Carne;01/07/2022;16;34,4
Campo di Carne;02/07/2022;18,1;33,6
Campo di Carne;03/07/2022;17,4;36,7
Campo di Carne;04/07/2022;19,2;36,4
Campo di Carne;05/07/2022;18,1;33,9
Campo di Carne;06/07/2022;20,1;35,1
Campo di Carne;07/07/2022;20,8;34,3
Campo di Carne;08/07/2022;16,8;32,3
Campo di Carne;09/07/2022;18,9;30,9
Campo di Carne;10/07/2022;16,8;30,1
Campo di Carne;11/07/2022;17,4;31
Campo di Carne;12/07/2022;20,5;31,4
Campo di Carne;13/07/2022;18,2;31,2
Campo di Carne;14/07/2022;17,6;31,1
Campo di Carne;15/07/2022;21,8;33,3
Campo di Carne;16/07/2022;19,8;33,7
Campo di Carne;17/07/2022;19,4;35,5
Campo di Carne;18/07/2022;20,2;36
Campo di Carne;19/07/2022;21,5;34,7
Campo di Carne;20/07/2022;19,7;34,4
Campo di Carne;21/07/2022;21,4;34,4
Campo di Carne;22/07/2022;22,7;34,9
Campo di Carne;23/07/2022;20,6;34,2
Campo di Carne;24/07/2022;20,3;32,9
Campo di Carne;25/07/2022;20,4;34,6
Campo di Carne;26/07/2022;21,6;33,6
Campo di Carne;27/07/2022;22;32,8
Campo di Carne;28/07/2022;22,4;33,4
Campo di Carne;29/07/2022;20;32
Campo di Carne;30/07/2022;19,9;33,5
Campo di Carne;31/07/2022;20;33,5
Campodimele;01/07/2022;21,4;31,6
Campodimele;02/07/2022;21,4;33,2
Campodimele;03/07/2022;23,8;33,9
Campodimele;04/07/2022;24,5;32,8
Campodimele;05/07/2022;24;31,6
Campodimele;06/07/2022;21,5;31,5
Campodimele;07/07/2022;19,7;28,6
Campodimele;08/07/2022;13,9;26,6
Campodimele;09/07/2022;17,8;26,2
Campodimele;10/07/2022;17,2;26,6
Campodimele;11/07/2022;16,7;28,1
Campodimele;12/07/2022;18,9;29,2
Campodimele;13/07/2022;19;27,9
Campodimele;14/07/2022;19;29,2
Campodimele;15/07/2022;20,7;30,2
Campodimele;16/07/2022;22,5;30,8
Campodimele;17/07/2022;23;33,3
Campodimele;18/07/2022;17,2;33,2
Campodimele;19/07/2022;22,1;31,1
Campodimele;20/07/2022;22,7;31,2
Campodimele;21/07/2022;22,9;31,6
Campodimele;22/07/2022;23;31,2
Campodimele;23/07/2022;23,6;31,3
Campodimele;24/07/2022;23,2;30,9
Campodimele;25/07/2022;21,6;31,1
Campodimele;26/07/2022;21;30,6
Campodimele;27/07/2022;21;29,8
Campodimele;28/07/2022;20,2;30,3
Campodimele;29/07/2022;19,1;29,6
Campodimele;30/07/2022;19,8;29,7
Campodimele;31/07/2022;20,5;28,5
Campoli Appennino;01/07/2022;21,6;33,7
Campoli Appennino;02/07/2022;22,4;33,7
Campoli Appennino;03/07/2022;23,8;35,6
Campoli Appennino;04/07/2022;24;35,8
Campoli Appennino;05/07/2022;23,8;33,4
Campoli Appennino;06/07/2022;21,8;33,1
Campoli Appennino;07/07/2022;15,9;30,8
Campoli Appennino;08/07/2022;15,1;25,2
Campoli Appennino;09/07/2022;18,5;27,1
Campoli Appennino;10/07/2022;17,8;28,3
Campoli Appennino;11/07/2022;17,9;28,3
Campoli Appennino;12/07/2022;19,4;29,4
Campoli Appennino;13/07/2022;19,2;28,7
Campoli Appennino;14/07/2022;18,4;31,2
Campoli Appennino;15/07/2022;20,4;31,8
Campoli Appennino;16/07/2022;21,8;33,4
Campoli Appennino;17/07/2022;22,5;35,9
Campoli Appennino;18/07/2022;22,4;32
Campoli Appennino;19/07/2022;21,7;33,1
Campoli Appennino;20/07/2022;22,7;33,4
Campoli Appennino;21/07/2022;22,5;34,5
Campoli Appennino;22/07/2022;22,5;35,2
Campoli Appennino;23/07/2022;23,2;34,4
Campoli Appennino;24/07/2022;23;34,6
Campoli Appennino;25/07/2022;21,9;34,2
Campoli Appennino;26/07/2022;18,9;32,4
Campoli Appennino;27/07/2022;21;30,7
Campoli Appennino;28/07/2022;20,4;31,4
Campoli Appennino;29/07/2022;20,3;31,2
Campoli Appennino;30/07/2022;19,3;30,3
Campoli Appennino;31/07/2022;19,8;30,7
Canino rlazio;01/07/2022;16,2;33,7
Canino rlazio;02/07/2022;17,3;38,9
Canino rlazio;03/07/2022;22,6;39
Canino rlazio;04/07/2022;21,8;39
Canino rlazio;05/07/2022;21;37,7
Canino rlazio;06/07/2022;19,2;36,8
Canino rlazio;07/07/2022;18,9;35,4
Canino rlazio;08/07/2022;18,5;29,2
Canino rlazio;09/07/2022;19,1;31,3
Canino rlazio;10/07/2022;19,2;32,4
Canino rlazio;11/07/2022;16,1;32,2
Canino rlazio;12/07/2022;17,3;32,2
Canino rlazio;13/07/2022;19,1;32,4
Canino rlazio;14/07/2022;17;33,7
Canino rlazio;15/07/2022;18,7;36,3
Canino rlazio;16/07/2022;18,2;34,2
Canino rlazio;17/07/2022;18,3;36
Canino rlazio;18/07/2022;21,2;37,5
Canino rlazio;19/07/2022;21,8;37,7
Canino rlazio;20/07/2022;22,3;35,8
Canino rlazio;21/07/2022;20,9;36,8
Canino rlazio;22/07/2022;20,9;38,3
Canino rlazio;23/07/2022;20,6;35,5
Canino rlazio;24/07/2022;20,5;35,6
Canino rlazio;25/07/2022;20,2;37,6
Canino rlazio;26/07/2022;20,8;37,1
Canino rlazio;27/07/2022;21,3;34,4
Canino rlazio;28/07/2022;21,6;35,2
Canino rlazio;29/07/2022;19,7;35
Canino rlazio;30/07/2022;21,7;34,8
Canino rlazio;31/07/2022;21,5;36,2
Carpineto Romano;01/07/2022;20,4;34,9
Carpineto Romano;02/07/2022;19,8;34,4
Carpineto Romano;03/07/2022;22,3;35,7
Carpineto Romano;04/07/2022;22,4;35,7
Carpineto Romano;05/07/2022;22,6;34
Carpineto Romano;06/07/2022;20,9;35
Carpineto Romano;07/07/2022;20,3;31,7
Carpineto Romano;08/07/2022;15;29,3
Carpineto Romano;09/07/2022;15,6;29,5
Carpineto Romano;10/07/2022;16,1;27,6
Carpineto Romano;11/07/2022;17,1;29,2
Carpineto Romano;12/07/2022;18,6;29,7
Carpineto Romano;13/07/2022;18,5;28,9
Carpineto Romano;14/07/2022;17,5;30,6
Carpineto Romano;15/07/2022;19,5;32,4
Carpineto Romano;16/07/2022;20,7;32,8
Carpineto Romano;17/07/2022;21,6;34,6
Carpineto Romano;18/07/2022;22,1;34,2
Carpineto Romano;19/07/2022;21,5;33
Carpineto Romano;20/07/2022;21,4;32,8
Carpineto Romano;21/07/2022;21,9;33,9
Carpineto Romano;22/07/2022;22,5;34,1
Carpineto Romano;23/07/2022;22,8;34,5
Carpineto Romano;24/07/2022;20,9;33,9
Carpineto Romano;25/07/2022;21,3;33,3
Carpineto Romano;26/07/2022;21,1;32,3
Carpineto Romano;27/07/2022;21;31,3
Carpineto Romano;28/07/2022;20,6;33,6
Carpineto Romano;29/07/2022;19,2;32,1
Carpineto Romano;30/07/2022;19,8;31,5
Carpineto Romano;31/07/2022;19,8;29,4
Castello Vici;01/07/2022;17;30,7
Castello Vici;02/07/2022;20,3;33,3
Castello Vici;03/07/2022;23,5;33,7
Castello Vici;04/07/2022;22,1;34,8
Castello Vici;05/07/2022;20;32
Castello Vici;06/07/2022;20,3;32,3
Castello Vici;07/07/2022;20;29
Castello Vici;08/07/2022;16,3;27,3
Castello Vici;09/07/2022;18,3;28,1
Castello Vici;10/07/2022;17,7;26,6
Castello Vici;11/07/2022;16,2;28,2
Castello Vici;12/07/2022;17,5;28,1
Castello Vici;13/07/2022;19,1;27,8
Castello Vici;14/07/2022;18,4;28
Castello Vici;15/07/2022;19,2;32,3
Castello Vici;16/07/2022;19,1;30,7
Castello Vici;17/07/2022;20,8;32,9
Castello Vici;18/07/2022;22,8;32,9
Castello Vici;19/07/2022;21,8;33,4
Castello Vici;20/07/2022;21,1;31,3
Castello Vici;21/07/2022;21,2;33,1
Castello Vici;22/07/2022;21,6;34
Castello Vici;23/07/2022;20,9;32,2
Castello Vici;24/07/2022;20,5;30,8
Castello Vici;25/07/2022;20,6;32,8
Castello Vici;26/07/2022;21,6;31,5
Castello Vici;27/07/2022;21,1;29,2
Castello Vici;28/07/2022;20,3;30,3
Castello Vici;29/07/2022;18,9;30,5
Castello Vici;30/07/2022;19,8;29,6
Castello Vici;31/07/2022;21,5;31,3
Ceccano rlazio;01/07/2022;16,3;36,9
Ceccano rlazio;02/07/2022;14,7;39,3
Ceccano rlazio;03/07/2022;16,8;39,3
Ceccano rlazio;04/07/2022;17,7;38,1
Ceccano rlazio;05/07/2022;18,8;37,3
Ceccano rlazio;06/07/2022;16,9;36,5
Ceccano rlazio;07/07/2022;17,9;35,5
Ceccano rlazio;08/07/2022;16,1;33
Ceccano rlazio;09/07/2022;14,1;33,7
Ceccano rlazio;10/07/2022;13,8;33,1
Ceccano rlazio;11/07/2022;14,3;33,3
Ceccano rlazio;12/07/2022;15,8;34,5
Ceccano rlazio;13/07/2022;17,7;35,4
Ceccano rlazio;14/07/2022;14,1;35
Ceccano rlazio;15/07/2022;15,4;38,4
Ceccano rlazio;16/07/2022;16,6;37,4
Ceccano rlazio;17/07/2022;17,2;40,2
Ceccano rlazio;18/07/2022;18,8;39,4
Ceccano rlazio;19/07/2022;16,5;38,3
Ceccano rlazio;20/07/2022;17,7;36,8
Ceccano rlazio;21/07/2022;18;37,5
Ceccano rlazio;22/07/2022;19,5;38,3
Ceccano rlazio;23/07/2022;19,2;38,3
Ceccano rlazio;24/07/2022;15,8;38,8
Ceccano rlazio;25/07/2022;19,4;38,5
Ceccano rlazio;26/07/2022;19,3;36,7
Ceccano rlazio;27/07/2022;19,7;36,1
Ceccano rlazio;28/07/2022;20,6;36,6
Ceccano rlazio;29/07/2022;18,4;38,2
Ceccano rlazio;30/07/2022;19,1;34,9
Ceccano rlazio;31/07/2022;18,6;35,3
Cecchina;01/07/2022;21;33,5
Cecchina;02/07/2022;21;36,2
Cecchina;03/07/2022;24,8;36,6
Cecchina;04/07/2022;24,7;36,9
Cecchina;05/07/2022;23,6;33,8
Cecchina;06/07/2022;23,9;34,6
Cecchina;07/07/2022;22,8;31,8
Cecchina;08/07/2022;16,5;30,7
Cecchina;09/07/2022;21,5;31,8
Cecchina;10/07/2022;20;29,4
Cecchina;11/07/2022;19,6;30,9
Cecchina;12/07/2022;21,4;31,4
Cecchina;13/07/2022;21,8;30,8
Cecchina;14/07/2022;20,1;30,7
Cecchina;15/07/2022;21,4;33,7
Cecchina;16/07/2022;22,7;33,7
Cecchina;17/07/2022;23,8;35,6
Cecchina;18/07/2022;24,3;35,6
Cecchina;19/07/2022;24,8;34,4
Cecchina;20/07/2022;24,3;33,9
Cecchina;21/07/2022;23,8;35,3
Cecchina;22/07/2022;23,1;35,4
Cecchina;23/07/2022;23,3;35,1
Cecchina;24/07/2022;21,4;34
Cecchina;25/07/2022;22,8;35,1
Cecchina;26/07/2022;23,1;33,4
Cecchina;27/07/2022;23,1;32,1
Cecchina;28/07/2022;22,8;32,2
Cecchina;29/07/2022;21,8;32,7
Cecchina;30/07/2022;21,8;32,9
Cecchina;31/07/2022;22,8;32,8
Cervaro;01/07/2022;20,1;34,8
Cervaro;02/07/2022;20,7;36,6
Cervaro;03/07/2022;22,9;36,6
Cervaro;04/07/2022;23;36,1
Cervaro;05/07/2022;22,2;33,9
Cervaro;06/07/2022;20,8;35,6
Cervaro;07/07/2022;17,5;32,7
Cervaro;08/07/2022;15,3;28,9
Cervaro;09/07/2022;17,8;29,6
Cervaro;10/07/2022;18,3;31
Cervaro;11/07/2022;17,7;31,5
Cervaro;12/07/2022;18,8;31,7
Cervaro;13/07/2022;19,4;31,1
Cervaro;14/07/2022;18,9;32,8
Cervaro;15/07/2022;19,5;33,4
Cervaro;16/07/2022;20,5;34,1
Cervaro;17/07/2022;21,6;36,4
Cervaro;18/07/2022;22,6;35,1
Cervaro;19/07/2022;21,4;36,2
Cervaro;20/07/2022;21,8;35,5
Cervaro;21/07/2022;21,8;35,2
Cervaro;22/07/2022;22,4;35,3
Cervaro;23/07/2022;22,2;35,1
Cervaro;24/07/2022;20,9;34,9
Cervaro;25/07/2022;21,9;34,6
Cervaro;26/07/2022;22;33,8
Cervaro;27/07/2022;21,4;34,1
Cervaro;28/07/2022;21,1;34,7
Cervaro;29/07/2022;20,4;33,8
Cervaro;30/07/2022;20,9;33,3
Cervaro;31/07/2022;20,7;33
Cimino;01/07/2022;18,4;31,1
Cimino;02/07/2022;18,3;34,6
Cimino;03/07/2022;20,3;34,9
Cimino;04/07/2022;22,3;34,7
Cimino;05/07/2022;21,4;33,3
Cimino;06/07/2022;19,6;33,4
Cimino;07/07/2022;15,8;29,3
Cimino;08/07/2022;12,8;24,7
Cimino;09/07/2022;12,6;27,1
Cimino;10/07/2022;12,1;28,8
Cimino;11/07/2022;16,4;29,7
Cimino;12/07/2022;17,8;29,1
Cimino;13/07/2022;16,9;30,8
Cimino;14/07/2022;18,1;32,4
Cimino;15/07/2022;18,1;33,1
Cimino;16/07/2022;20,1;32,2
Cimino;17/07/2022;19,5;34,2
Cimino;18/07/2022;19,1;33,8
Cimino;19/07/2022;20,2;34,2
Cimino;20/07/2022;18,7;33,7
Cimino;21/07/2022;20,9;33,6
Cimino;22/07/2022;22,4;34,5
Cimino;23/07/2022;20,8;33,4
Cimino;24/07/2022;19,6;34,1
Cimino;25/07/2022;20,8;33,4
Cimino;26/07/2022;19,9;34,2
Cimino;27/07/2022;20,2;31,1
Cimino;28/07/2022;17,8;34,1
Cimino;29/07/2022;17,9;32,3
Cimino;30/07/2022;17,6;30,9
Cimino;31/07/2022;16,1;31,1
Cisterna di Latina;01/07/2022;20,8;33,9
Cisterna di Latina;02/07/2022;20,6;36,4
Cisterna di Latina;03/07/2022;24,2;36,5
Cisterna di Latina;04/07/2022;22,8;38
Cisterna di Latina;05/07/2022;22,6;34,4
Cisterna di Latina;06/07/2022;22,5;35,4
Cisterna di Latina;07/07/2022;22,9;32,3
Cisterna di Latina;08/07/2022;17,5;32,9
Cisterna di Latina;09/07/2022;21,8;31,9
Cisterna di Latina;10/07/2022;21,1;30,7
Cisterna di Latina;11/07/2022;19,6;32,1
Cisterna di Latina;12/07/2022;20,9;32,8
Cisterna di Latina;13/07/2022;21,5;31,4
Cisterna di Latina;14/07/2022;20,3;31,9
Cisterna di Latina;15/07/2022;21,8;34,2
Cisterna di Latina;16/07/2022;22,2;34,7
Cisterna di Latina;17/07/2022;21,8;36
Cisterna di Latina;18/07/2022;25;36,5
Cisterna di Latina;19/07/2022;24,8;34,7
Cisterna di Latina;20/07/2022;24,1;34,6
Cisterna di Latina;21/07/2022;22,9;36,1
Cisterna di Latina;22/07/2022;24;35,2
Cisterna di Latina;23/07/2022;23,1;36,2
Cisterna di Latina;24/07/2022;21,3;34,4
Cisterna di Latina;25/07/2022;23,2;35,8
Cisterna di Latina;26/07/2022;22,6;34,1
Cisterna di Latina;27/07/2022;24,4;32,9
Cisterna di Latina;28/07/2022;23,7;33,9
Cisterna di Latina;29/07/2022;21,7;33,5
Cisterna di Latina;30/07/2022;22,7;33,1
Cisterna di Latina;31/07/2022;23,2;32,3
Cittaducale;01/07/2022;16,3;37
Cittaducale;02/07/2022;14,9;39,3
Cittaducale;03/07/2022;19,7;39,6
Cittaducale;04/07/2022;18,5;39,5
Cittaducale;05/07/2022;18,6;38
Cittaducale;06/07/2022;17,3;37,8
Cittaducale;07/07/2022;18,7;35,4
Cittaducale;08/07/2022;13,3;28,3
Cittaducale;09/07/2022;13;32,6
Cittaducale;10/07/2022;15,6;30,9
Cittaducale;11/07/2022;15,3;34,2
Cittaducale;12/07/2022;15,2;32,6
Cittaducale;13/07/2022;16,3;34,1
Cittaducale;14/07/2022;14,2;35,9
Cittaducale;15/07/2022;15,9;38
Cittaducale;16/07/2022;15,6;38,1
Cittaducale;17/07/2022;16,7;39,2
Cittaducale;18/07/2022;16,9;38,2
Cittaducale;19/07/2022;15,7;37,8
Cittaducale;20/07/2022;18,6;36,7
Cittaducale;21/07/2022;17,7;38,8
Cittaducale;22/07/2022;18,7;40,1
Cittaducale;23/07/2022;18,8;39,4
Cittaducale;24/07/2022;17,3;38,8
Cittaducale;25/07/2022;18,1;38,6
Cittaducale;26/07/2022;18,1;37,5
Cittaducale;27/07/2022;16;36,1
Cittaducale;28/07/2022;14,2;37,5
Cittaducale;29/07/2022;16,8;36,7
Cittaducale;30/07/2022;17,8;33,7
Cittaducale;31/07/2022;17;37,5
Cittareale;01/07/2022;10,3;34,1
Cittareale;02/07/2022;9,2;33,2
Cittareale;03/07/2022;13,5;35,5
Cittareale;04/07/2022;12,8;35,9
Cittareale;05/07/2022;12,5;33,5
Cittareale;06/07/2022;12,3;33,6
Cittareale;07/07/2022;10,9;29
Cittareale;08/07/2022;10,8;22
Cittareale;09/07/2022;9,9;24,5
Cittareale;10/07/2022;5,6;27,3
Cittareale;11/07/2022;7,6;29,6
Cittareale;12/07/2022;10,5;28,6
Cittareale;13/07/2022;10;27,3
Cittareale;14/07/2022;6,3;32,3
Cittareale;15/07/2022;10,9;34,1
Cittareale;16/07/2022;10,2;34
Cittareale;17/07/2022;11,7;33,6
Cittareale;18/07/2022;13,5;30,2
Cittareale;19/07/2022;10,8;31,8
Cittareale;20/07/2022;9;33,5
Cittareale;21/07/2022;12,4;35,1
Cittareale;22/07/2022;13,7;36,1
Cittareale;23/07/2022;13,3;35,3
Cittareale;24/07/2022;11,5;35,7
Cittareale;25/07/2022;15,3;35,1
Cittareale;26/07/2022;14;34,2
Cittareale;27/07/2022;12,8;32,7
Cittareale;28/07/2022;11;32,3
Cittareale;29/07/2022;14,4;33,1
Cittareale;30/07/2022;13,7;30,1
Cittareale;31/07/2022;11,8;30,8
Civitavecchia;01/07/2022;22,1;31,1
Civitavecchia;02/07/2022;21,4;29,7
Civitavecchia;03/07/2022;23,3;31,6
Civitavecchia;04/07/2022;24,2;33,1
Civitavecchia;05/07/2022;23,6;31,7
Civitavecchia;06/07/2022;23,5;31,5
Civitavecchia;07/07/2022;24,5;30,3
Civitavecchia;08/07/2022;17,3;31,1
Civitavecchia;09/07/2022;20,9;32
Civitavecchia;10/07/2022;20,7;28,3
Civitavecchia;11/07/2022;20,9;29,3
Civitavecchia;12/07/2022;20,6;30,1
Civitavecchia;13/07/2022;21,7;29,3
Civitavecchia;14/07/2022;22,5;29,4
Civitavecchia;15/07/2022;22,4;30,1
Civitavecchia;16/07/2022;23,3;30,3
Civitavecchia;17/07/2022;22,8;31
Civitavecchia;18/07/2022;22,7;32,3
Civitavecchia;19/07/2022;23,6;32,8
Civitavecchia;20/07/2022;24,8;31,3
Civitavecchia;21/07/2022;24,5;31,7
Civitavecchia;22/07/2022;-;-
Civitavecchia;23/07/2022;-;-
Civitavecchia;24/07/2022;-;-
Civitavecchia;25/07/2022;-;-
Civitavecchia;26/07/2022;25,6;32,8
Civitavecchia;27/07/2022;26,6;33,1
Civitavecchia;28/07/2022;25,2;31,6
Civitavecchia;29/07/2022;23,3;31,4
Civitavecchia;30/07/2022;26,3;32
Civitavecchia;31/07/2022;25,6;33
Civitella Cesi;01/07/2022;15,8;36,2
Civitella Cesi;02/07/2022;16,3;37,7
Civitella Cesi;03/07/2022;19,6;40,5
Civitella Cesi;04/07/2022;21;39,9
Civitella Cesi;05/07/2022;20,1;38,1
Civitella Cesi;06/07/2022;18,2;38,2
Civitella Cesi;07/07/2022;19,3;36,1
Civitella Cesi;08/07/2022;14,8;29,7
Civitella Cesi;09/07/2022;16,5;31
Civitella Cesi;10/07/2022;14,1;32,7
Civitella Cesi;11/07/2022;15,8;32,9
Civitella Cesi;12/07/2022;15,9;34,5
Civitella Cesi;13/07/2022;17,6;32,3
Civitella Cesi;14/07/2022;17,6;34,1
Civitella Cesi;15/07/2022;18,3;36,3
Civitella Cesi;16/07/2022;18,6;35,7
Civitella Cesi;17/07/2022;18;36,8
Civitella Cesi;18/07/2022;19,2;38,3
Civitella Cesi;19/07/2022;19,5;38,7
Civitella Cesi;20/07/2022;19,3;37,4
Civitella Cesi;21/07/2022;19,6;37,4
Civitella Cesi;22/07/2022;19,5;39,3
Civitella Cesi;23/07/2022;19,8;39,1
Civitella Cesi;24/07/2022;18,8;38,2
Civitella Cesi;25/07/2022;19,3;36,9
Civitella Cesi;26/07/2022;20,5;37,4
Civitella Cesi;27/07/2022;21,7;36,1
Civitella Cesi;28/07/2022;20,3;36
Civitella Cesi;29/07/2022;18,5;37,2
Civitella Cesi;30/07/2022;19,6;36,1
Civitella Cesi;31/07/2022;18;37,9
Collalto Sabino;01/07/2022;19;31,2
Collalto Sabino;02/07/2022;20,9;32,2
Collalto Sabino;03/07/2022;21,9;33,3
Collalto Sabino;04/07/2022;22,4;32,8
Collalto Sabino;05/07/2022;22,2;31,2
Collalto Sabino;06/07/2022;20,3;31
Collalto Sabino;07/07/2022;15,7;29,3
Collalto Sabino;08/07/2022;13,2;21,8
Collalto Sabino;09/07/2022;13,7;25,2
Collalto Sabino;10/07/2022;12,8;24,6
Collalto Sabino;11/07/2022;16,2;27
Collalto Sabino;12/07/2022;17,8;27,7
Collalto Sabino;13/07/2022;16;27,1
Collalto Sabino;14/07/2022;16,3;28,8
Collalto Sabino;15/07/2022;18,8;31,5
Collalto Sabino;16/07/2022;21,1;31,9
Collalto Sabino;17/07/2022;21,7;32,7
Collalto Sabino;18/07/2022;17,5;31,2
Collalto Sabino;19/07/2022;19,4;31,4
Collalto Sabino;20/07/2022;20,7;30,3
Collalto Sabino;21/07/2022;21,3;32,1
Collalto Sabino;22/07/2022;22,3;33,6
Collalto Sabino;23/07/2022;22,5;32,9
Collalto Sabino;24/07/2022;21,8;32,5
Collalto Sabino;25/07/2022;22;31,9
Collalto Sabino;26/07/2022;20,8;31,1
Collalto Sabino;27/07/2022;17,5;29,6
Collalto Sabino;28/07/2022;19,2;30,4
Collalto Sabino;29/07/2022;18,6;30
Collalto Sabino;30/07/2022;19,2;28
Collalto Sabino;31/07/2022;17,7;29,9
Colle San Magno;01/07/2022;17,5;35,1
Colle San Magno;02/07/2022;17,5;35,2
Colle San Magno;03/07/2022;19,2;36,4
Colle San Magno;04/07/2022;19,3;36
Colle San Magno;05/07/2022;19;34,4
Colle San Magno;06/07/2022;17,1;35
Colle San Magno;07/07/2022;15,8;32,4
Colle San Magno;08/07/2022;13,6;27,7
Colle San Magno;09/07/2022;13,8;29,3
Colle San Magno;10/07/2022;13,9;28,9
Colle San Magno;11/07/2022;14,3;31
Colle San Magno;12/07/2022;15,8;31,7
Colle San Magno;13/07/2022;15,7;30,6
Colle San Magno;14/07/2022;14,8;32,2
Colle San Magno;15/07/2022;16,3;33,7
Colle San Magno;16/07/2022;17,5;34,8
Colle San Magno;17/07/2022;18,7;36,9
Colle San Magno;18/07/2022;18,6;34,1
Colle San Magno;19/07/2022;17,4;35,4
Colle San Magno;20/07/2022;18,4;35,1
Colle San Magno;21/07/2022;19;35,8
Colle San Magno;22/07/2022;19,8;36,1
Colle San Magno;23/07/2022;19,3;36,1
Colle San Magno;24/07/2022;17,6;35,9
Colle San Magno;25/07/2022;19,2;36,4
Colle San Magno;26/07/2022;18,7;34,5
Colle San Magno;27/07/2022;18,7;34
Colle San Magno;28/07/2022;18,5;34,5
Colle San Magno;29/07/2022;16,9;33,8
Colle San Magno;30/07/2022;18,1;32
Colle San Magno;31/07/2022;18,2;33,3
Colle la Croce;01/07/2022;16,4;31,1
Colle la Croce;02/07/2022;15,3;32
Colle la Croce;03/07/2022;18;32,1
Colle la Croce;04/07/2022;18,9;31,8
Colle la Croce;05/07/2022;19,4;30,1
Colle la Croce;06/07/2022;17,4;29,8
Colle la Croce;07/07/2022;14;29,1
Colle la Croce;08/07/2022;11,6;19,9
Colle la Croce;09/07/2022;11,2;23,2
Colle la Croce;10/07/2022;9,9;25,5
Colle la Croce;11/07/2022;12,9;26,4
Colle la Croce;12/07/2022;13,8;24,6
Colle la Croce;13/07/2022;12,3;26,3
Colle la Croce;14/07/2022;12,6;30
Colle la Croce;15/07/2022;16,6;30,9
Colle la Croce;16/07/2022;16,8;30,6
Colle la Croce;17/07/2022;18,8;31,3
Colle la Croce;18/07/2022;17,3;29,9
Colle la Croce;19/07/2022;15,6;30,6
Colle la Croce;20/07/2022;15,7;30,6
Colle la Croce;21/07/2022;17,6;31,4
Colle la Croce;22/07/2022;20,1;32,2
Colle la Croce;23/07/2022;19,9;31,6
Colle la Croce;24/07/2022;18,5;31,8
Colle la Croce;25/07/2022;19,7;31,5
Colle la Croce;26/07/2022;18,3;30
Colle la Croce;27/07/2022;14,1;29,1
Colle la Croce;28/07/2022;15,8;29,5
Colle la Croce;29/07/2022;16,4;29,4
Colle la Croce;30/07/2022;17,9;27,5
Colle la Croce;31/07/2022;14,6;28,7
Collegio Romano;01/07/2022;22,6;35,5
Collegio Romano;02/07/2022;21,3;38,7
Collegio Romano;03/07/2022;25,3;41
Collegio Romano;04/07/2022;25,5;40,7
Collegio Romano;05/07/2022;24,9;39,1
Collegio Romano;06/07/2022;24;38,8
Collegio Romano;07/07/2022;24,2;36,7
Collegio Romano;08/07/2022;18,5;32,4
Collegio Romano;09/07/2022;21;33,4
Collegio Romano;10/07/2022;20,7;33,2
Collegio Romano;11/07/2022;21,3;34,7
Collegio Romano;12/07/2022;21,5;35,5
Collegio Romano;13/07/2022;23;33,1
Collegio Romano;14/07/2022;23,3;35
Collegio Romano;15/07/2022;22,9;37
Collegio Romano;16/07/2022;23,1;37,8
Collegio Romano;17/07/2022;23,1;39,1
Collegio Romano;18/07/2022;24,1;39,5
Collegio Romano;19/07/2022;24,3;39
Collegio Romano;20/07/2022;24,3;37,3
Collegio Romano;21/07/2022;24,5;39,1
Collegio Romano;22/07/2022;25,6;39,9
Collegio Romano;23/07/2022;26,2;38,5
Collegio Romano;24/07/2022;24,3;37,3
Collegio Romano;25/07/2022;24,8;37,8
Collegio Romano;26/07/2022;25,2;37,1
Collegio Romano;27/07/2022;25,5;34,1
Collegio Romano;28/07/2022;23,3;35,5
Collegio Romano;29/07/2022;24,3;36,5
Collegio Romano;30/07/2022;24,9;35,1
Collegio Romano;31/07/2022;24,1;38,9
Colli sul Velino;01/07/2022;15,9;38,3
Colli sul Velino;02/07/2022;14,6;38,3
Colli sul Velino;03/07/2022;18;38,4
Colli sul Velino;04/07/2022;17,9;39
Colli sul Velino;05/07/2022;18;37,7
Colli sul Velino;06/07/2022;17,1;37,5
Colli sul Velino;07/07/2022;15,7;34,7
Colli sul Velino;08/07/2022;13,9;26
Colli sul Velino;09/07/2022;16;28,4
Colli sul Velino;10/07/2022;12,7;32,6
Colli sul Velino;11/07/2022;13,5;33,5
Colli sul Velino;12/07/2022;15,2;32,4
Colli sul Velino;13/07/2022;15,5;32,6
Colli sul Velino;14/07/2022;13,3;35,1
Colli sul Velino;15/07/2022;16;37,7
Colli sul Velino;16/07/2022;15,3;38,1
Colli sul Velino;17/07/2022;16;38,3
Colli sul Velino;18/07/2022;17,6;36,5
Colli sul Velino;19/07/2022;16,2;38,2
Colli sul Velino;20/07/2022;17;36,7
Colli sul Velino;21/07/2022;17,5;37,8
Colli sul Velino;22/07/2022;18,3;39,2
Colli sul Velino;23/07/2022;18,3;40,2
Colli sul Velino;24/07/2022;16,8;38
Colli sul Velino;25/07/2022;18,8;38,7
Colli sul Velino;26/07/2022;18;36,1
Colli sul Velino;27/07/2022;17;36,4
Colli sul Velino;28/07/2022;15,8;36,1
Colli sul Velino;29/07/2022;17,4;36,7
Colli sul Velino;30/07/2022;17,9;36,3
Colli sul Velino;31/07/2022;17,1;35,2
Configni;01/07/2022;20,1;33,8
Configni;02/07/2022;20,1;35,7
Configni;03/07/2022;22,4;35,8
Configni;04/07/2022;23,1;36,7
Configni;05/07/2022;22,3;35,3
Configni;06/07/2022;20,6;34,9
Configni;07/07/2022;15,8;33,3
Configni;08/07/2022;14,9;25,2
Configni;09/07/2022;17,4;27,7
Configni;10/07/2022;14,8;29,9
Configni;11/07/2022;17,2;31,1
Configni;12/07/2022;18,1;30,7
Configni;13/07/2022;18,2;31,4
Configni;14/07/2022;-;-
Configni;15/07/2022;-;-
Configni;16/07/2022;21,4;34,8
Configni;17/07/2022;22,4;37,2
Configni;18/07/2022;20,4;34,3
Configni;19/07/2022;19,1;35
Configni;20/07/2022;20,9;34,7
Configni;21/07/2022;22;36,3
Configni;22/07/2022;22,9;37,3
Configni;23/07/2022;22,4;36,7
Configni;24/07/2022;21,6;36,3
Configni;25/07/2022;22,7;36,1
Configni;26/07/2022;22,8;34,9
Configni;27/07/2022;17,2;32,8
Configni;28/07/2022;17,9;33
Configni;29/07/2022;19,4;33,9
Configni;30/07/2022;19,9;31,1
Configni;31/07/2022;19,1;33,3
Corchiano;01/07/2022;11,9;36
Corchiano;02/07/2022;14,2;38,3
Corchiano;03/07/2022;19;39,6
Corchiano;04/07/2022;19,3;39,1
Corchiano;05/07/2022;16,7;38
Corchiano;06/07/2022;15,6;38,1
Corchiano;07/07/2022;15,8;35,2
Corchiano;08/07/2022;15,4;28,9
Corchiano;09/07/2022;15;30,8
Corchiano;10/07/2022;14,5;32,9
Corchiano;11/07/2022;13,2;34,6
Corchiano;12/07/2022;14,5;34,8
Corchiano;13/07/2022;16,8;34,6
Corchiano;14/07/2022;14,8;35,8
Corchiano;15/07/2022;16,5;37,8
Corchiano;16/07/2022;16;37,2
Corchiano;17/07/2022;15,7;39
Corchiano;18/07/2022;18,6;38,3
Corchiano;19/07/2022;18;38,5
Corchiano;20/07/2022;17;37,5
Corchiano;21/07/2022;16,9;39
Corchiano;22/07/2022;17,9;39,8
Corchiano;23/07/2022;16,9;38,7
Corchiano;24/07/2022;17;38,6
Corchiano;25/07/2022;18,4;38,3
Corchiano;26/07/2022;18,1;37,3
Corchiano;27/07/2022;18,2;34,6
Corchiano;28/07/2022;17,6;35,4
Corchiano;29/07/2022;17,4;36,7
Corchiano;30/07/2022;17,3;33,7
Corchiano;31/07/2022;18,4;36,3
Cori;01/07/2022;22,2;32,1
Cori;02/07/2022;22,5;34,4
Cori;03/07/2022;25,3;35,2
Cori;04/07/2022;24,9;35,5
Cori;05/07/2022;24,6;32,9
Cori;06/07/2022;23,8;33,3
Cori;07/07/2022;21,8;31,2
Cori;08/07/2022;16,5;31,1
Cori;09/07/2022;20,7;30
Cori;10/07/2022;19,8;27,9
Cori;11/07/2022;20,1;29,5
Cori;12/07/2022;20,8;30,2
Cori;13/07/2022;21,4;28,9
Cori;14/07/2022;20;30
Cori;15/07/2022;22,6;32
Cori;16/07/2022;23,8;32,8
Cori;17/07/2022;24,1;34,3
Cori;18/07/2022;25,2;34,4
Cori;19/07/2022;24,9;33,3
Cori;20/07/2022;24,5;33,1
Cori;21/07/2022;24,8;34
Cori;22/07/2022;24,5;34,5
Cori;23/07/2022;25;33,8
Cori;24/07/2022;23,2;33
Cori;25/07/2022;23,5;33,4
Cori;26/07/2022;22,2;32,6
Cori;27/07/2022;23,2;31,8
Cori;28/07/2022;21,6;32,1
Cori;29/07/2022;21;30,9
Cori;30/07/2022;21,6;30,6
Cori;31/07/2022;22,2;30,6
Cosa ad Alatri;01/07/2022;17,4;37,4
Cosa ad Alatri;02/07/2022;16,1;38,1
Cosa ad Alatri;03/07/2022;17,7;38,6
Cosa ad Alatri;04/07/2022;18,3;38,3
Cosa ad Alatri;05/07/2022;18,3;37
Cosa ad Alatri;06/07/2022;15,9;37,2
Cosa ad Alatri;07/07/2022;17,8;34,9
Cosa ad Alatri;08/07/2022;15,2;30,1
Cosa ad Alatri;09/07/2022;16,4;32,2
Cosa ad Alatri;10/07/2022;14,6;32
Cosa ad Alatri;11/07/2022;13,7;31,2
Cosa ad Alatri;12/07/2022;15,1;32,3
Cosa ad Alatri;13/07/2022;16,3;33
Cosa ad Alatri;14/07/2022;14,2;34,3
Cosa ad Alatri;15/07/2022;15,2;36,5
Cosa ad Alatri;16/07/2022;16,6;37
Cosa ad Alatri;17/07/2022;17,5;38,9
Cosa ad Alatri;18/07/2022;17,5;35,5
Cosa ad Alatri;19/07/2022;16,1;35,7
Cosa ad Alatri;20/07/2022;17,5;36,2
Cosa ad Alatri;21/07/2022;17,4;37,2
Cosa ad Alatri;22/07/2022;18,8;37,5
Cosa ad Alatri;23/07/2022;17,9;38,4
Cosa ad Alatri;24/07/2022;16,8;37,7
Cosa ad Alatri;25/07/2022;19,1;37,8
Cosa ad Alatri;26/07/2022;18;36,5
Cosa ad Alatri;27/07/2022;19,2;35,6
Cosa ad Alatri;28/07/2022;19;35,7
Cosa ad Alatri;29/07/2022;17,4;35,6
Cosa ad Alatri;30/07/2022;18,7;33,5
Cosa ad Alatri;31/07/2022;17,9;33,4
Esperia;01/07/2022;22,0;36,1
Esperia;02/07/2022;22,1;36,9
Esperia;03/07/2022;24,9;37,4
Esperia;04/07/2022;24,5;36,8
Esperia;05/07/2022;23,3;36,5
Esperia;06/07/2022;22,0;36,1
Esperia;07/07/2022;19,8;33,5
Esperia;08/07/2022;16,3;29,6
Esperia;09/07/2022;19,7;30,8
Esperia;10/07/2022;19,2;30,4
Esperia;11/07/2022;19,1;31,2
Esperia;12/07/2022;20,2;32,9
Esperia;13/07/2022;20,1;30,9
Esperia;14/07/2022;20,0;33,0
Esperia;15/07/2022;21,1;35,2
Esperia;16/07/2022;21,6;35,1
Esperia;17/07/2022;22,6;36,2
Esperia;18/07/2022;23,4;36,3
Esperia;19/07/2022;22,5;35,9
Esperia;20/07/2022;23,1;35,3
Esperia;21/07/2022;23,3;36,3
Esperia;22/07/2022;23,6;36,1
Esperia;23/07/2022;23,0;37,4
Esperia;24/07/2022;22,4;36,0
Esperia;25/07/2022;22,5;36,3
Esperia;26/07/2022;22,0;35,0
Esperia;27/07/2022;21,6;33,8
Esperia;28/07/2022;22,4;35,2
Esperia;29/07/2022;21,0;34,1
Esperia;30/07/2022;21,7;31,8
Esperia;31/07/2022;21,0;33,5
Ferentino;01/07/2022;20,8;36,7
Ferentino;02/07/2022;20,8;37,2
Ferentino;03/07/2022;24,7;37,3
Ferentino;04/07/2022;24,4;36,5
Ferentino;05/07/2022;23,0;35,0
Ferentino;06/07/2022;21,9;35,5
Ferentino;07/07/2022;19,5;33,7
Ferentino;08/07/2022;15,7;28,6
Ferentino;09/07/2022;18,1;31,9
Ferentino;10/07/2022;18,1;30,7
Ferentino;11/07/2022;17,8;30,2
Ferentino;12/07/2022;19,1;31,5
Ferentino;13/07/2022;19,9;31,9
Ferentino;14/07/2022;18,7;32,8
Ferentino;15/07/2022;19,3;36,3
Ferentino;16/07/2022;21,6;35,1
Ferentino;17/07/2022;22,8;37,3
Ferentino;18/07/2022;22,7;37,1
Ferentino;19/07/2022;21,3;35,7
Ferentino;20/07/2022;22,7;35,2
Ferentino;21/07/2022;23,1;35,5
Ferentino;22/07/2022;22,7;36,9
Ferentino;23/07/2022;23,0;37,4
Ferentino;24/07/2022;22,9;37,4
Ferentino;25/07/2022;22,5;36,2
Ferentino;26/07/2022;22,8;36,8
Ferentino;27/07/2022;22,0;35,6
Ferentino;28/07/2022;22,2;35,3
Ferentino;29/07/2022;21,0;35,0
Ferentino;30/07/2022;21,8;34,7
Ferentino;31/07/2022;21,0;34,5
Fianello;01/07/2022;16,6;39,5
Fianello;02/07/2022;17,0;41,2
Fianello;03/07/2022;20,8;41,9
Fianello;04/07/2022;20,8;42,2
Fianello;05/07/2022;20,9;41,2
Fianello;06/07/2022;19,8;42,3
Fianello;07/07/2022;17,2;40,4
Fianello;08/07/2022;15,4;30,0
Fianello;09/07/2022;17,6;31,8
Fianello;10/07/2022;14,7;36,7
Fianello;11/07/2022;16,9;37,8
Fianello;12/07/2022;17,6;39,4
Fianello;13/07/2022;18,2;36,4
Fianello;14/07/2022;17,1;38,7
Fianello;15/07/2022;18,3;41,6
Fianello;16/07/2022;19,1;40,6
Fianello;17/07/2022;18,3;42,2
Fianello;18/07/2022;20,6;42,2
Fianello;19/07/2022;19,1;41,8
Fianello;20/07/2022;19,2;41,5
Fianello;21/07/2022;20,1;42,2
Fianello;22/07/2022;21,4;44,0
Fianello;23/07/2022;21,0;44,0
Fianello;24/07/2022;20,4;42,8
Fianello;25/07/2022;21,0;42,8
Fianello;26/07/2022;21,1;41,7
Fianello;27/07/2022;21,0;39,5
Fianello;28/07/2022;19,1;40,5
Fianello;29/07/2022;20,3;41,5
Fianello;30/07/2022;20,7;37,8
Fianello;31/07/2022;19,2;40,3
Fiano Romano;01/07/2022;13,5;35,6
Fiano Romano;02/07/2022;13,3;38,7
Fiano Romano;03/07/2022;17,1;39,7
Fiano Romano;04/07/2022;18,6;39,7
Fiano Romano;05/07/2022;17,7;37,1
Fiano Romano;06/07/2022;16,4;37,8
Fiano Romano;07/07/2022;18,0;35,4
Fiano Romano;08/07/2022;16,9;31,3
Fiano Romano;09/07/2022;19,2;32,8
Fiano Romano;10/07/2022;14,2;32,9
Fiano Romano;11/07/2022;15,5;33,9
Fiano Romano;12/07/2022;16,7;33,4
Fiano Romano;13/07/2022;17,3;33,6
Fiano Romano;14/07/2022;15,4;33,7
Fiano Romano;15/07/2022;17,1;37,4
Fiano Romano;16/07/2022;16,7;36,6
Fiano Romano;17/07/2022;15,8;38,4
Fiano Romano;18/07/2022;17,4;38,9
Fiano Romano;19/07/2022;17,8;37,6
Fiano Romano;20/07/2022;17,6;36,9
Fiano Romano;21/07/2022;18,7;38,3
Fiano Romano;22/07/2022;20,6;40,1
Fiano Romano;23/07/2022;19,5;38,2
Fiano Romano;24/07/2022;18,8;37,7
Fiano Romano;25/07/2022;18,8;38,4
Fiano Romano;26/07/2022;19,8;36,7
Fiano Romano;27/07/2022;20,8;34,7
Fiano Romano;28/07/2022;19,3;35,4
Fiano Romano;29/07/2022;19,4;36,4
Fiano Romano;30/07/2022;19,5;34,6
Fiano Romano;31/07/2022;20,3;36,7
Filettino;01/07/2022;14,9;31,1
Filettino;02/07/2022;16,4;31,7
Filettino;03/07/2022;18,4;32,5
Filettino;04/07/2022;18,9;33,1
Filettino;05/07/2022;18,7;31,5
Filettino;06/07/2022;17,0;31,1
Filettino;07/07/2022;14,0;28,8
Filettino;08/07/2022;12,4;23,0
Filettino;09/07/2022;14,4;25,4
Filettino;10/07/2022;13,4;24,2
Filettino;11/07/2022;13,2;24,8
Filettino;12/07/2022;14,6;26,0
Filettino;13/07/2022;14,9;26,5
Filettino;14/07/2022;12,6;28,8
Filettino;15/07/2022;15,3;30,3
Filettino;16/07/2022;17,4;30,6
Filettino;17/07/2022;18,4;32,0
Filettino;18/07/2022;15,4;29,3
Filettino;19/07/2022;15,7;29,2
Filettino;20/07/2022;16,6;29,4
Filettino;21/07/2022;17,3;30,8
Filettino;22/07/2022;19,0;31,2
Filettino;23/07/2022;18,4;31,1
Filettino;24/07/2022;17,7;31,1
Filettino;25/07/2022;18,4;31,5
Filettino;26/07/2022;17,3;30,5
Filettino;27/07/2022;17,1;28,6
Filettino;28/07/2022;16,8;29,5
Filettino;29/07/2022;15,3;29,3
Filettino;30/07/2022;16,4;28,1
Filettino;31/07/2022;15,5;27,7
Fiora a Montalto di Castro;01/07/2022;15,3;30,8
Fiora a Montalto di Castro;02/07/2022;16,7;36,3
Fiora a Montalto di Castro;03/07/2022;18,7;35,1
Fiora a Montalto di Castro;04/07/2022;18,6;36,0
Fiora a Montalto di Castro;05/07/2022;18,9;35,3
Fiora a Montalto di Castro;06/07/2022;17,6;34,0
Fiora a Montalto di Castro;07/07/2022;19,0;30,9
Fiora a Montalto di Castro;08/07/2022;17,5;32,1
Fiora a Montalto di Castro;09/07/2022;19,1;33,9
Fiora a Montalto di Castro;10/07/2022;18,5;30,8
Fiora a Montalto di Castro;11/07/2022;15,8;28,9
Fiora a Montalto di Castro;12/07/2022;18,0;29,0
Fiora a Montalto di Castro;13/07/2022;18,2;30,1
Fiora a Montalto di Castro;14/07/2022;18,6;30,9
Fiora a Montalto di Castro;15/07/2022;18,2;32,9
Fiora a Montalto di Castro;16/07/2022;20,0;31,8
Fiora a Montalto di Castro;17/07/2022;17,5;32,5
Fiora a Montalto di Castro;18/07/2022;19,0;34,6
Fiora a Montalto di Castro;19/07/2022;20,2;37,0
Fiora a Montalto di Castro;20/07/2022;18,3;32,3
Fiora a Montalto di Castro;21/07/2022;20,2;33,1
Fiora a Montalto di Castro;22/07/2022;20,7;35,1
Fiora a Montalto di Castro;23/07/2022;21,2;32,4
Fiora a Montalto di Castro;24/07/2022;21,4;32,7
Fiora a Montalto di Castro;25/07/2022;20,3;36,8
Fiora a Montalto di Castro;26/07/2022;20,7;34,7
Fiora a Montalto di Castro;27/07/2022;21,9;32,3
Fiora a Montalto di Castro;28/07/2022;20,4;31,6
Fiora a Montalto di Castro;29/07/2022;19,5;31,6
Fiora a Montalto di Castro;30/07/2022;21,8;32,6
Fiora a Montalto di Castro;31/07/2022;21,0;35,5
Fiuggi;01/07/2022;19,2;33,5
Fiuggi;02/07/2022;18,9;34,6
Fiuggi;03/07/2022;20,4;34,1
Fiuggi;04/07/2022;21,3;34,6
Fiuggi;05/07/2022;21,3;32,4
Fiuggi;06/07/2022;18,9;32,1
Fiuggi;07/07/2022;16,2;31,3
Fiuggi;08/07/2022;12,1;25,3
Fiuggi;09/07/2022;15,0;28,1
Fiuggi;10/07/2022;14,4;27,6
Fiuggi;11/07/2022;15,0;27,3
Fiuggi;12/07/2022;17,1;28,9
Fiuggi;13/07/2022;15,9;29,4
Fiuggi;14/07/2022;15,2;29,6
Fiuggi;15/07/2022;17,9;32,3
Fiuggi;16/07/2022;20,9;32,1
Fiuggi;17/07/2022;20,7;34,2
Fiuggi;18/07/2022;16,0;34,0
Fiuggi;19/07/2022;19,5;32,1
Fiuggi;20/07/2022;19,5;31,9
Fiuggi;21/07/2022;21,3;33,0
Fiuggi;22/07/2022;21,0;34,6
Fiuggi;23/07/2022;22,5;35,2
Fiuggi;24/07/2022;21,0;34,2
Fiuggi;25/07/2022;20,0;33,9
Fiuggi;26/07/2022;20,1;33,0
Fiuggi;27/07/2022;19,4;32,1
Fiuggi;28/07/2022;19,4;33,4
Fiuggi;29/07/2022;17,4;33,1
Fiuggi;30/07/2022;19,3;31,3
Fiuggi;31/07/2022;18,1;30,3
Fondi;01/07/2022;21,6;33,1
Fondi;02/07/2022;21,8;35,0
Fondi;03/07/2022;23,3;35,4
Fondi;04/07/2022;23,5;34,3
Fondi;05/07/2022;23,4;33,3
Fondi;06/07/2022;22,6;34,1
Fondi;07/07/2022;22,8;33,1
Fondi;08/07/2022;18,6;32,2
Fondi;09/07/2022;20,8;30,6
Fondi;10/07/2022;20,3;31,0
Fondi;11/07/2022;20,8;30,9
Fondi;12/07/2022;20,4;33,8
Fondi;13/07/2022;21,8;31,9
Fondi;14/07/2022;21,3;32,1
Fondi;15/07/2022;21,1;32,0
Fondi;16/07/2022;22,5;33,3
Fondi;17/07/2022;22,6;34,9
Fondi;18/07/2022;23,8;35,9
Fondi;19/07/2022;23,7;35,7
Fondi;20/07/2022;23,4;34,9
Fondi;21/07/2022;22,9;33,4
Fondi;22/07/2022;24,3;33,4
Fondi;23/07/2022;24,9;36,5
Fondi;24/07/2022;22,3;33,8
Fondi;25/07/2022;24,2;33,3
Fondi;26/07/2022;24,6;33,5
Fondi;27/07/2022;24,7;33,5
Fondi;28/07/2022;24,2;33,5
Fondi;29/07/2022;22,8;32,6
Fondi;30/07/2022;22,3;33,5
Fondi;31/07/2022;24,2;33,6
Fontana Liri Superiore;01/07/2022;22,7;35,1
Fontana Liri Superiore;02/07/2022;21,4;37,2
Fontana Liri Superiore;03/07/2022;25,3;37,7
Fontana Liri Superiore;04/07/2022;24,3;36,8
Fontana Liri Superiore;05/07/2022;23,8;35,4
Fontana Liri Superiore;06/07/2022;22,6;35,3
Fontana Liri Superiore;07/07/2022;17,7;33,1
Fontana Liri Superiore;08/07/2022;15,7;28,8
Fontana Liri Superiore;09/07/2022;19,4;31,5
Fontana Liri Superiore;10/07/2022;17,9;31,5
Fontana Liri Superiore;11/07/2022;19,1;30,8
Fontana Liri Superiore;12/07/2022;19,7;31,6
Fontana Liri Superiore;13/07/2022;19,9;32,3
Fontana Liri Superiore;14/07/2022;20,3;33,5
Fontana Liri Superiore;15/07/2022;20,5;35,6
Fontana Liri Superiore;16/07/2022;21,5;35,8
Fontana Liri Superiore;17/07/2022;22,8;37,0
Fontana Liri Superiore;18/07/2022;22,9;35,0
Fontana Liri Superiore;19/07/2022;22,4;35,1
Fontana Liri Superiore;20/07/2022;24,1;35,2
Fontana Liri Superiore;21/07/2022;24,0;36,2
Fontana Liri Superiore;22/07/2022;20,7;37,2
Fontana Liri Superiore;23/07/2022;23,3;36,1
Fontana Liri Superiore;24/07/2022;22,6;36,8
Fontana Liri Superiore;25/07/2022;22,3;36,5
Fontana Liri Superiore;26/07/2022;22,1;34,7
Fontana Liri Superiore;27/07/2022;22,0;33,5
Fontana Liri Superiore;28/07/2022;22,6;34,7
Fontana Liri Superiore;29/07/2022;20,9;34,3
Fontana Liri Superiore;30/07/2022;19,0;31,6
Fontana Liri Superiore;31/07/2022;21,0;32,4
Formello;01/07/2022;21,2;34,1
Formello;02/07/2022;22,8;37,6
Formello;03/07/2022;25,4;39,2
Formello;04/07/2022;25,5;38,7
Formello;05/07/2022;23,7;36,4
Formello;06/07/2022;23,8;37,0
Formello;07/07/2022;23,0;34,4
Formello;08/07/2022;17,1;29,7
Formello;09/07/2022;19,0;32,5
Formello;10/07/2022;18,7;32,0
Formello;11/07/2022;19,9;33,5
Formello;12/07/2022;20,1;32,6
Formello;13/07/2022;21,2;31,9
Formello;14/07/2022;21,0;33,1
Formello;15/07/2022;21,9;36,4
Formello;16/07/2022;21,7;35,6
Formello;17/07/2022;23,2;37,4
Formello;18/07/2022;25,1;37,8
Formello;19/07/2022;23,8;38,6
Formello;20/07/2022;23,4;35,7
Formello;21/07/2022;23,0;37,1
Formello;22/07/2022;23,6;39,2
Formello;23/07/2022;23,5;36,3
Formello;24/07/2022;22,9;36,7
Formello;25/07/2022;23,3;37,5
Formello;26/07/2022;24,3;35,7
Formello;27/07/2022;23,4;33,3
Formello;28/07/2022;22,3;33,9
Formello;29/07/2022;22,1;35,1
Formello;30/07/2022;22,7;33,7
Formello;31/07/2022;23,0;37,2
Fosso di Pantanello ad Ostia;01/07/2022;14,8;31,6
Fosso di Pantanello ad Ostia;02/07/2022;15,6;34,7
Fosso di Pantanello ad Ostia;03/07/2022;17,5;35,0
Fosso di Pantanello ad Ostia;04/07/2022;19,2;35,4
Fosso di Pantanello ad Ostia;05/07/2022;19,1;33,4
Fosso di Pantanello ad Ostia;06/07/2022;17,0;33,6
Fosso di Pantanello ad Ostia;07/07/2022;20,8;31,5
Fosso di Pantanello ad Ostia;08/07/2022;18,0;31,0
Fosso di Pantanello ad Ostia;09/07/2022;20,8;32,8
Fosso di Pantanello ad Ostia;10/07/2022;17,6;30,4
Fosso di Pantanello ad Ostia;11/07/2022;16,0;30,1
Fosso di Pantanello ad Ostia;12/07/2022;16,6;30,9
Fosso di Pantanello ad Ostia;13/07/2022;17,7;30,4
Fosso di Pantanello ad Ostia;14/07/2022;18,1;30,0
Fosso di Pantanello ad Ostia;15/07/2022;18,3;32,7
Fosso di Pantanello ad Ostia;16/07/2022;18,3;32,5
Fosso di Pantanello ad Ostia;17/07/2022;17,6;34,1
Fosso di Pantanello ad Ostia;18/07/2022;17,4;34,2
Fosso di Pantanello ad Ostia;19/07/2022;19,5;33,9
Fosso di Pantanello ad Ostia;20/07/2022;18,4;32,6
Fosso di Pantanello ad Ostia;21/07/2022;19,9;33,7
Fosso di Pantanello ad Ostia;22/07/2022;22,5;34,4
Fosso di Pantanello ad Ostia;23/07/2022;21,3;33,7
Fosso di Pantanello ad Ostia;24/07/2022;20,3;32,2
Fosso di Pantanello ad Ostia;25/07/2022;20,3;34,8
Fosso di Pantanello ad Ostia;26/07/2022;20,9;32,0
Fosso di Pantanello ad Ostia;27/07/2022;22,2;32,4
Fosso di Pantanello ad Ostia;28/07/2022;20,8;31,7
Fosso di Pantanello ad Ostia;29/07/2022;20,2;32,2
Fosso di Pantanello ad Ostia;30/07/2022;19,6;32,0
Fosso di Pantanello ad Ostia;31/07/2022;19,6;32,8
Frascati;01/07/2022;22,7;34,3
Frascati;02/07/2022;23,2;36,8
Frascati;03/07/2022;26,8;38,1
Frascati;04/07/2022;26,0;38,0
Frascati;05/07/2022;25,5;36,4
Frascati;06/07/2022;24,4;36,2
Frascati;07/07/2022;22,5;34,9
Frascati;08/07/2022;16,3;29,4
Frascati;09/07/2022;19,9;31,6
Frascati;10/07/2022;19,8;31,3
Frascati;11/07/2022;20,1;32,6
Frascati;12/07/2022;21,3;32,8
Frascati;13/07/2022;22,4;31,9
Frascati;14/07/2022;21,1;32,2
Frascati;15/07/2022;22,0;36,5
Frascati;16/07/2022;23,4;35,3
Frascati;17/07/2022;24,2;37,5
Frascati;18/07/2022;25,1;37,1
Frascati;19/07/2022;25,3;36,2
Frascati;20/07/2022;24,3;34,3
Frascati;21/07/2022;24,1;38,0
Frascati;22/07/2022;24,4;38,4
Frascati;23/07/2022;24,1;36,6
Frascati;24/07/2022;23,2;35,7
Frascati;25/07/2022;23,8;37,4
Frascati;26/07/2022;24,6;35,2
Frascati;27/07/2022;23,8;32,9
Frascati;28/07/2022;23,5;33,1
Frascati;29/07/2022;22,3;33,5
Frascati;30/07/2022;23,1;33,3
Frascati;31/07/2022;23,8;34,2
Frosinone;01/07/2022;15,9;37,7
Frosinone;02/07/2022;14,2;39,2
Frosinone;03/07/2022;16,3;40,4
Frosinone;04/07/2022;17,4;41,1
Frosinone;05/07/2022;17,4;37,6
Frosinone;06/07/2022;15,6;39,1
Frosinone;07/07/2022;17,6;35,7
Frosinone;08/07/2022;15,6;32,2
Frosinone;09/07/2022;17,0;33,9
Frosinone;10/07/2022;13,6;32,6
Frosinone;11/07/2022;13,5;33,5
Frosinone;12/07/2022;15,2;36,6
Frosinone;13/07/2022;17,2;35,7
Frosinone;14/07/2022;13,6;35,7
Frosinone;15/07/2022;14,7;39,4
Frosinone;16/07/2022;16,4;39,4
Frosinone;17/07/2022;16,7;41,9
Frosinone;18/07/2022;18,4;41,1
Frosinone;19/07/2022;16,8;39,4
Frosinone;20/07/2022;18,1;39,2
Frosinone;21/07/2022;18,0;39,6
Frosinone;22/07/2022;19,2;41,1
Frosinone;23/07/2022;19,0;40,5
Frosinone;24/07/2022;15,6;40,3
Frosinone;25/07/2022;18,7;40,4
Frosinone;26/07/2022;18,9;38,5
Frosinone;27/07/2022;19,3;38,4
Frosinone;28/07/2022;20,2;38,2
Frosinone;29/07/2022;17,8;38,2
Frosinone;30/07/2022;19,1;35,6
Frosinone;31/07/2022;18,4;38,0
Gaeta;01/07/2022;23,0;34,5
Gaeta;02/07/2022;23,1;35,1
Gaeta;03/07/2022;24,2;36,4
Gaeta;04/07/2022;24,5;33,1
Gaeta;05/07/2022;24,3;32,0
Gaeta;06/07/2022;23,3;33,7
Gaeta;07/07/2022;23,3;32,8
Gaeta;08/07/2022;17,6;31,6
Gaeta;09/07/2022;21,3;31,0
Gaeta;10/07/2022;22,3;31,3
Gaeta;11/07/2022;21,9;31,8
Gaeta;12/07/2022;21,8;29,8
Gaeta;13/07/2022;22,5;32,0
Gaeta;14/07/2022;22,4;31,8
Gaeta;15/07/2022;22,3;32,2
Gaeta;16/07/2022;23,8;32,9
Gaeta;17/07/2022;23,7;32,7
Gaeta;18/07/2022;24,1;36,9
Gaeta;19/07/2022;24,6;37,0
Gaeta;20/07/2022;24,3;35,0
Gaeta;21/07/2022;23,5;33,2
Gaeta;22/07/2022;25,2;33,5
Gaeta;23/07/2022;25,0;34,1
Gaeta;24/07/2022;24,4;33,5
Gaeta;25/07/2022;25,4;33,8
Gaeta;26/07/2022;25,6;33,3
Gaeta;27/07/2022;25,2;33,2
Gaeta;28/07/2022;24,5;33,9
Gaeta;29/07/2022;23,4;32,2
Gaeta;30/07/2022;23,2;33,4
Gaeta;31/07/2022;24,2;34,3
Giuliano di Roma;01/07/2022;23,2;34,5
Giuliano di Roma;02/07/2022;22,2;36,0
Giuliano di Roma;03/07/2022;24,6;36,5
Giuliano di Roma;04/07/2022;24,7;36,1
Giuliano di Roma;05/07/2022;24,0;34,4
Giuliano di Roma;06/07/2022;22,6;34,6
Giuliano di Roma;07/07/2022;20,8;32,8
Giuliano di Roma;08/07/2022;17,3;30,7
Giuliano di Roma;09/07/2022;20,9;30,9
Giuliano di Roma;10/07/2022;18,3;28,8
Giuliano di Roma;11/07/2022;19,7;30,2
Giuliano di Roma;12/07/2022;20,0;31,7
Giuliano di Roma;13/07/2022;21,1;30,3
Giuliano di Roma;14/07/2022;20,2;31,9
Giuliano di Roma;15/07/2022;20,9;33,8
Giuliano di Roma;16/07/2022;22,4;33,9
Giuliano di Roma;17/07/2022;22,8;35,9
Giuliano di Roma;18/07/2022;24,4;35,9
Giuliano di Roma;19/07/2022;23,0;34,4
Giuliano di Roma;20/07/2022;23,9;34,5
Giuliano di Roma;21/07/2022;24,3;34,3
Giuliano di Roma;22/07/2022;24,2;34,6
Giuliano di Roma;23/07/2022;24,3;35,1
Giuliano di Roma;24/07/2022;23,2;34,4
Giuliano di Roma;25/07/2022;23,3;34,2
Giuliano di Roma;26/07/2022;23,8;33,4
Giuliano di Roma;27/07/2022;22,8;33,2
Giuliano di Roma;28/07/2022;23,5;33,6
Giuliano di Roma;29/07/2022;21,9;32,9
Giuliano di Roma;30/07/2022;22,5;32,5
Giuliano di Roma;31/07/2022;21,8;32,1
Graffignano;01/07/2022;14,3;36,8
Graffignano;02/07/2022;15,1;39,5
Graffignano;03/07/2022;19,2;41,0
Graffignano;04/07/2022;18,7;40,2
Graffignano;05/07/2022;18,0;39,2
Graffignano;06/07/2022;17,5;37,7
Graffignano;07/07/2022;17,2;36,8
Graffignano;08/07/2022;16,1;29,3
Graffignano;09/07/2022;18,6;31,1
Graffignano;10/07/2022;17,8;33,8
Graffignano;11/07/2022;14,3;34,9
Graffignano;12/07/2022;17,5;34,7
Graffignano;13/07/2022;16,9;35,4
Graffignano;14/07/2022;14,8;37,3
Graffignano;15/07/2022;18,0;38,8
Graffignano;16/07/2022;17,3;37,0
Graffignano;17/07/2022;16,0;39,8
Graffignano;18/07/2022;19,3;39,8
Graffignano;19/07/2022;17,5;39,0
Graffignano;20/07/2022;16,3;39,1
Graffignano;21/07/2022;17,9;39,4
Graffignano;22/07/2022;19,6;40,1
Graffignano;23/07/2022;18,9;38,7
Graffignano;24/07/2022;18,9;39,7
Graffignano;25/07/2022;19,2;39,2
Graffignano;26/07/2022;19,0;38,7
Graffignano;27/07/2022;21,0;36,7
Graffignano;28/07/2022;17,8;37,9
Graffignano;29/07/2022;18,2;37,5
Graffignano;30/07/2022;20,3;35,7
Graffignano;31/07/2022;17,9;36,6
Guadamello;01/07/2022;14,5;36,0
Guadamello;02/07/2022;15,0;38,4
Guadamello;03/07/2022;18,4;39,6
Guadamello;04/07/2022;18,9;39,7
Guadamello;05/07/2022;17,8;38,1
Guadamello;06/07/2022;17,8;37,3
Guadamello;07/07/2022;18,2;34,9
Guadamello;08/07/2022;15,8;29,6
Guadamello;09/07/2022;16,0;29,9
Guadamello;10/07/2022;14,5;32,9
Guadamello;11/07/2022;15,8;33,4
Guadamello;12/07/2022;17,0;34,1
Guadamello;13/07/2022;17,8;34,4
Guadamello;14/07/2022;16,2;35,9
Guadamello;15/07/2022;17,7;37,6
Guadamello;16/07/2022;18,2;37,1
Guadamello;17/07/2022;17,0;38,7
Guadamello;18/07/2022;19,3;37,4
Guadamello;19/07/2022;18,7;38,0
Guadamello;20/07/2022;18,6;37,4
Guadamello;21/07/2022;19,3;38,3
Guadamello;22/07/2022;20,0;39,6
Guadamello;23/07/2022;19,8;38,4
Guadamello;24/07/2022;19,0;38,5
Guadamello;25/07/2022;20,3;37,9
Guadamello;26/07/2022;19,5;37,1
Guadamello;27/07/2022;20,1;34,5
Guadamello;28/07/2022;18,6;35,7
Guadamello;29/07/2022;19,1;36,7
Guadamello;30/07/2022;19,3;32,1
Guadamello;31/07/2022;17,7;35,8
Guidonia;01/07/2022;21,9;36,6
Guidonia;02/07/2022;21,1;39,6
Guidonia;03/07/2022;23,9;40,2
Guidonia;04/07/2022;24,7;39,9
Guidonia;05/07/2022;23,8;37,8
Guidonia;06/07/2022;22,7;37,8
Guidonia;07/07/2022;24,1;35,4
Guidonia;08/07/2022;17,4;31,5
Guidonia;09/07/2022;19,4;33,3
Guidonia;10/07/2022;19,0;33,7
Guidonia;11/07/2022;20,0;33,7
Guidonia;12/07/2022;20,9;34,5
Guidonia;13/07/2022;21,6;33,4
Guidonia;14/07/2022;20,6;34,9
Guidonia;15/07/2022;21,5;36,6
Guidonia;16/07/2022;22,1;36,9
Guidonia;17/07/2022;22,6;38,6
Guidonia;18/07/2022;24,4;38,8
Guidonia;19/07/2022;23,1;38,4
Guidonia;20/07/2022;23,7;36,7
Guidonia;21/07/2022;23,7;38,0
Guidonia;22/07/2022;24,5;40,4
Guidonia;23/07/2022;24,0;38,4
Guidonia;24/07/2022;23,1;37,5
Guidonia;25/07/2022;23,4;37,7
Guidonia;26/07/2022;24,1;36,5
Guidonia;27/07/2022;24,7;35,3
Guidonia;28/07/2022;23,5;35,4
Guidonia;29/07/2022;22,6;36,0
Guidonia;30/07/2022;23,5;35,8
Guidonia;31/07/2022;23,1;36,8
Ischia di Castro;01/07/2022;19,6;32,6
Ischia di Castro;02/07/2022;19,6;35,3
Ischia di Castro;03/07/2022;24,1;36,8
Ischia di Castro;04/07/2022;25,1;36,9
Ischia di Castro;05/07/2022;23,5;34,5
Ischia di Castro;06/07/2022;22,1;35,2
Ischia di Castro;07/07/2022;16,8;33,0
Ischia di Castro;08/07/2022;16,3;26,7
Ischia di Castro;09/07/2022;16,5;27,6
Ischia di Castro;10/07/2022;16,1;30,0
Ischia di Castro;11/07/2022;18,7;31,3
Ischia di Castro;12/07/2022;18,4;30,6
Ischia di Castro;13/07/2022;18,4;31,6
Ischia di Castro;14/07/2022;20,1;32,4
Ischia di Castro;15/07/2022;19,8;34,7
Ischia di Castro;16/07/2022;20,7;33,2
Ischia di Castro;17/07/2022;20,7;35,1
Ischia di Castro;18/07/2022;23,5;35,3
Ischia di Castro;19/07/2022;23,0;35,5
Ischia di Castro;20/07/2022;21,6;35,2
Ischia di Castro;21/07/2022;20,1;36,1
Ischia di Castro;22/07/2022;23,4;36,5
Ischia di Castro;23/07/2022;21,1;34,3
Ischia di Castro;24/07/2022;21,9;35,1
Ischia di Castro;25/07/2022;22,8;34,5
Ischia di Castro;26/07/2022;22,4;34,9
Ischia di Castro;27/07/2022;19,7;32,8
Ischia di Castro;28/07/2022;20,2;33,2
Ischia di Castro;29/07/2022;20,0;33,5
Ischia di Castro;30/07/2022;20,6;31,7
Ischia di Castro;31/07/2022;21,3;33,2
Itri;01/07/2022;22,7;31,1
Itri;02/07/2022;23,9;33,7
Itri;03/07/2022;26,8;33,7
Itri;04/07/2022;24,1;32,8
Itri;05/07/2022;23,0;30,0
Itri;06/07/2022;22,3;31,2
Itri;07/07/2022;22,1;29,9
Itri;08/07/2022;15,7;27,8
Itri;09/07/2022;20,1;26,8
Itri;10/07/2022;20,0;28,9
Itri;11/07/2022;21,2;28,1
Itri;12/07/2022;21,2;26,9
Itri;13/07/2022;20,3;28,7
Itri;14/07/2022;21,8;29,2
Itri;15/07/2022;22,0;29,8
Itri;16/07/2022;21,5;31,8
Itri;17/07/2022;23,8;31,7
Itri;18/07/2022;26,4;34,2
Itri;19/07/2022;25,2;32,8
Itri;20/07/2022;25,4;32,9
Itri;21/07/2022;24,5;31,3
Itri;22/07/2022;23,1;31,2
Itri;23/07/2022;23,5;30,9
Itri;24/07/2022;23,0;30,7
Itri;25/07/2022;22,7;29,6
Itri;26/07/2022;22,9;29,4
Itri;27/07/2022;22,6;29,7
Itri;28/07/2022;22,6;29,6
Itri;29/07/2022;21,8;28,9
Itri;30/07/2022;22,5;29,4
Itri;31/07/2022;22,4;31,1
Ladispoli rlazio;01/07/2022;19;31,2
Ladispoli rlazio;02/07/2022;20,3;30,2
Ladispoli rlazio;03/07/2022;23,1;31,5
Ladispoli rlazio;04/07/2022;23,4;31,7
Ladispoli rlazio;05/07/2022;22,5;30
Ladispoli rlazio;06/07/2022;22,3;30,3
Ladispoli rlazio;07/07/2022;22,4;29
Ladispoli rlazio;08/07/2022;18,1;30,6
Ladispoli rlazio;09/07/2022;21,5;33,2
Ladispoli rlazio;10/07/2022;20,7;27,5
Ladispoli rlazio;11/07/2022;19,6;27,5
Ladispoli rlazio;12/07/2022;20,3;28,4
Ladispoli rlazio;13/07/2022;21;28,4
Ladispoli rlazio;14/07/2022;21,4;28,2
Ladispoli rlazio;15/07/2022;21,7;29,4
Ladispoli rlazio;16/07/2022;21,3;30,2
Ladispoli rlazio;17/07/2022;21,1;29,4
Ladispoli rlazio;18/07/2022;22;30,1
Ladispoli rlazio;19/07/2022;22,7;31,1
Ladispoli rlazio;20/07/2022;23,2;30,3
Ladispoli rlazio;21/07/2022;22,7;30,9
Ladispoli rlazio;22/07/2022;23,7;31,7
Ladispoli rlazio;23/07/2022;22,5;31,2
Ladispoli rlazio;24/07/2022;23,7;30,3
Ladispoli rlazio;25/07/2022;23,9;31,3
Ladispoli rlazio;26/07/2022;23,8;32
Ladispoli rlazio;27/07/2022;24,8;31,5
Ladispoli rlazio;28/07/2022;23,7;30,8
Ladispoli rlazio;29/07/2022;22,4;30,1
Ladispoli rlazio;30/07/2022;23,4;31
Ladispoli rlazio;31/07/2022;23,6;31,1
Lago di Albano;01/07/2022;20,3;34,7
Lago di Albano;02/07/2022;20,2;37,7
Lago di Albano;03/07/2022;22,6;37,7
Lago di Albano;04/07/2022;23,7;38
Lago di Albano;05/07/2022;23,2;35,2
Lago di Albano;06/07/2022;22;36,2
Lago di Albano;07/07/2022;23,7;33,8
Lago di Albano;08/07/2022;17,2;32,2
Lago di Albano;09/07/2022;19,2;33
Lago di Albano;10/07/2022;19;30,9
Lago di Albano;11/07/2022;18,9;32,4
Lago di Albano;12/07/2022;19,9;32,7
Lago di Albano;13/07/2022;21,3;31,7
Lago di Albano;14/07/2022;20;32,1
Lago di Albano;15/07/2022;20,9;36,1
Lago di Albano;16/07/2022;21,5;35,1
Lago di Albano;17/07/2022;22;36,9
Lago di Albano;18/07/2022;23,4;36,7
Lago di Albano;19/07/2022;23,4;35,9
Lago di Albano;20/07/2022;22,9;35,4
Lago di Albano;21/07/2022;22;36,8
Lago di Albano;22/07/2022;23,1;38
Lago di Albano;23/07/2022;22,5;37
Lago di Albano;24/07/2022;21,3;35,1
Lago di Albano;25/07/2022;22,2;36,5
Lago di Albano;26/07/2022;23,5;34,9
Lago di Albano;27/07/2022;23,8;33,7
Lago di Albano;28/07/2022;22,7;33,6
Lago di Albano;29/07/2022;21,5;34
Lago di Albano;30/07/2022;22,1;35
Lago di Albano;31/07/2022;22,3;33,1
Lago di Corbara;01/07/2022;15,9;35,8
Lago di Corbara;02/07/2022;17;38,1
Lago di Corbara;03/07/2022;21;39,4
Lago di Corbara;04/07/2022;20,7;39,4
Lago di Corbara;05/07/2022;19,9;38
Lago di Corbara;06/07/2022;19,6;36,9
Lago di Corbara;07/07/2022;20,1;35,1
Lago di Corbara;08/07/2022;18,2;27,9
Lago di Corbara;09/07/2022;16,4;28,5
Lago di Corbara;10/07/2022;20,2;33,4
Lago di Corbara;11/07/2022;16,6;33,5
Lago di Corbara;12/07/2022;19,2;31,2
Lago di Corbara;13/07/2022;18,7;33
Lago di Corbara;14/07/2022;16;36,5
Lago di Corbara;15/07/2022;19,6;37,3
Lago di Corbara;16/07/2022;18,9;36,5
Lago di Corbara;17/07/2022;18,3;38,8
Lago di Corbara;18/07/2022;23,3;37,7
Lago di Corbara;19/07/2022;20,4;35,9
Lago di Corbara;20/07/2022;18,5;38,4
Lago di Corbara;21/07/2022;20;38,7
Lago di Corbara;22/07/2022;20,5;39,9
Lago di Corbara;23/07/2022;20,5;38
Lago di Corbara;24/07/2022;20,5;38,4
Lago di Corbara;25/07/2022;20,9;38,4
Lago di Corbara;26/07/2022;20,6;37,4
Lago di Corbara;27/07/2022;22,5;35,8
Lago di Corbara;28/07/2022;20,8;36,5
Lago di Corbara;29/07/2022;19,5;36,5
Lago di Corbara;30/07/2022;21,9;32,3
Lago di Corbara;31/07/2022;21,3;34,5
Lago di Nemi;01/07/2022;17,3;31,6
Lago di Nemi;02/07/2022;17,1;35,6
Lago di Nemi;03/07/2022;19,8;36,2
Lago di Nemi;04/07/2022;20,6;37,1
Lago di Nemi;05/07/2022;20,1;33,7
Lago di Nemi;06/07/2022;19,6;33,3
Lago di Nemi;07/07/2022;21,5;32,1
Lago di Nemi;08/07/2022;16,7;30,1
Lago di Nemi;09/07/2022;19,3;30,4
Lago di Nemi;10/07/2022;18,3;29,8
Lago di Nemi;11/07/2022;16,3;31,3
Lago di Nemi;12/07/2022;18,1;31,3
Lago di Nemi;13/07/2022;18,6;30,3
Lago di Nemi;14/07/2022;17,1;30,8
Lago di Nemi;15/07/2022;19,4;33,9
Lago di Nemi;16/07/2022;19;32
Lago di Nemi;17/07/2022;19,3;34,4
Lago di Nemi;18/07/2022;20,4;35,6
Lago di Nemi;19/07/2022;20,4;32,7
Lago di Nemi;20/07/2022;19,6;31,4
Lago di Nemi;21/07/2022;19,5;34,9
Lago di Nemi;22/07/2022;20,6;35,3
Lago di Nemi;23/07/2022;19,3;34
Lago di Nemi;24/07/2022;18;33,3
Lago di Nemi;25/07/2022;19,2;33,5
Lago di Nemi;26/07/2022;20,5;32,4
Lago di Nemi;27/07/2022;21,6;32
Lago di Nemi;28/07/2022;19,9;30,7
Lago di Nemi;29/07/2022;18,6;31,2
Lago di Nemi;30/07/2022;19,6;30,5
Lago di Nemi;31/07/2022;19,9;31,2
Lanuvio;01/07/2022;17,8;36,2
Lanuvio;02/07/2022;17;37
Lanuvio;03/07/2022;20,1;39,2
Lanuvio;04/07/2022;19,4;38,2
Lanuvio;05/07/2022;18,4;36,2
Lanuvio;06/07/2022;19,2;37,1
Lanuvio;07/07/2022;21,1;35,2
Lanuvio;08/07/2022;16;32
Lanuvio;09/07/2022;19,4;33
Lanuvio;10/07/2022;17,9;31,3
Lanuvio;11/07/2022;16,7;32,8
Lanuvio;12/07/2022;18;33,8
Lanuvio;13/07/2022;17,6;33
Lanuvio;14/07/2022;16,9;33,4
Lanuvio;15/07/2022;20,9;35,3
Lanuvio;16/07/2022;17,8;35,6
Lanuvio;17/07/2022;18,7;37,2
Lanuvio;18/07/2022;20,1;37,7
Lanuvio;19/07/2022;21,7;36,6
Lanuvio;20/07/2022;20,4;36,6
Lanuvio;21/07/2022;18,8;36,8
Lanuvio;22/07/2022;20,3;37,5
Lanuvio;23/07/2022;17,9;36,5
Lanuvio;24/07/2022;18,8;35,6
Lanuvio;25/07/2022;19,4;36,5
Lanuvio;26/07/2022;21,5;35,6
Lanuvio;27/07/2022;21,7;34,8
Lanuvio;28/07/2022;20,8;35,2
Lanuvio;29/07/2022;19;34,1
Lanuvio;30/07/2022;19,8;34,7
Lanuvio;31/07/2022;18,9;34,4
Latina;01/07/2022;21,3;35,1
Latina;02/07/2022;20,5;36,3
Latina;03/07/2022;22,7;36,8
Latina;04/07/2022;23,2;37,1
Latina;05/07/2022;23,7;34,4
Latina;06/07/2022;21,3;35,4
Latina;07/07/2022;24,3;32,6
Latina;08/07/2022;17,7;35,1
Latina;09/07/2022;22,3;32,2
Latina;10/07/2022;20,6;30,6
Latina;11/07/2022;19,6;32,2
Latina;12/07/2022;20,6;32,9
Latina;13/07/2022;21,9;32,1
Latina;14/07/2022;20,6;32,7
Latina;15/07/2022;21,8;34,6
Latina;16/07/2022;21,1;34,3
Latina;17/07/2022;21,4;37,1
Latina;18/07/2022;23,8;37
Latina;19/07/2022;24,6;35,4
Latina;20/07/2022;24,3;35,7
Latina;21/07/2022;22,4;35
Latina;22/07/2022;24;34,6
Latina;23/07/2022;23,5;36,1
Latina;24/07/2022;22,6;34,8
Latina;25/07/2022;23,4;36
Latina;26/07/2022;24,2;34,5
Latina;27/07/2022;24,9;34,3
Latina;28/07/2022;24,6;34,8
Latina;29/07/2022;22,7;33,1
Latina;30/07/2022;23;33,8
Latina;31/07/2022;22,9;33,4
Lenola;01/07/2022;17,9;32,9
Lenola;02/07/2022;18,8;34,1
Lenola;03/07/2022;21,1;34,1
Lenola;04/07/2022;20,2;33,7
Lenola;05/07/2022;20;31,7
Lenola;06/07/2022;19;33,2
Lenola;07/07/2022;18,1;31,6
Lenola;08/07/2022;14,6;28,4
Lenola;09/07/2022;17,6;28,3
Lenola;10/07/2022;17,3;28,6
Lenola;11/07/2022;15,9;29
Lenola;12/07/2022;17,2;32,5
Lenola;13/07/2022;18,1;29,8
Lenola;14/07/2022;16,3;30,3
Lenola;15/07/2022;18,4;31,3
Lenola;16/07/2022;18,9;31
Lenola;17/07/2022;20,2;33
Lenola;18/07/2022;19,6;35
Lenola;19/07/2022;19,6;33
Lenola;20/07/2022;20,2;33
Lenola;21/07/2022;20;32,9
Lenola;22/07/2022;20,7;32,8
Lenola;23/07/2022;20,2;32,8
Lenola;24/07/2022;19,8;32,9
Lenola;25/07/2022;21;32,7
Lenola;26/07/2022;19,2;32,3
Lenola;27/07/2022;19,5;31,9
Lenola;28/07/2022;20,2;32,4
Lenola;29/07/2022;18,5;31,3
Lenola;30/07/2022;18,4;31,8
Lenola;31/07/2022;19,4;32
Leonessa;01/07/2022;10,4;32,4
Leonessa;02/07/2022;9,8;33,6
Leonessa;03/07/2022;13,3;34,1
Leonessa;04/07/2022;13,7;33,5
Leonessa;05/07/2022;13,7;32
Leonessa;06/07/2022;12,2;31,6
Leonessa;07/07/2022;12,2;30,9
Leonessa;08/07/2022;10,5;21,3
Leonessa;09/07/2022;9,5;24
Leonessa;10/07/2022;5,8;26,9
Leonessa;11/07/2022;8,5;28,6
Leonessa;12/07/2022;11,2;25,7
Leonessa;13/07/2022;10,7;27,1
Leonessa;14/07/2022;7;31,5
Leonessa;15/07/2022;12,3;32,6
Leonessa;16/07/2022;11,2;32,7
Leonessa;17/07/2022;11,7;34,4
Leonessa;18/07/2022;14,2;31,3
Leonessa;19/07/2022;11,8;32,3
Leonessa;20/07/2022;10,8;32,4
Leonessa;21/07/2022;13,6;33,5
Leonessa;22/07/2022;14,4;34
Leonessa;23/07/2022;14,4;34
Leonessa;24/07/2022;12,3;34,3
Leonessa;25/07/2022;15,4;33,1
Leonessa;26/07/2022;14,3;32,5
Leonessa;27/07/2022;12,7;31
Leonessa;28/07/2022;11,2;31,7
Leonessa;29/07/2022;13,7;31,4
Leonessa;30/07/2022;13,4;30,1
Leonessa;31/07/2022;11,3;31,5
Licenza;01/07/2022;17,8;35,1
Licenza;02/07/2022;17,4;36,3
Licenza;03/07/2022;20;37,9
Licenza;04/07/2022;21;38
Licenza;05/07/2022;20,3;36,4
Licenza;06/07/2022;18,3;36,3
Licenza;07/07/2022;19;33,7
Licenza;08/07/2022;14,9;29
Licenza;09/07/2022;15,4;31,3
Licenza;10/07/2022;16;30,7
Licenza;11/07/2022;14,9;32,8
Licenza;12/07/2022;16,2;32,2
Licenza;13/07/2022;18;32,5
Licenza;14/07/2022;15,7;33
Licenza;15/07/2022;17,7;35,8
Licenza;16/07/2022;18;36
Licenza;17/07/2022;18,8;37
Licenza;18/07/2022;18,8;36,7
Licenza;19/07/2022;18,5;35,3
Licenza;20/07/2022;19,1;35,7
Licenza;21/07/2022;19,5;37,1
Licenza;22/07/2022;20,2;38,1
Licenza;23/07/2022;20;37,7
Licenza;24/07/2022;18,9;37,4
Licenza;25/07/2022;19,5;36,8
Licenza;26/07/2022;19,2;35,7
Licenza;27/07/2022;18,3;34,4
Licenza;28/07/2022;18,6;34
Licenza;29/07/2022;17,9;34,7
Licenza;30/07/2022;19,2;33,5
Licenza;31/07/2022;18,8;33,6
Liri a Ceprano;01/07/2022;17;37,4
Liri a Ceprano;02/07/2022;15,8;39,1
Liri a Ceprano;03/07/2022;17,5;39,3
Liri a Ceprano;04/07/2022;18,2;38,7
Liri a Ceprano;05/07/2022;19,2;37,2
Liri a Ceprano;06/07/2022;18,2;36,8
Liri a Ceprano;07/07/2022;18,1;34,9
Liri a Ceprano;08/07/2022;16,8;31,1
Liri a Ceprano;09/07/2022;15;32,7
Liri a Ceprano;10/07/2022;14,8;32,5
Liri a Ceprano;11/07/2022;14,7;33,5
Liri a Ceprano;12/07/2022;16,3;34,1
Liri a Ceprano;13/07/2022;17,7;33,6
Liri a Ceprano;14/07/2022;15,1;35,9
Liri a Ceprano;15/07/2022;16;37,7
Liri a Ceprano;16/07/2022;17,7;37,7
Liri a Ceprano;17/07/2022;18,8;40,1
Liri a Ceprano;18/07/2022;19;38,8
Liri a Ceprano;19/07/2022;17,1;36,6
Liri a Ceprano;20/07/2022;18,3;37,1
Liri a Ceprano;21/07/2022;17,8;37,9
Liri a Ceprano;22/07/2022;20,5;37,7
Liri a Ceprano;23/07/2022;20,4;38
Liri a Ceprano;24/07/2022;17,6;38,1
Liri a Ceprano;25/07/2022;20,4;38,6
Liri a Ceprano;26/07/2022;21,3;36,9
Liri a Ceprano;27/07/2022;20,5;36,3
Liri a Ceprano;28/07/2022;21,1;36,9
Liri a Ceprano;29/07/2022;19,1;37
Liri a Ceprano;30/07/2022;19,2;34,2
Liri a Ceprano;31/07/2022;19,2;35,3
Liri a Civitella Roveto;01/07/2022;15,9;35,1
Liri a Civitella Roveto;02/07/2022;15,4;35,3
Liri a Civitella Roveto;03/07/2022;15,9;36,2
Liri a Civitella Roveto;04/07/2022;16,9;36,7
Liri a Civitella Roveto;05/07/2022;16,7;35
Liri a Civitella Roveto;06/07/2022;14;34,2
Liri a Civitella Roveto;07/07/2022;15,1;31,6
Liri a Civitella Roveto;08/07/2022;13,9;26,1
Liri a Civitella Roveto;09/07/2022;16,8;27,7
Liri a Civitella Roveto;10/07/2022;14,2;28
Liri a Civitella Roveto;11/07/2022;11,6;30,1
Liri a Civitella Roveto;12/07/2022;13,2;30,1
Liri a Civitella Roveto;13/07/2022;16,2;29,8
Liri a Civitella Roveto;14/07/2022;13,3;32,4
Liri a Civitella Roveto;15/07/2022;14;33,6
Liri a Civitella Roveto;16/07/2022;15,2;35
Liri a Civitella Roveto;17/07/2022;16,4;35,7
Liri a Civitella Roveto;18/07/2022;15,7;32,1
Liri a Civitella Roveto;19/07/2022;15,6;33,2
Liri a Civitella Roveto;20/07/2022;15,7;34
Liri a Civitella Roveto;21/07/2022;16,6;35,7
Liri a Civitella Roveto;22/07/2022;17,7;36,1
Liri a Civitella Roveto;23/07/2022;17,1;36,2
Liri a Civitella Roveto;24/07/2022;15,7;35,1
Liri a Civitella Roveto;25/07/2022;17,5;35,7
Liri a Civitella Roveto;26/07/2022;17;34,4
Liri a Civitella Roveto;27/07/2022;17,7;33,5
Liri a Civitella Roveto;28/07/2022;16,3;32,5
Liri a Civitella Roveto;29/07/2022;14,9;33,2
Liri a Civitella Roveto;30/07/2022;17,1;32,8
Liri a Civitella Roveto;31/07/2022;15,7;32,3
Lugnano;01/07/2022;16,5;36,7
Lugnano;02/07/2022;14,6;36,9
Lugnano;03/07/2022;18,4;37,9
Lugnano;04/07/2022;18,1;37,6
Lugnano;05/07/2022;18,2;35,7
Lugnano;06/07/2022;17,2;36,5
Lugnano;07/07/2022;17,5;34
Lugnano;08/07/2022;13,7;28
Lugnano;09/07/2022;13,4;31,9
Lugnano;10/07/2022;12,6;30,9
Lugnano;11/07/2022;13,5;31,6
Lugnano;12/07/2022;15,2;31,9
Lugnano;13/07/2022;15,1;33,6
Lugnano;14/07/2022;13,8;36
Lugnano;15/07/2022;16,3;37,6
Lugnano;16/07/2022;16;37,4
Lugnano;17/07/2022;16,9;39
Lugnano;18/07/2022;17,3;36,7
Lugnano;19/07/2022;15,9;37,5
Lugnano;20/07/2022;17,5;36,7
Lugnano;21/07/2022;17,9;37,7
Lugnano;22/07/2022;18,6;38,7
Lugnano;23/07/2022;19,1;38,4
Lugnano;24/07/2022;17,4;39
Lugnano;25/07/2022;19;37,9
Lugnano;26/07/2022;18,9;36,8
Lugnano;27/07/2022;16,9;36
Lugnano;28/07/2022;16;35,5
Lugnano;29/07/2022;17,5;35,7
Lugnano;30/07/2022;18;35,5
Lugnano;31/07/2022;17,5;36
Maccarese rlazio;01/07/2022;19;30,6
Maccarese rlazio;02/07/2022;19,4;30,6
Maccarese rlazio;03/07/2022;21;32,7
Maccarese rlazio;04/07/2022;23,8;32,8
Maccarese rlazio;05/07/2022;23,9;31
Maccarese rlazio;06/07/2022;21,5;31,8
Maccarese rlazio;07/07/2022;24,2;30,3
Maccarese rlazio;08/07/2022;20,4;32,4
Maccarese rlazio;09/07/2022;20,9;33,3
Maccarese rlazio;10/07/2022;20,1;28,8
Maccarese rlazio;11/07/2022;20,1;28,9
Maccarese rlazio;12/07/2022;23;29,1
Maccarese rlazio;13/07/2022;23,9;29,7
Maccarese rlazio;14/07/2022;23,9;29,2
Maccarese rlazio;15/07/2022;23,3;30,5
Maccarese rlazio;16/07/2022;25;30,6
Maccarese rlazio;17/07/2022;21,2;31
Maccarese rlazio;18/07/2022;20,8;32,2
Maccarese rlazio;19/07/2022;22,7;33,3
Maccarese rlazio;20/07/2022;25,7;31
Maccarese rlazio;21/07/2022;25,7;31,7
Maccarese rlazio;22/07/2022;26,7;32,3
Maccarese rlazio;23/07/2022;25,5;31,9
Maccarese rlazio;24/07/2022;25,8;31,3
Maccarese rlazio;25/07/2022;26,7;31,8
Maccarese rlazio;26/07/2022;23,8;32,8
Maccarese rlazio;27/07/2022;27,5;31,3
Maccarese rlazio;28/07/2022;22,8;30,8
Maccarese rlazio;29/07/2022;24,8;31
Maccarese rlazio;30/07/2022;24,7;32
Maccarese rlazio;31/07/2022;24;32,4
Mandrione;01/07/2022;13;34,8
Mandrione;02/07/2022;14,4;38,6
Mandrione;03/07/2022;18,4;39,5
Mandrione;04/07/2022;18,7;39,9
Mandrione;05/07/2022;17,5;38,2
Mandrione;06/07/2022;16,2;37,9
Mandrione;07/07/2022;16,7;35,8
Mandrione;08/07/2022;16,4;32
Mandrione;09/07/2022;18,5;33
Mandrione;10/07/2022;16,4;33,5
Mandrione;11/07/2022;14,2;33,7
Mandrione;12/07/2022;16,5;33,8
Mandrione;13/07/2022;16,7;34,3
Mandrione;14/07/2022;16;34,6
Mandrione;15/07/2022;17,4;37
Mandrione;16/07/2022;17,3;35,9
Mandrione;17/07/2022;16,1;37,6
Mandrione;18/07/2022;18,1;38,7
Mandrione;19/07/2022;20;39,2
Mandrione;20/07/2022;18,3;37,4
Mandrione;21/07/2022;18,3;37,5
Mandrione;22/07/2022;18,9;39,4
Mandrione;23/07/2022;19,9;37,4
Mandrione;24/07/2022;19;36,6
Mandrione;25/07/2022;18,9;38,5
Mandrione;26/07/2022;19,1;38,2
Mandrione;27/07/2022;19,4;36,4
Mandrione;28/07/2022;19,4;36,6
Mandrione;29/07/2022;17,7;36,5
Mandrione;30/07/2022;19,8;35,8
Mandrione;31/07/2022;17,8;38
Manziana;01/07/2022;20;34,3
Manziana;02/07/2022;19,8;37,2
Manziana;03/07/2022;24,4;37,5
Manziana;04/07/2022;23,9;38,4
Manziana;05/07/2022;22;35,7
Manziana;06/07/2022;20,7;36,2
Manziana;07/07/2022;19,5;34
Manziana;08/07/2022;15,8;28,4
Manziana;09/07/2022;17,9;30,6
Manziana;10/07/2022;17;31,5
Manziana;11/07/2022;17,3;31,8
Manziana;12/07/2022;17,7;31,9
Manziana;13/07/2022;19,1;31,1
Manziana;14/07/2022;18,1;32,8
Manziana;15/07/2022;20,5;36,3
Manziana;16/07/2022;20,7;34,4
Manziana;17/07/2022;21,5;36,1
Manziana;18/07/2022;23;37,1
Manziana;19/07/2022;21,3;37
Manziana;20/07/2022;21,1;34,7
Manziana;21/07/2022;20,7;37,1
Manziana;22/07/2022;22,2;38,1
Manziana;23/07/2022;21,5;36
Manziana;24/07/2022;20;36
Manziana;25/07/2022;22,1;36,1
Manziana;26/07/2022;22,5;35,4
Manziana;27/07/2022;21,7;32,7
Manziana;28/07/2022;20,5;33,1
Manziana;29/07/2022;19,8;34,5
Manziana;30/07/2022;18,3;33,3
Manziana;31/07/2022;21;35,5
Marta;01/07/2022;17,8;31,3
Marta;02/07/2022;19,7;34,9
Marta;03/07/2022;26,1;36,2
Marta;04/07/2022;23,3;36,4
Marta;05/07/2022;21,3;34,3
Marta;06/07/2022;19,8;33,6
Marta;07/07/2022;20,2;31,1
Marta;08/07/2022;20,8;26,4
Marta;09/07/2022;20,3;27,1
Marta;10/07/2022;19,8;29,4
Marta;11/07/2022;17,3;30,1
Marta;12/07/2022;20,1;29,7
Marta;13/07/2022;20,5;31,2
Marta;14/07/2022;18,8;31,3
Marta;15/07/2022;20,8;33,7
Marta;16/07/2022;20;32
Marta;17/07/2022;19,7;34,3
Marta;18/07/2022;23,1;34,1
Marta;19/07/2022;24,5;33,7
Marta;20/07/2022;23;33,5
Marta;21/07/2022;22,1;34,3
Marta;22/07/2022;22,1;35,6
Marta;23/07/2022;21,2;33,7
Marta;24/07/2022;21,8;33,8
Marta;25/07/2022;22,8;34,1
Marta;26/07/2022;21,7;33,8
Marta;27/07/2022;22,2;31,4
Marta;28/07/2022;21,7;31,5
Marta;29/07/2022;20,7;32,2
Marta;30/07/2022;22,2;30,8
Marta;31/07/2022;24,4;33,4
Marta a Tarquinia;01/07/2022;14,9;30,1
Marta a Tarquinia;02/07/2022;16,4;33,3
Marta a Tarquinia;03/07/2022;20;33,9
Marta a Tarquinia;04/07/2022;18,8;34,1
Marta a Tarquinia;05/07/2022;18,8;33,5
Marta a Tarquinia;06/07/2022;18,7;32,6
Marta a Tarquinia;07/07/2022;18,7;30,1
Marta a Tarquinia;08/07/2022;16,8;30,2
Marta a Tarquinia;09/07/2022;14,9;32
Marta a Tarquinia;10/07/2022;17,8;30,1
Marta a Tarquinia;11/07/2022;16,2;28,5
Marta a Tarquinia;12/07/2022;18,6;29
Marta a Tarquinia;13/07/2022;18,3;28,7
Marta a Tarquinia;14/07/2022;18,2;28,7
Marta a Tarquinia;15/07/2022;18,8;31,7
Marta a Tarquinia;16/07/2022;19,3;31
Marta a Tarquinia;17/07/2022;17,5;31,2
Marta a Tarquinia;18/07/2022;18,5;32,7
Marta a Tarquinia;19/07/2022;21,5;34
Marta a Tarquinia;20/07/2022;19,7;31,6
Marta a Tarquinia;21/07/2022;20;31,4
Marta a Tarquinia;22/07/2022;21,2;33,6
Marta a Tarquinia;23/07/2022;21,5;32,1
Marta a Tarquinia;24/07/2022;21,2;30,9
Marta a Tarquinia;25/07/2022;20,8;34,1
Marta a Tarquinia;26/07/2022;20,7;32,7
Marta a Tarquinia;27/07/2022;20,9;31,7
Marta a Tarquinia;28/07/2022;21,2;30,4
Marta a Tarquinia;29/07/2022;19,2;31,3
Marta a Tarquinia;30/07/2022;21,3;31,1
Marta a Tarquinia;31/07/2022;20,5;34,4
Massimina;01/07/2022;17,2;32,8
Massimina;02/07/2022;19,8;34,6
Massimina;03/07/2022;22,8;36,6
Massimina;04/07/2022;22,9;36,9
Massimina;05/07/2022;21,7;33,7
Massimina;06/07/2022;21,7;35,2
Massimina;07/07/2022;21,7;33,3
Massimina;08/07/2022;17,2;32,3
Massimina;09/07/2022;19,9;34,1
Massimina;10/07/2022;20,2;31,4
Massimina;11/07/2022;18,4;31,1
Massimina;12/07/2022;19,7;31,5
Massimina;13/07/2022;20,7;31,6
Massimina;14/07/2022;21;31,5
Massimina;15/07/2022;20,2;34
Massimina;16/07/2022;20,8;33,7
Massimina;17/07/2022;20,8;34,9
Massimina;18/07/2022;20,8;36,4
Massimina;19/07/2022;23,3;35,9
Massimina;20/07/2022;22,1;34,2
Massimina;21/07/2022;22,2;36,3
Massimina;22/07/2022;23,5;36,5
Massimina;23/07/2022;23,1;34,9
Massimina;24/07/2022;22,7;34,3
Massimina;25/07/2022;22,7;34,9
Massimina;26/07/2022;22,2;33,5
Massimina;27/07/2022;23,6;32,1
Massimina;28/07/2022;22,5;33,1
Massimina;29/07/2022;21,7;32,6
Massimina;30/07/2022;22,3;32,4
Massimina;31/07/2022;22,9;34,6
Melfa ad Atina;01/07/2022;16,3;36,1
Melfa ad Atina;02/07/2022;16;35,8
Melfa ad Atina;03/07/2022;17,2;36,5
Melfa ad Atina;04/07/2022;17,7;36,7
Melfa ad Atina;05/07/2022;18,7;34,7
Melfa ad Atina;06/07/2022;17,1;35,6
Melfa ad Atina;07/07/2022;16,5;32,5
Melfa ad Atina;08/07/2022;15,5;27,6
Melfa ad Atina;09/07/2022;16,8;30,7
Melfa ad Atina;10/07/2022;14,6;29,7
Melfa ad Atina;11/07/2022;13,2;30,7
Melfa ad Atina;12/07/2022;15,1;30,5
Melfa ad Atina;13/07/2022;17;30,5
Melfa ad Atina;14/07/2022;14,4;32,9
Melfa ad Atina;15/07/2022;14,4;33,7
Melfa ad Atina;16/07/2022;16,5;35,7
Melfa ad Atina;17/07/2022;18,4;35,5
Melfa ad Atina;18/07/2022;18;34,5
Melfa ad Atina;19/07/2022;15,6;34,5
Melfa ad Atina;20/07/2022;16,2;35,4
Melfa ad Atina;21/07/2022;16,6;35,1
Melfa ad Atina;22/07/2022;19,3;35,9
Melfa ad Atina;23/07/2022;19,2;36,1
Melfa ad Atina;24/07/2022;16;35,2
Melfa ad Atina;25/07/2022;19,5;36,1
Melfa ad Atina;26/07/2022;19,3;34,3
Melfa ad Atina;27/07/2022;17,5;33,6
Melfa ad Atina;28/07/2022;18,2;33,8
Melfa ad Atina;29/07/2022;16,4;33,5
Melfa ad Atina;30/07/2022;17,6;32,3
Melfa ad Atina;31/07/2022;17,3;32,4
Micigliano;01/07/2022;17;32,5
Micigliano;02/07/2022;18,1;34,6
Micigliano;03/07/2022;20;34,7
Micigliano;04/07/2022;20,4;34,5
Micigliano;05/07/2022;20,7;33,2
Micigliano;06/07/2022;18,4;32,4
Micigliano;07/07/2022;16;29,3
Micigliano;08/07/2022;13,3;22,8
Micigliano;09/07/2022;13,7;26,1
Micigliano;10/07/2022;13,4;26,9
Micigliano;11/07/2022;14,4;27,1
Micigliano;12/07/2022;15,7;26,9
Micigliano;13/07/2022;14,2;29,5
Micigliano;14/07/2022;13,5;32,2
Micigliano;15/07/2022;17,7;33,8
Micigliano;16/07/2022;18,5;33,3
Micigliano;17/07/2022;19,6;35,1
Micigliano;18/07/2022;18,6;29,7
Micigliano;19/07/2022;18,1;33,4
Micigliano;20/07/2022;18,7;32,8
Micigliano;21/07/2022;19;34,4
Micigliano;22/07/2022;20,7;35,3
Micigliano;23/07/2022;20,3;34,9
Micigliano;24/07/2022;20,4;35
Micigliano;25/07/2022;20,8;34,5
Micigliano;26/07/2022;19,5;33,5
Micigliano;27/07/2022;18,1;31,7
Micigliano;28/07/2022;18,1;33
Micigliano;29/07/2022;18,2;32,8
Micigliano;30/07/2022;17,3;30,1
Micigliano;31/07/2022;17,5;30,7
Montalto di Castro meteo;01/07/2022;15,3;31,7
Montalto di Castro meteo;02/07/2022;16,5;35,8
Montalto di Castro meteo;03/07/2022;20,1;36,4
Montalto di Castro meteo;04/07/2022;19,8;36,6
Montalto di Castro meteo;05/07/2022;19,3;35,3
Montalto di Castro meteo;06/07/2022;18,2;34,2
Montalto di Castro meteo;07/07/2022;19,2;32,2
Montalto di Castro meteo;08/07/2022;18,2;31,5
Montalto di Castro meteo;09/07/2022;17,9;33,1
Montalto di Castro meteo;10/07/2022;18,1;30,9
Montalto di Castro meteo;11/07/2022;15,3;30,2
Montalto di Castro meteo;12/07/2022;17,4;29,6
Montalto di Castro meteo;13/07/2022;18,4;30,4
Montalto di Castro meteo;14/07/2022;18,2;31,2
Montalto di Castro meteo;15/07/2022;18,3;33,5
Montalto di Castro meteo;16/07/2022;19,3;32,3
Montalto di Castro meteo;17/07/2022;17,9;32,6
Montalto di Castro meteo;18/07/2022;19,3;34,4
Montalto di Castro meteo;19/07/2022;21;36,9
Montalto di Castro meteo;20/07/2022;18,7;32,8
Montalto di Castro meteo;21/07/2022;19,9;32,8
Montalto di Castro meteo;22/07/2022;20,6;35,3
Montalto di Castro meteo;23/07/2022;20,4;33,2
Montalto di Castro meteo;24/07/2022;21,5;33
Montalto di Castro meteo;25/07/2022;20,4;35,6
Montalto di Castro meteo;26/07/2022;21,1;34,8
Montalto di Castro meteo;27/07/2022;22,1;32,7
Montalto di Castro meteo;28/07/2022;21,4;32,2
Montalto di Castro meteo;29/07/2022;19;32,7
Montalto di Castro meteo;30/07/2022;21,5;32,5
Montalto di Castro meteo;31/07/2022;20,1;35,9
Montasola;01/07/2022;17,2;33,7
Montasola;02/07/2022;16,5;38,7
Montasola;03/07/2022;20;39,4
Montasola;04/07/2022;20,4;39,4
Montasola;05/07/2022;19,8;37
Montasola;06/07/2022;18,5;35,7
Montasola;07/07/2022;17,1;33,9
Montasola;08/07/2022;14,8;29,7
Montasola;09/07/2022;13,3;31,5
Montasola;10/07/2022;15,9;30,7
Montasola;11/07/2022;14,3;32,1
Montasola;12/07/2022;15,6;31,5
Montasola;13/07/2022;16,5;35,5
Montasola;14/07/2022;14,5;33,9
Montasola;15/07/2022;17,4;36,9
Montasola;16/07/2022;17,2;35,6
Montasola;17/07/2022;18,5;39
Montasola;18/07/2022;17,1;35,1
Montasola;19/07/2022;16,9;38,5
Montasola;20/07/2022;18,7;35,9
Montasola;21/07/2022;18,4;38,3
Montasola;22/07/2022;19,7;39,5
Montasola;23/07/2022;19,2;36,7
Montasola;24/07/2022;18;36,3
Montasola;25/07/2022;19,7;37,4
Montasola;26/07/2022;19,2;35,8
Montasola;27/07/2022;17,7;33,2
Montasola;28/07/2022;17,8;33,6
Montasola;29/07/2022;17,7;35,3
Montasola;30/07/2022;18,3;31,9
Montasola;31/07/2022;17,7;38,1
Monte Romano;01/07/2022;17,7;35,4
Monte Romano;02/07/2022;19;37,7
Monte Romano;03/07/2022;22,1;38,9
Monte Romano;04/07/2022;23,3;39,7
Monte Romano;05/07/2022;22,2;38,5
Monte Romano;06/07/2022;19,9;37,1
Monte Romano;07/07/2022;19,2;35,2
Monte Romano;08/07/2022;16,2;29,8
Monte Romano;09/07/2022;17,4;32,7
Monte Romano;10/07/2022;16,9;32
Monte Romano;11/07/2022;17,1;32,6
Monte Romano;12/07/2022;19,4;32,7
Monte Romano;13/07/2022;18,8;34,5
Monte Romano;14/07/2022;19;33,7
Monte Romano;15/07/2022;19,9;35,8
Monte Romano;16/07/2022;20,3;35,7
Monte Romano;17/07/2022;20,6;37
Monte Romano;18/07/2022;21,8;38,4
Monte Romano;19/07/2022;22,4;38
Monte Romano;20/07/2022;21;36,8
Monte Romano;21/07/2022;21,5;37,1
Monte Romano;22/07/2022;22;39,4
Monte Romano;23/07/2022;22,3;37,2
Monte Romano;24/07/2022;21,6;36,7
Monte Romano;25/07/2022;21,6;37,2
Monte Romano;26/07/2022;21,6;37,4
Monte Romano;27/07/2022;22;35,8
Monte Romano;28/07/2022;20,7;35,6
Monte Romano;29/07/2022;19,8;35,8
Monte Romano;30/07/2022;21,2;35,3
Monte Romano;31/07/2022;21,6;38,1
Monte Terminillo;01/07/2022;14,5;26
Monte Terminillo;02/07/2022;14,4;26,1
Monte Terminillo;03/07/2022;17,6;26,5
Monte Terminillo;04/07/2022;19,1;26,7
Monte Terminillo;05/07/2022;16,1;24,4
Monte Terminillo;06/07/2022;14,4;24,9
Monte Terminillo;07/07/2022;12;21,9
Monte Terminillo;08/07/2022;9,6;14,5
Monte Terminillo;09/07/2022;8,5;19,2
Monte Terminillo;10/07/2022;8,1;19,3
Monte Terminillo;11/07/2022;12,7;19,9
Monte Terminillo;12/07/2022;13,3;19,2
Monte Terminillo;13/07/2022;11,4;21,7
Monte Terminillo;14/07/2022;12,7;25,1
Monte Terminillo;15/07/2022;15,9;26,2
Monte Terminillo;16/07/2022;17,8;25,2
Monte Terminillo;17/07/2022;16,3;26,5
Monte Terminillo;18/07/2022;15,6;23,9
Monte Terminillo;19/07/2022;16,2;24,5
Monte Terminillo;20/07/2022;15,6;25,2
Monte Terminillo;21/07/2022;17,3;25,8
Monte Terminillo;22/07/2022;19,2;27,3
Monte Terminillo;23/07/2022;18;27,1
Monte Terminillo;24/07/2022;18,1;27,2
Monte Terminillo;25/07/2022;17,3;26,3
Monte Terminillo;26/07/2022;16,8;24,8
Monte Terminillo;27/07/2022;14,1;24,2
Monte Terminillo;28/07/2022;15,2;25,4
Monte Terminillo;29/07/2022;15;23,8
Monte Terminillo;30/07/2022;14;21,9
Monte Terminillo;31/07/2022;13,8;22,8
Montefiascone;01/07/2022;20,4;33,5
Montefiascone;02/07/2022;21,1;37,2
Montefiascone;03/07/2022;23,7;38,5
Montefiascone;04/07/2022;25,1;38,8
Montefiascone;05/07/2022;21,7;37
Montefiascone;06/07/2022;22,2;36,1
Montefiascone;07/07/2022;16,2;35
Montefiascone;08/07/2022;16;25,8
Montefiascone;09/07/2022;15,7;29,1
Montefiascone;10/07/2022;16,5;31,4
Montefiascone;11/07/2022;17,9;32,2
Montefiascone;12/07/2022;17,8;31,7
Montefiascone;13/07/2022;20,1;33,5
Montefiascone;14/07/2022;19,1;34,1
Montefiascone;15/07/2022;19,8;36,1
Montefiascone;16/07/2022;20,6;34,1
Montefiascone;17/07/2022;22,3;36,6
Montefiascone;18/07/2022;22,5;36
Montefiascone;19/07/2022;22,8;36,8
Montefiascone;20/07/2022;22,1;37,1
Montefiascone;21/07/2022;20,8;37,5
Montefiascone;22/07/2022;21,8;39,1
Montefiascone;23/07/2022;22,2;37,8
Montefiascone;24/07/2022;22,7;37,3
Montefiascone;25/07/2022;22,4;37,4
Montefiascone;26/07/2022;23,2;37,2
Montefiascone;27/07/2022;21,4;34,7
Montefiascone;28/07/2022;20,9;34,5
Montefiascone;29/07/2022;20,4;36,1
Montefiascone;30/07/2022;-;-
Montefiascone;31/07/2022;20,1;35,2
Montelibretti;01/07/2022;22;34,8
Montelibretti;02/07/2022;22,2;37,9
Montelibretti;03/07/2022;25,3;39,1
Montelibretti;04/07/2022;25,8;39,9
Montelibretti;05/07/2022;24,2;37,1
Montelibretti;06/07/2022;23,2;37
Montelibretti;07/07/2022;23,3;34,4
Montelibretti;08/07/2022;16,1;30,5
Montelibretti;09/07/2022;20,2;32,3
Montelibretti;10/07/2022;20;31,4
Montelibretti;11/07/2022;20,5;33,7
Montelibretti;12/07/2022;20,9;32,2
Montelibretti;13/07/2022;21;33,8
Montelibretti;14/07/2022;20,8;33,2
Montelibretti;15/07/2022;21,8;36,5
Montelibretti;16/07/2022;23,1;35,8
Montelibretti;17/07/2022;23,6;38
Montelibretti;18/07/2022;23,4;37,5
Montelibretti;19/07/2022;23,6;37,4
Montelibretti;20/07/2022;23,7;35,4
Montelibretti;21/07/2022;24;37,4
Montelibretti;22/07/2022;24,3;39,1
Montelibretti;23/07/2022;24,2;36,4
Montelibretti;24/07/2022;23,5;37,6
Montelibretti;25/07/2022;23,4;36,5
Montelibretti;26/07/2022;23,7;36
Montelibretti;27/07/2022;19,9;33,7
Montelibretti;28/07/2022;22,4;33,4
Montelibretti;29/07/2022;22,3;35,4
Montelibretti;30/07/2022;23,2;32,4
Montelibretti;31/07/2022;21,6;36,5
Monterotondo ETG;01/07/2022;20,2;34,2
Monterotondo ETG;02/07/2022;20,2;37,7
Monterotondo ETG;03/07/2022;23,9;38,9
Monterotondo ETG;04/07/2022;24,1;38,7
Monterotondo ETG;05/07/2022;23,1;37
Monterotondo ETG;06/07/2022;22,3;36,3
Monterotondo ETG;07/07/2022;22,2;34,2
Monterotondo ETG;08/07/2022;16,1;29,6
Monterotondo ETG;09/07/2022;19,2;31,6
Monterotondo ETG;10/07/2022;17,6;32
Monterotondo ETG;11/07/2022;18,6;33,3
Monterotondo ETG;12/07/2022;19,7;32,2
Monterotondo ETG;13/07/2022;20,9;32,6
Monterotondo ETG;14/07/2022;19,9;33
Monterotondo ETG;15/07/2022;20,8;36,6
Monterotondo ETG;16/07/2022;21,6;35,4
Monterotondo ETG;17/07/2022;21,3;37,4
Monterotondo ETG;18/07/2022;23,2;37,6
Monterotondo ETG;19/07/2022;21,3;36,7
Monterotondo ETG;20/07/2022;22,4;36,1
Monterotondo ETG;21/07/2022;22,7;37,5
Monterotondo ETG;22/07/2022;23,9;38,9
Monterotondo ETG;23/07/2022;23,6;37
Monterotondo ETG;24/07/2022;22,3;36,7
Monterotondo ETG;25/07/2022;22,7;36,9
Monterotondo ETG;26/07/2022;23,6;35,8
Monterotondo ETG;27/07/2022;20,9;33
Monterotondo ETG;28/07/2022;20,4;33,9
Monterotondo ETG;29/07/2022;21,6;35,3
Monterotondo ETG;30/07/2022;22,9;33,8
Monterotondo ETG;31/07/2022;21,5;36,5
Moricone;01/07/2022;21,1;35,6
Moricone;02/07/2022;21,6;37,8
Moricone;03/07/2022;24,5;39
Moricone;04/07/2022;25,4;39,4
Moricone;05/07/2022;23,6;37,4
Moricone;06/07/2022;22,6;37,8
Moricone;07/07/2022;21,4;35,1
Moricone;08/07/2022;16,3;29,1
Moricone;09/07/2022;18,9;32,2
Moricone;10/07/2022;18,1;32,5
Moricone;11/07/2022;18,4;33,8
Moricone;12/07/2022;19,5;33,7
Moricone;13/07/2022;20;33,7
Moricone;14/07/2022;19,6;34,5
Moricone;15/07/2022;20,3;36,8
Moricone;16/07/2022;21,8;36,8
Moricone;17/07/2022;22,4;38,2
Moricone;18/07/2022;21,7;38,7
Moricone;19/07/2022;22,1;36,9
Moricone;20/07/2022;22,5;36,6
Moricone;21/07/2022;22,5;38
Moricone;22/07/2022;22,8;39,7
Moricone;23/07/2022;23,3;38,3
Moricone;24/07/2022;21,9;38,2
Moricone;25/07/2022;22,6;38
Moricone;26/07/2022;22,6;36,7
Moricone;27/07/2022;21;34,8
Moricone;28/07/2022;21,9;34,6
Moricone;29/07/2022;21,5;36
Moricone;30/07/2022;21,8;33,9
Moricone;31/07/2022;21,6;36,5
Morlupo;01/07/2022;20,5;34,8
Morlupo;02/07/2022;22,1;39,1
Morlupo;03/07/2022;25;39,3
Morlupo;04/07/2022;25,9;40,1
Morlupo;05/07/2022;24,3;37,9
Morlupo;06/07/2022;23,9;37,7
Morlupo;07/07/2022;22,7;35
Morlupo;08/07/2022;16,9;29,6
Morlupo;09/07/2022;19,3;31,5
Morlupo;10/07/2022;18,4;32,8
Morlupo;11/07/2022;19,8;33
Morlupo;12/07/2022;20,3;32,7
Morlupo;13/07/2022;21,2;33
Morlupo;14/07/2022;20,3;35
Morlupo;15/07/2022;22,1;37,8
Morlupo;16/07/2022;21,6;36,2
Morlupo;17/07/2022;23;38,5
Morlupo;18/07/2022;24,6;38,2
Morlupo;19/07/2022;22,6;38,2
Morlupo;20/07/2022;23,1;36,4
Morlupo;21/07/2022;23,3;38,6
Morlupo;22/07/2022;23,6;39,6
Morlupo;23/07/2022;23,6;37,7
Morlupo;24/07/2022;22,6;38,2
Morlupo;25/07/2022;23,7;37,8
Morlupo;26/07/2022;23,9;36,5
Morlupo;27/07/2022;21,9;33,9
Morlupo;28/07/2022;21,8;35,7
Morlupo;29/07/2022;21,9;37,1
Morlupo;30/07/2022;22,4;33,2
Morlupo;31/07/2022;22,1;37,6
Nepi;01/07/2022;13,0;35,2
Nepi;02/07/2022;14,0;39,6
Nepi;03/07/2022;18,2;40,0
Nepi;04/07/2022;18,7;39,8
Nepi;05/07/2022;17,6;37,5
Nepi;06/07/2022;17,1;38,3
Nepi;07/07/2022;17,3;36,6
Nepi;08/07/2022;16,8;28,6
Nepi;09/07/2022;18,3;30,5
Nepi;10/07/2022;17,7;33,7
Nepi;11/07/2022;14,1;34,1
Nepi;12/07/2022;15,3;33,5
Nepi;13/07/2022;17,2;34,2
Nepi;14/07/2022;15,5;35,4
Nepi;15/07/2022;16,9;37,4
Nepi;16/07/2022;16,4;36,9
Nepi;17/07/2022;15,9;38,4
Nepi;18/07/2022;17,7;38,2
Nepi;19/07/2022;17,7;40,3
Nepi;20/07/2022;16,6;38,0
Nepi;21/07/2022;17,2;38,2
Nepi;22/07/2022;19,0;40,8
Nepi;23/07/2022;17,8;37,6
Nepi;24/07/2022;17,6;38,4
Nepi;25/07/2022;18,5;37,6
Nepi;26/07/2022;18,9;37,9
Nepi;27/07/2022;21,4;35,3
Nepi;28/07/2022;18,1;35,1
Nepi;29/07/2022;17,4;37,3
Nepi;30/07/2022;18,3;34,7
Nepi;31/07/2022;19,2;36,4
Norma;01/07/2022;21,3;31,9
Norma;02/07/2022;20,6;34,2
Norma;03/07/2022;23,8;35,0
Norma;04/07/2022;23,8;35,1
Norma;05/07/2022;23,7;32,6
Norma;06/07/2022;22,9;32,9
Norma;07/07/2022;21,8;31,1
Norma;08/07/2022;16,6;30,9
Norma;09/07/2022;20,3;29,4
Norma;10/07/2022;18,6;28,4
Norma;11/07/2022;19,3;29,4
Norma;12/07/2022;19,9;30,6
Norma;13/07/2022;20,4;29,4
Norma;14/07/2022;18,7;30,2
Norma;15/07/2022;21,5;32,1
Norma;16/07/2022;22,0;32,2
Norma;17/07/2022;22,0;34,3
Norma;18/07/2022;24,1;34,2
Norma;19/07/2022;23,3;33,3
Norma;20/07/2022;23,6;33,0
Norma;21/07/2022;22,8;33,3
Norma;22/07/2022;23,0;33,1
Norma;23/07/2022;23,8;34,2
Norma;24/07/2022;21,6;32,5
Norma;25/07/2022;22,3;33,3
Norma;26/07/2022;21,9;32,2
Norma;27/07/2022;22,6;31,4
Norma;28/07/2022;21,4;32,2
Norma;29/07/2022;20,6;30,8
Norma;30/07/2022;21,2;31,1
Norma;31/07/2022;21,3;30,5
Osteria Nuova;01/07/2022;14,7;35,7
Osteria Nuova;02/07/2022;15,0;38,0
Osteria Nuova;03/07/2022;20,7;40,3
Osteria Nuova;04/07/2022;21,3;38,8
Osteria Nuova;05/07/2022;19,2;37,3
Osteria Nuova;06/07/2022;18,9;37,4
Osteria Nuova;07/07/2022;19,0;35,1
Osteria Nuova;08/07/2022;16,9;31,4
Osteria Nuova;09/07/2022;19,5;33,3
Osteria Nuova;10/07/2022;19,1;32,9
Osteria Nuova;11/07/2022;16,3;33,9
Osteria Nuova;12/07/2022;17,2;33,1
Osteria Nuova;13/07/2022;19,1;32,4
Osteria Nuova;14/07/2022;19,1;33,6
Osteria Nuova;15/07/2022;19,6;36,6
Osteria Nuova;16/07/2022;19,1;35,1
Osteria Nuova;17/07/2022;18,4;36,8
Osteria Nuova;18/07/2022;20,7;38,9
Osteria Nuova;19/07/2022;21,3;38,3
Osteria Nuova;20/07/2022;20,8;36,7
Osteria Nuova;21/07/2022;19,7;37,3
Osteria Nuova;22/07/2022;22,9;38,5
Osteria Nuova;23/07/2022;22,1;36,5
Osteria Nuova;24/07/2022;20,6;37,5
Osteria Nuova;25/07/2022;20,7;37,4
Osteria Nuova;26/07/2022;20,6;37,3
Osteria Nuova;27/07/2022;21,5;34,6
Osteria Nuova;28/07/2022;22,3;37,1
Osteria Nuova;29/07/2022;19,7;36,3
Osteria Nuova;30/07/2022;20,9;34,8
Osteria Nuova;31/07/2022;22,2;37,5
Osteria di Castro;01/07/2022;21,8;36,5
Osteria di Castro;02/07/2022;20,7;37,9
Osteria di Castro;03/07/2022;23,2;38,5
Osteria di Castro;04/07/2022;22,7;38,0
Osteria di Castro;05/07/2022;22,5;36,5
Osteria di Castro;06/07/2022;21,2;36,8
Osteria di Castro;07/07/2022;20,1;35,5
Osteria di Castro;08/07/2022;16,2;32,2
Osteria di Castro;09/07/2022;19,7;32,8
Osteria di Castro;10/07/2022;18,0;32,1
Osteria di Castro;11/07/2022;18,1;33,1
Osteria di Castro;12/07/2022;19,6;34,9
Osteria di Castro;13/07/2022;20,2;34,1
Osteria di Castro;14/07/2022;18,7;34,4
Osteria di Castro;15/07/2022;19,7;37,0
Osteria di Castro;16/07/2022;21,1;36,5
Osteria di Castro;17/07/2022;22,0;38,3
Osteria di Castro;18/07/2022;22,6;38,6
Osteria di Castro;19/07/2022;20,8;36,6
Osteria di Castro;20/07/2022;21,9;36,6
Osteria di Castro;21/07/2022;22,7;37,4
Osteria di Castro;22/07/2022;23,0;37,7
Osteria di Castro;23/07/2022;22,5;38,1
Osteria di Castro;24/07/2022;21,2;37,0
Osteria di Castro;25/07/2022;22,6;37,7
Osteria di Castro;26/07/2022;21,6;35,5
Osteria di Castro;27/07/2022;21,6;36,2
Osteria di Castro;28/07/2022;22,7;36,2
Osteria di Castro;29/07/2022;20,7;35,8
Osteria di Castro;30/07/2022;21,2;34,6
Osteria di Castro;31/07/2022;20,8;35,6
Paglia a Proceno;01/07/2022;10,8;32,6
Paglia a Proceno;02/07/2022;13,5;35,9
Paglia a Proceno;03/07/2022;15,8;37,7
Paglia a Proceno;04/07/2022;16,1;37,9
Paglia a Proceno;05/07/2022;15,2;35,3
Paglia a Proceno;06/07/2022;14,3;35,9
Paglia a Proceno;07/07/2022;16,3;33,2
Paglia a Proceno;08/07/2022;13,8;26,7
Paglia a Proceno;09/07/2022;12,1;27,6
Paglia a Proceno;10/07/2022;14,0;30,5
Paglia a Proceno;11/07/2022;12,4;31,7
Paglia a Proceno;12/07/2022;14,4;32,0
Paglia a Proceno;13/07/2022;14,7;32,3
Paglia a Proceno;14/07/2022;12,7;34,9
Paglia a Proceno;15/07/2022;15,5;36,2
Paglia a Proceno;16/07/2022;14,8;34,7
Paglia a Proceno;17/07/2022;15,4;37,3
Paglia a Proceno;18/07/2022;17,4;36,1
Paglia a Proceno;19/07/2022;16,1;34,7
Paglia a Proceno;20/07/2022;13,3;36,6
Paglia a Proceno;21/07/2022;15,6;37,3
Paglia a Proceno;22/07/2022;15,9;38,1
Paglia a Proceno;23/07/2022;15,9;36,6
Paglia a Proceno;24/07/2022;16,8;36,4
Paglia a Proceno;25/07/2022;16,3;36,7
Paglia a Proceno;26/07/2022;17,0;36,1
Paglia a Proceno;27/07/2022;17,8;34,1
Paglia a Proceno;28/07/2022;16,7;34,1
Paglia a Proceno;29/07/2022;16,3;34,6
Paglia a Proceno;30/07/2022;19,0;33,0
Paglia a Proceno;31/07/2022;14,7;33,3
Pagliara;01/07/2022;18,7;32,6
Pagliara;02/07/2022;18,9;32,6
Pagliara;03/07/2022;20,3;34,3
Pagliara;04/07/2022;20,8;32,8
Pagliara;05/07/2022;21,2;33,0
Pagliara;06/07/2022;19,0;31,5
Pagliara;07/07/2022;14,1;29,7
Pagliara;08/07/2022;12,3;23,8
Pagliara;09/07/2022;13,4;24,8
Pagliara;10/07/2022;12,0;25,4
Pagliara;11/07/2022;14,6;26,5
Pagliara;12/07/2022;16,5;26,4
Pagliara;13/07/2022;14,8;27,8
Pagliara;14/07/2022;14,7;30,0
Pagliara;15/07/2022;17,4;32,6
Pagliara;16/07/2022;19,6;32,3
Pagliara;17/07/2022;19,8;33,2
Pagliara;18/07/2022;16,6;30,8
Pagliara;19/07/2022;17,6;30,8
Pagliara;20/07/2022;18,3;31,8
Pagliara;21/07/2022;19,9;32,3
Pagliara;22/07/2022;20,6;34,8
Pagliara;23/07/2022;20,8;33,7
Pagliara;24/07/2022;19,9;33,5
Pagliara;25/07/2022;20,1;32,6
Pagliara;26/07/2022;19,7;31,8
Pagliara;27/07/2022;18,9;31,0
Pagliara;28/07/2022;18,4;32,1
Pagliara;29/07/2022;17,2;31,4
Pagliara;30/07/2022;17,9;30,0
Pagliara;31/07/2022;16,8;29,8
Palestrina;01/07/2022;21,3;34,5
Palestrina;02/07/2022;19,9;37,3
Palestrina;03/07/2022;22,9;37,4
Palestrina;04/07/2022;23,3;37,2
Palestrina;05/07/2022;23,9;35,8
Palestrina;06/07/2022;21,1;35,6
Palestrina;07/07/2022;21,5;33,6
Palestrina;08/07/2022;14,8;28,6
Palestrina;09/07/2022;17,4;30,7
Palestrina;10/07/2022;16,9;29,8
Palestrina;11/07/2022;17,1;31,7
Palestrina;12/07/2022;18,9;31,2
Palestrina;13/07/2022;19,7;30,9
Palestrina;14/07/2022;17,9;32,6
Palestrina;15/07/2022;20,6;35,1
Palestrina;16/07/2022;20,6;34,8
Palestrina;17/07/2022;21,5;36,8
Palestrina;18/07/2022;24,1;36,4
Palestrina;19/07/2022;21,9;35,7
Palestrina;20/07/2022;23,4;34,3
Palestrina;21/07/2022;21,3;35,9
Palestrina;22/07/2022;22,4;37,7
Palestrina;23/07/2022;22,5;36,1
Palestrina;24/07/2022;20,3;36,1
Palestrina;25/07/2022;21,4;35,8
Palestrina;26/07/2022;22,0;35,3
Palestrina;27/07/2022;22,2;33,4
Palestrina;28/07/2022;22,0;33,9
Palestrina;29/07/2022;20,3;33,8
Palestrina;30/07/2022;21,2;33,6
Palestrina;31/07/2022;21,8;34,2
Paliano;01/07/2022;21,2;34,5
Paliano;02/07/2022;21,8;36,6
Paliano;03/07/2022;23,5;37,2
Paliano;04/07/2022;24,1;37,0
Paliano;05/07/2022;21,9;35,0
Paliano;06/07/2022;22,1;34,4
Paliano;07/07/2022;20,3;34,3
Paliano;08/07/2022;14,5;28,4
Paliano;09/07/2022;17,9;31,6
Paliano;10/07/2022;16,6;30,6
Paliano;11/07/2022;17,1;30,8
Paliano;12/07/2022;18,2;31,5
Paliano;13/07/2022;18,6;31,7
Paliano;14/07/2022;18,9;32,6
Paliano;15/07/2022;19,4;34,7
Paliano;16/07/2022;21,6;34,4
Paliano;17/07/2022;21,8;36,6
Paliano;18/07/2022;22,5;37,6
Paliano;19/07/2022;21,8;34,8
Paliano;20/07/2022;21,9;33,9
Paliano;21/07/2022;22,3;34,7
Paliano;22/07/2022;23,0;35,8
Paliano;23/07/2022;23,2;36,2
Paliano;24/07/2022;22,3;35,7
Paliano;25/07/2022;21,0;35,1
Paliano;26/07/2022;21,7;35,2
Paliano;27/07/2022;20,9;32,8
Paliano;28/07/2022;21,5;34,5
Paliano;29/07/2022;20,0;35,1
Paliano;30/07/2022;20,6;33,5
Paliano;31/07/2022;20,3;33,6
Palombara Sabina;01/07/2022;22,9;33,0
Palombara Sabina;02/07/2022;23,3;36,2
Palombara Sabina;03/07/2022;26,0;37,4
Palombara Sabina;04/07/2022;26,5;37,1
Palombara Sabina;05/07/2022;25,3;34,2
Palombara Sabina;06/07/2022;24,4;34,9
Palombara Sabina;07/07/2022;22,9;31,9
Palombara Sabina;08/07/2022;15,4;27,5
Palombara Sabina;09/07/2022;19,9;29,7
Palombara Sabina;10/07/2022;19,4;29,7
Palombara Sabina;11/07/2022;20,2;31,1
Palombara Sabina;12/07/2022;20,8;31,0
Palombara Sabina;13/07/2022;21,4;30,9
Palombara Sabina;14/07/2022;21,0;31,4
Palombara Sabina;15/07/2022;21,9;34,1
Palombara Sabina;16/07/2022;22,7;33,9
Palombara Sabina;17/07/2022;24,0;35,9
Palombara Sabina;18/07/2022;22,9;36,4
Palombara Sabina;19/07/2022;24,6;34,6
Palombara Sabina;20/07/2022;24,7;34,0
Palombara Sabina;21/07/2022;23,8;35,5
Palombara Sabina;22/07/2022;24,3;36,1
Palombara Sabina;23/07/2022;24,4;35,3
Palombara Sabina;24/07/2022;23,4;35,2
Palombara Sabina;25/07/2022;23,3;35,0
Palombara Sabina;26/07/2022;24,0;34,4
Palombara Sabina;27/07/2022;23,5;31,9
Palombara Sabina;28/07/2022;23,4;32,1
Palombara Sabina;29/07/2022;22,7;33,3
Palombara Sabina;30/07/2022;22,8;31,0
Palombara Sabina;31/07/2022;22,0;32,9
Passo Corese ETG;01/07/2022;15,5;36,4
Passo Corese ETG;02/07/2022;15,6;38,4
Passo Corese ETG;03/07/2022;22,1;39,5
Passo Corese ETG;04/07/2022;20,3;40,4
Passo Corese ETG;05/07/2022;19,4;38,0
Passo Corese ETG;06/07/2022;18,7;38,2
Passo Corese ETG;07/07/2022;20,4;36,0
Passo Corese ETG;08/07/2022;16,2;31,6
Passo Corese ETG;09/07/2022;19,0;32,7
Passo Corese ETG;10/07/2022;18,4;32,7
Passo Corese ETG;11/07/2022;17,1;33,5
Passo Corese ETG;12/07/2022;18,6;34,2
Passo Corese ETG;13/07/2022;19,4;34,2
Passo Corese ETG;14/07/2022;17,0;34,8
Passo Corese ETG;15/07/2022;19,5;37,5
Passo Corese ETG;16/07/2022;18,2;36,9
Passo Corese ETG;17/07/2022;17,9;38,7
Passo Corese ETG;18/07/2022;20,1;39,2
Passo Corese ETG;19/07/2022;20,3;37,5
Passo Corese ETG;20/07/2022;19,2;37,2
Passo Corese ETG;21/07/2022;20,2;39,0
Passo Corese ETG;22/07/2022;21,3;39,9
Passo Corese ETG;23/07/2022;21,0;38,8
Passo Corese ETG;24/07/2022;20,4;38,4
Passo Corese ETG;25/07/2022;20,2;38,4
Passo Corese ETG;26/07/2022;20,4;37,1
Passo Corese ETG;27/07/2022;20,1;35,3
Passo Corese ETG;28/07/2022;20,0;36,1
Passo Corese ETG;29/07/2022;20,6;37,2
Passo Corese ETG;30/07/2022;20,8;34,0
Passo Corese ETG;31/07/2022;21,2;36,7
Pianetto;01/07/2022;12,7;33,6
Pianetto;02/07/2022;14,9;36,5
Pianetto;03/07/2022;18,2;38,4
Pianetto;04/07/2022;18,8;39,2
Pianetto;05/07/2022;16,8;36,2
Pianetto;06/07/2022;15,8;36,5
Pianetto;07/07/2022;17,0;35,3
Pianetto;08/07/2022;16,1;29,2
Pianetto;09/07/2022;16,4;30,4
Pianetto;10/07/2022;17,8;33,0
Pianetto;11/07/2022;12,8;32,7
Pianetto;12/07/2022;14,8;32,1
Pianetto;13/07/2022;16,0;33,2
Pianetto;14/07/2022;14,3;33,8
Pianetto;15/07/2022;15,9;36,1
Pianetto;16/07/2022;16,1;34,2
Pianetto;17/07/2022;15,8;36,6
Pianetto;18/07/2022;19,3;38,1
Pianetto;19/07/2022;19,2;38,0
Pianetto;20/07/2022;18,1;36,2
Pianetto;21/07/2022;18,9;36,6
Pianetto;22/07/2022;17,8;38,4
Pianetto;23/07/2022;17,0;35,0
Pianetto;24/07/2022;18,2;36,2
Pianetto;25/07/2022;18,1;35,8
Pianetto;26/07/2022;18,4;36,6
Pianetto;27/07/2022;18,6;34,1
Pianetto;28/07/2022;18,3;35,8
Pianetto;29/07/2022;16,8;36,0
Pianetto;30/07/2022;19,9;34,6
Pianetto;31/07/2022;18,1;35,9
Piedimonte San Germano;01/07/2022;19,5;38,9
Piedimonte San Germano;02/07/2022;19,0;39,7
Piedimonte San Germano;03/07/2022;20,9;40,0
Piedimonte San Germano;04/07/2022;21,6;39,4
Piedimonte San Germano;05/07/2022;22,0;37,6
Piedimonte San Germano;06/07/2022;20,3;39,6
Piedimonte San Germano;07/07/2022;18,7;35,9
Piedimonte San Germano;08/07/2022;17,6;32,1
Piedimonte San Germano;09/07/2022;17,9;33,2
Piedimonte San Germano;10/07/2022;18,4;33,8
Piedimonte San Germano;11/07/2022;17,3;34,9
Piedimonte San Germano;12/07/2022;19,0;35,1
Piedimonte San Germano;13/07/2022;20,4;34,3
Piedimonte San Germano;14/07/2022;17,9;36,1
Piedimonte San Germano;15/07/2022;18,5;36,9
Piedimonte San Germano;16/07/2022;19,8;36,9
Piedimonte San Germano;17/07/2022;21,3;39,7
Piedimonte San Germano;18/07/2022;22,1;38,8
Piedimonte San Germano;19/07/2022;19,6;38,9
Piedimonte San Germano;20/07/2022;19,9;37,9
Piedimonte San Germano;21/07/2022;20,0;38,2
Piedimonte San Germano;22/07/2022;22,5;38,3
Piedimonte San Germano;23/07/2022;22,9;38,5
Piedimonte San Germano;24/07/2022;20,7;37,9
Piedimonte San Germano;25/07/2022;22,5;38,0
Piedimonte San Germano;26/07/2022;22,7;36,9
Piedimonte San Germano;27/07/2022;21,7;36,8
Piedimonte San Germano;28/07/2022;22,2;37,3
Piedimonte San Germano;29/07/2022;20,6;36,2
Piedimonte San Germano;30/07/2022;21,1;35,8
Piedimonte San Germano;31/07/2022;21,0;36,2
Poggio Mirteto;01/07/2022;20,1;36,1
Poggio Mirteto;02/07/2022;18,9;38,5
Poggio Mirteto;03/07/2022;21,9;39,8
Poggio Mirteto;04/07/2022;22,7;39,8
Poggio Mirteto;05/07/2022;22,2;38,4
Poggio Mirteto;06/07/2022;20,8;38,5
Poggio Mirteto;07/07/2022;20,7;36,0
Poggio Mirteto;08/07/2022;15,4;30,1
Poggio Mirteto;09/07/2022;17,8;32,6
Poggio Mirteto;10/07/2022;18,5;33,7
Poggio Mirteto;11/07/2022;17,4;34,2
Poggio Mirteto;12/07/2022;18,5;34,1
Poggio Mirteto;13/07/2022;20,4;35,1
Poggio Mirteto;14/07/2022;16,9;35,2
Poggio Mirteto;15/07/2022;19,1;38,8
Poggio Mirteto;16/07/2022;19,0;37,7
Poggio Mirteto;17/07/2022;20,2;38,9
Poggio Mirteto;18/07/2022;20,4;38,8
Poggio Mirteto;19/07/2022;20,2;37,6
Poggio Mirteto;20/07/2022;20,2;37,7
Poggio Mirteto;21/07/2022;20,2;38,8
Poggio Mirteto;22/07/2022;21,3;40,6
Poggio Mirteto;23/07/2022;21,4;38,4
Poggio Mirteto;24/07/2022;20,5;38,4
Poggio Mirteto;25/07/2022;20,7;38,6
Poggio Mirteto;26/07/2022;20,8;37,0
Poggio Mirteto;27/07/2022;19,3;34,7
Poggio Mirteto;28/07/2022;19,3;34,8
Poggio Mirteto;29/07/2022;20,4;36,3
Poggio Mirteto;30/07/2022;21,2;32,8
Poggio Mirteto;31/07/2022;19,5;35,6
Poggio Moiano;01/07/2022;20,1;35,4
Poggio Moiano;02/07/2022;18,4;37,0
Poggio Moiano;03/07/2022;20,4;38,1
Poggio Moiano;04/07/2022;21,2;38,3
Poggio Moiano;05/07/2022;22,7;36,5
Poggio Moiano;06/07/2022;20,1;36,7
Poggio Moiano;07/07/2022;20,2;35,4
Poggio Moiano;08/07/2022;13,4;26,9
Poggio Moiano;09/07/2022;15,9;31,5
Poggio Moiano;10/07/2022;16,8;32,1
Poggio Moiano;11/07/2022;16,7;32,9
Poggio Moiano;12/07/2022;17,2;33,1
Poggio Moiano;13/07/2022;18,0;33,2
Poggio Moiano;14/07/2022;16,2;33,0
Poggio Moiano;15/07/2022;18,2;36,6
Poggio Moiano;16/07/2022;19,7;36,2
Poggio Moiano;17/07/2022;20,0;37,4
Poggio Moiano;18/07/2022;19,4;38,9
Poggio Moiano;19/07/2022;19,2;36,7
Poggio Moiano;20/07/2022;21,0;35,5
Poggio Moiano;21/07/2022;20,5;37,6
Poggio Moiano;22/07/2022;21,5;38,6
Poggio Moiano;23/07/2022;21,5;37,6
Poggio Moiano;24/07/2022;19,7;37,0
Poggio Moiano;25/07/2022;20,7;37,3
Poggio Moiano;26/07/2022;19,8;36,7
Poggio Moiano;27/07/2022;19,0;34,0
Poggio Moiano;28/07/2022;18,2;33,8
Poggio Moiano;29/07/2022;18,7;35,4
Poggio Moiano;30/07/2022;19,8;34,5
Poggio Moiano;31/07/2022;19,4;36,4
Poggio Perugino;01/07/2022;19,5;36,0
Poggio Perugino;02/07/2022;19,9;34,5
Poggio Perugino;03/07/2022;20,8;35,9
Poggio Perugino;04/07/2022;21,9;35,5
Poggio Perugino;05/07/2022;22,4;36,2
Poggio Perugino;06/07/2022;20,4;34,2
Poggio Perugino;07/07/2022;17,6;33,7
Poggio Perugino;08/07/2022;12,4;22,4
Poggio Perugino;09/07/2022;13,9;28,2
Poggio Perugino;10/07/2022;14,5;28,8
Poggio Perugino;11/07/2022;16,7;30,9
Poggio Perugino;12/07/2022;17,3;28,6
Poggio Perugino;13/07/2022;16,4;29,3
Poggio Perugino;14/07/2022;16,4;34,4
Poggio Perugino;15/07/2022;18,3;34,9
Poggio Perugino;16/07/2022;20,4;35,0
Poggio Perugino;17/07/2022;20,8;36,7
Poggio Perugino;18/07/2022;20,5;34,5
Poggio Perugino;19/07/2022;20,0;33,9
Poggio Perugino;20/07/2022;20,6;36,3
Poggio Perugino;21/07/2022;20,9;34,1
Poggio Perugino;22/07/2022;22,1;36,3
Poggio Perugino;23/07/2022;22,1;36,5
Poggio Perugino;24/07/2022;21,9;36,0
Poggio Perugino;25/07/2022;21,1;34,9
Poggio Perugino;26/07/2022;21,1;35,9
Poggio Perugino;27/07/2022;15,4;34,3
Poggio Perugino;28/07/2022;19,4;36,0
Poggio Perugino;29/07/2022;19,2;33,0
Poggio Perugino;30/07/2022;19,4;32,7
Poggio Perugino;31/07/2022;18,7;32,8
Pomezia;01/07/2022;22,3;31,9
Pomezia;02/07/2022;22,2;34,3
Pomezia;03/07/2022;24,2;35,4
Pomezia;04/07/2022;22,8;34,5
Pomezia;05/07/2022;22,2;32,9
Pomezia;06/07/2022;23,4;33,3
Pomezia;07/07/2022;23,2;32,6
Pomezia;08/07/2022;17,4;31,5
Pomezia;09/07/2022;20,3;33,1
Pomezia;10/07/2022;19,9;29,1
Pomezia;11/07/2022;20,8;30,4
Pomezia;12/07/2022;21,7;31,2
Pomezia;13/07/2022;21,3;29,9
Pomezia;14/07/2022;20,7;30,2
Pomezia;15/07/2022;21,9;32,4
Pomezia;16/07/2022;23,5;32,3
Pomezia;17/07/2022;23,2;33,3
Pomezia;18/07/2022;24,3;35,4
Pomezia;19/07/2022;24,6;33,9
Pomezia;20/07/2022;22,9;32,9
Pomezia;21/07/2022;24,7;33,7
Pomezia;22/07/2022;25,2;33,7
Pomezia;23/07/2022;24,1;33,6
Pomezia;24/07/2022;24,1;32,2
Pomezia;25/07/2022;24,5;34,4
Pomezia;26/07/2022;24,4;32,6
Pomezia;27/07/2022;24,1;31,1
Pomezia;28/07/2022;24,3;31,8
Pomezia;29/07/2022;23,1;32,0
Pomezia;30/07/2022;23,0;32,2
Pomezia;31/07/2022;23,7;32,7
Ponza;01/07/2022;23,3;30,6
Ponza;02/07/2022;25,2;28,3
Ponza;03/07/2022;24,9;30,9
Ponza;04/07/2022;25,2;29,6
Ponza;05/07/2022;25,8;29,7
Ponza;06/07/2022;25,5;30,1
Ponza;07/07/2022;25,1;29,3
Ponza;08/07/2022;21,2;31,0
Ponza;09/07/2022;24,6;28,6
Ponza;10/07/2022;23,9;28,7
Ponza;11/07/2022;23,7;28,6
Ponza;12/07/2022;24,1;27,8
Ponza;13/07/2022;23,9;29,0
Ponza;14/07/2022;23,4;29,2
Ponza;15/07/2022;24,8;28,2
Ponza;16/07/2022;25,0;29,4
Ponza;17/07/2022;25,1;29,4
Ponza;18/07/2022;25,5;31,8
Ponza;19/07/2022;25,2;32,7
Ponza;20/07/2022;25,1;32,1
Ponza;21/07/2022;26,4;29,9
Ponza;22/07/2022;26,7;30,8
Ponza;23/07/2022;27,2;30,6
Ponza;24/07/2022;26,3;31,0
Ponza;25/07/2022;26,1;30,6
Ponza;26/07/2022;26,8;31,3
Ponza;27/07/2022;26,2;31,1
Ponza;28/07/2022;26,8;30,6
Ponza;29/07/2022;26,2;30,1
Ponza;30/07/2022;26,2;30,3
Ponza;31/07/2022;26,2;31,1
Posta;01/07/2022;10,0;32,7
Posta;02/07/2022;8,7;34,2
Posta;03/07/2022;13,5;35,5
Posta;04/07/2022;13,2;35,4
Posta;05/07/2022;12,1;34,6
Posta;06/07/2022;12,0;33,2
Posta;07/07/2022;11,2;30,4
Posta;08/07/2022;12,1;22,5
Posta;09/07/2022;7,9;25,5
Posta;10/07/2022;5,1;27,8
Posta;11/07/2022;7,4;29,1
Posta;12/07/2022;9,9;27,9
Posta;13/07/2022;10,0;28,5
Posta;14/07/2022;6,6;33,1
Posta;15/07/2022;11,8;33,5
Posta;16/07/2022;10,1;33,7
Posta;17/07/2022;11,7;33,7
Posta;18/07/2022;13,7;31,4
Posta;19/07/2022;12,3;32,1
Posta;20/07/2022;9,4;33,7
Posta;21/07/2022;12,5;34,2
Posta;22/07/2022;14,0;35,3
Posta;23/07/2022;13,1;34,3
Posta;24/07/2022;11,4;35,4
Posta;25/07/2022;15,2;34,8
Posta;26/07/2022;13,7;34,0
Posta;27/07/2022;13,9;31,9
Posta;28/07/2022;11,1;32,0
Posta;29/07/2022;16,5;33,0
Posta;30/07/2022;14,3;31,0
Posta;31/07/2022;11,1;31,1
Posticciola;01/07/2022;16,3;34,5
Posticciola;02/07/2022;14,9;36,1
Posticciola;03/07/2022;17,3;37,3
Posticciola;04/07/2022;18,1;36,7
Posticciola;05/07/2022;17,9;35,0
Posticciola;06/07/2022;16,6;35,3
Posticciola;07/07/2022;17,6;34,0
Posticciola;08/07/2022;13,6;27,2
Posticciola;09/07/2022;13,7;30,8
Posticciola;10/07/2022;15,7;30,4
Posticciola;11/07/2022;14,1;31,1
Posticciola;12/07/2022;15,0;30,9
Posticciola;13/07/2022;15,8;31,5
Posticciola;14/07/2022;14,3;32,1
Posticciola;15/07/2022;16,4;35,1
Posticciola;16/07/2022;15,7;35,0
Posticciola;17/07/2022;16,3;36,0
Posticciola;18/07/2022;17,1;34,9
Posticciola;19/07/2022;16,3;35,2
Posticciola;20/07/2022;17,3;33,7
Posticciola;21/07/2022;17,5;35,7
Posticciola;22/07/2022;18,5;37,1
Posticciola;23/07/2022;18,2;36,0
Posticciola;24/07/2022;16,6;35,6
Posticciola;25/07/2022;18,1;35,3
Posticciola;26/07/2022;17,6;34,8
Posticciola;27/07/2022;17,3;33,2
Posticciola;28/07/2022;16,3;33,0
Posticciola;29/07/2022;17,2;33,4
Posticciola;30/07/2022;17,9;31,9
Posticciola;31/07/2022;18,1;34,3
Priverno;01/07/2022;21,0;35,2
Priverno;02/07/2022;20,3;36,9
Priverno;03/07/2022;23,8;37,9
Priverno;04/07/2022;22,6;37,1
Priverno;05/07/2022;21,5;34,8
Priverno;06/07/2022;20,9;35,6
Priverno;07/07/2022;22,9;33,8
Priverno;08/07/2022;18,7;33,8
Priverno;09/07/2022;20,6;32,6
Priverno;10/07/2022;21,5;31,8
Priverno;11/07/2022;20,4;31,6
Priverno;12/07/2022;19,9;33,6
Priverno;13/07/2022;20,1;32,3
Priverno;14/07/2022;20,5;33,2
Priverno;15/07/2022;19,9;34,2
Priverno;16/07/2022;20,8;34,0
Priverno;17/07/2022;21,8;35,7
Priverno;18/07/2022;24,6;37,3
Priverno;19/07/2022;23,4;36,3
Priverno;20/07/2022;23,9;36,0
Priverno;21/07/2022;23,3;35,5
Priverno;22/07/2022;23,5;35,0
Priverno;23/07/2022;23,6;35,6
Priverno;24/07/2022;21,2;35,4
Priverno;25/07/2022;23,5;35,9
Priverno;26/07/2022;21,9;34,8
Priverno;27/07/2022;24,6;34,9
Priverno;28/07/2022;23,6;35,2
Priverno;29/07/2022;22,1;33,9
Priverno;30/07/2022;22,4;34,7
Priverno;31/07/2022;23,7;33,3
Rapido a Cassino;01/07/2022;18,6;35,4
Rapido a Cassino;02/07/2022;18,4;37,5
Rapido a Cassino;03/07/2022;20,6;37,5
Rapido a Cassino;04/07/2022;20,9;36,6
Rapido a Cassino;05/07/2022;21,8;34,1
Rapido a Cassino;06/07/2022;20,6;36,9
Rapido a Cassino;07/07/2022;19,0;33,6
Rapido a Cassino;08/07/2022;17,0;29,9
Rapido a Cassino;09/07/2022;16,7;31,2
Rapido a Cassino;10/07/2022;18,4;32,0
Rapido a Cassino;11/07/2022;16,6;33,2
Rapido a Cassino;12/07/2022;18,2;32,2
Rapido a Cassino;13/07/2022;19,8;32,9
Rapido a Cassino;14/07/2022;17,2;33,5
Rapido a Cassino;15/07/2022;17,4;34,2
Rapido a Cassino;16/07/2022;19,5;35,1
Rapido a Cassino;17/07/2022;21,4;37,0
Rapido a Cassino;18/07/2022;21,6;36,5
Rapido a Cassino;19/07/2022;19,0;37,0
Rapido a Cassino;20/07/2022;19,2;36,6
Rapido a Cassino;21/07/2022;19,0;35,8
Rapido a Cassino;22/07/2022;22,3;35,9
Rapido a Cassino;23/07/2022;22,6;35,4
Rapido a Cassino;24/07/2022;20,6;35,8
Rapido a Cassino;25/07/2022;22,2;35,4
Rapido a Cassino;26/07/2022;23,0;34,6
Rapido a Cassino;27/07/2022;21,0;34,4
Rapido a Cassino;28/07/2022;21,7;35,4
Rapido a Cassino;29/07/2022;20,2;34,3
Rapido a Cassino;30/07/2022;20,1;33,8
Rapido a Cassino;31/07/2022;20,6;34,8
Riano;01/07/2022;20,4;34,3
Riano;02/07/2022;22,0;39,6
Riano;03/07/2022;26,0;38,6
Riano;04/07/2022;26,4;39,2
Riano;05/07/2022;24,7;36,6
Riano;06/07/2022;24,5;36,4
Riano;07/07/2022;22,7;34,1
Riano;08/07/2022;17,2;30,4
Riano;09/07/2022;21,1;33,5
Riano;10/07/2022;20,0;32,1
Riano;11/07/2022;20,2;32,4
Riano;12/07/2022;20,7;31,8
Riano;13/07/2022;21,3;32,3
Riano;14/07/2022;20,9;33,0
Riano;15/07/2022;22,1;36,8
Riano;16/07/2022;21,9;35,1
Riano;17/07/2022;23,6;37,1
Riano;18/07/2022;25,6;36,9
Riano;19/07/2022;23,9;39,2
Riano;20/07/2022;24,2;35,7
Riano;21/07/2022;24,0;37,3
Riano;22/07/2022;24,5;39,1
Riano;23/07/2022;24,9;36,3
Riano;24/07/2022;23,6;36,4
Riano;25/07/2022;23,9;36,8
Riano;26/07/2022;24,6;35,9
Riano;27/07/2022;22,9;32,9
Riano;28/07/2022;22,8;34,2
Riano;29/07/2022;22,6;35,0
Riano;30/07/2022;23,2;33,2
Riano;31/07/2022;23,3;37,1
Rignano Flaminio;01/07/2022;19,2;36,0
Rignano Flaminio;02/07/2022;20,0;38,5
Rignano Flaminio;03/07/2022;23,1;39,3
Rignano Flaminio;04/07/2022;23,8;39,5
Rignano Flaminio;05/07/2022;22,6;37,5
Rignano Flaminio;06/07/2022;22,1;37,9
Rignano Flaminio;07/07/2022;20,9;35,9
Rignano Flaminio;08/07/2022;15,5;27,1
Rignano Flaminio;09/07/2022;17,5;28,6
Rignano Flaminio;10/07/2022;16,4;31,9
Rignano Flaminio;11/07/2022;17,4;33,4
Rignano Flaminio;12/07/2022;18,9;34,3
Rignano Flaminio;13/07/2022;19,1;33,7
Rignano Flaminio;14/07/2022;18,2;35,4
Rignano Flaminio;15/07/2022;20,2;37,5
Rignano Flaminio;16/07/2022;19,5;36,9
Rignano Flaminio;17/07/2022;21,3;38,6
Rignano Flaminio;18/07/2022;22,5;38,0
Rignano Flaminio;19/07/2022;20,8;36,9
Rignano Flaminio;20/07/2022;21,6;37,1
Rignano Flaminio;21/07/2022;21,8;37,3
Rignano Flaminio;22/07/2022;22,1;39,1
Rignano Flaminio;23/07/2022;20,6;38,0
Rignano Flaminio;24/07/2022;20,6;38,2
Rignano Flaminio;25/07/2022;21,9;37,4
Rignano Flaminio;26/07/2022;22,8;37,8
Rignano Flaminio;27/07/2022;21,0;33,8
Rignano Flaminio;28/07/2022;19,5;36,2
Rignano Flaminio;29/07/2022;20,5;36,7
Rignano Flaminio;30/07/2022;21,3;34,2
Rignano Flaminio;31/07/2022;19,7;34,4
Rio Cassano;01/07/2022;17,8;34,7
Rio Cassano;02/07/2022;17,0;35,0
Rio Cassano;03/07/2022;18,8;36,9
Rio Cassano;04/07/2022;20,1;35,8
Rio Cassano;05/07/2022;19,1;34,6
Rio Cassano;06/07/2022;17,8;35,5
Rio Cassano;07/07/2022;20,1;32,8
Rio Cassano;08/07/2022;17,4;33,3
Rio Cassano;09/07/2022;15,3;32,1
Rio Cassano;10/07/2022;16,3;30,9
Rio Cassano;11/07/2022;15,8;31,1
Rio Cassano;12/07/2022;17,6;32,2
Rio Cassano;13/07/2022;18,8;32,5
Rio Cassano;14/07/2022;16,4;32,8
Rio Cassano;15/07/2022;17,6;32,9
Rio Cassano;16/07/2022;18,3;32,8
Rio Cassano;17/07/2022;18,1;34,9
Rio Cassano;18/07/2022;19,4;35,8
Rio Cassano;19/07/2022;20,4;35,7
Rio Cassano;20/07/2022;20,0;36,0
Rio Cassano;21/07/2022;19,5;33,3
Rio Cassano;22/07/2022;22,1;33,6
Rio Cassano;23/07/2022;22,0;35,1
Rio Cassano;24/07/2022;19,2;34,0
Rio Cassano;25/07/2022;20,8;34,3
Rio Cassano;26/07/2022;20,5;34,4
Rio Cassano;27/07/2022;22,7;35,0
Rio Cassano;28/07/2022;21,5;34,2
Rio Cassano;29/07/2022;19,3;32,5
Rio Cassano;30/07/2022;19,4;34,5
Rio Cassano;31/07/2022;20,6;34,0
Ripi;01/07/2022;17,7;36,8
Ripi;02/07/2022;15,8;37,9
Ripi;03/07/2022;18,2;38,6
Ripi;04/07/2022;18,5;38,2
Ripi;05/07/2022;19,3;36,3
Ripi;06/07/2022;18,2;36,8
Ripi;07/07/2022;18,3;34,9
Ripi;08/07/2022;17,4;30,9
Ripi;09/07/2022;16,1;32,3
Ripi;10/07/2022;15,0;31,7
Ripi;11/07/2022;14,8;32,5
Ripi;12/07/2022;16,6;33,2
Ripi;13/07/2022;18,1;33,4
Ripi;14/07/2022;14,9;34,6
Ripi;15/07/2022;15,8;36,8
Ripi;16/07/2022;17,7;36,5
Ripi;17/07/2022;18,0;38,9
Ripi;18/07/2022;19,3;37,4
Ripi;19/07/2022;16,9;36,7
Ripi;20/07/2022;18,2;36,5
Ripi;21/07/2022;18,4;37,0
Ripi;22/07/2022;20,7;37,8
Ripi;23/07/2022;20,1;38,0
Ripi;24/07/2022;16,4;37,5
Ripi;25/07/2022;20,8;37,0
Ripi;26/07/2022;20,4;35,6
Ripi;27/07/2022;20,1;35,5
Ripi;28/07/2022;21,0;35,6
Ripi;29/07/2022;18,7;35,8
Ripi;30/07/2022;20,4;33,8
Ripi;31/07/2022;19,8;34,8
Rivodutri;01/07/2022;18,6;35,2
Rivodutri;02/07/2022;19,2;35,4
Rivodutri;03/07/2022;20,7;35,4
Rivodutri;04/07/2022;20,9;36,3
Rivodutri;05/07/2022;22,3;34,6
Rivodutri;06/07/2022;20,0;34,6
Rivodutri;07/07/2022;15,2;33,1
Rivodutri;08/07/2022;12,9;24,0
Rivodutri;09/07/2022;13,1;28,3
Rivodutri;10/07/2022;12,7;28,9
Rivodutri;11/07/2022;15,5;31,2
Rivodutri;12/07/2022;16,0;28,8
Rivodutri;13/07/2022;15,3;31,2
Rivodutri;14/07/2022;15,4;34,2
Rivodutri;15/07/2022;18,1;35,9
Rivodutri;16/07/2022;20,0;35,6
Rivodutri;17/07/2022;20,9;36,9
Rivodutri;18/07/2022;20,1;34,7
Rivodutri;19/07/2022;18,5;35,3
Rivodutri;20/07/2022;19,0;35,0
Rivodutri;21/07/2022;21,1;35,3
Rivodutri;22/07/2022;20,9;37,0
Rivodutri;23/07/2022;21,8;37,2
Rivodutri;24/07/2022;20,9;36,0
Rivodutri;25/07/2022;20,9;36,2
Rivodutri;26/07/2022;19,8;34,2
Rivodutri;27/07/2022;18,1;34,6
Rivodutri;28/07/2022;19,0;34,7
Rivodutri;29/07/2022;18,6;34,9
Rivodutri;30/07/2022;18,3;32,6
Rivodutri;31/07/2022;18,0;33,6
Rocca Respampani;01/07/2022;12,8;34,3
Rocca Respampani;02/07/2022;14,2;37,8
Rocca Respampani;03/07/2022;18,5;38,9
Rocca Respampani;04/07/2022;19,0;38,6
Rocca Respampani;05/07/2022;17,4;37,0
Rocca Respampani;06/07/2022;16,6;37,2
Rocca Respampani;07/07/2022;16,8;34,6
Rocca Respampani;08/07/2022;17,9;29,2
Rocca Respampani;09/07/2022;18,0;30,7
Rocca Respampani;10/07/2022;18,3;32,5
Rocca Respampani;11/07/2022;14,2;32,4
Rocca Respampani;12/07/2022;17,5;32,4
Rocca Respampani;13/07/2022;16,7;32,7
Rocca Respampani;14/07/2022;16,3;33,8
Rocca Respampani;15/07/2022;17,8;35,9
Rocca Respampani;16/07/2022;17,8;34,0
Rocca Respampani;17/07/2022;14,9;36,0
Rocca Respampani;18/07/2022;18,0;37,8
Rocca Respampani;19/07/2022;20,3;37,7
Rocca Respampani;20/07/2022;17,3;36,7
Rocca Respampani;21/07/2022;19,9;36,5
Rocca Respampani;22/07/2022;19,1;37,8
Rocca Respampani;23/07/2022;20,6;36,2
Rocca Respampani;24/07/2022;18,7;37,2
Rocca Respampani;25/07/2022;18,7;36,8
Rocca Respampani;26/07/2022;19,0;37,0
Rocca Respampani;27/07/2022;19,7;34,6
Rocca Respampani;28/07/2022;20,6;35,7
Rocca Respampani;29/07/2022;17,7;34,7
Rocca Respampani;30/07/2022;19,9;34,4
Rocca Respampani;31/07/2022;21,8;35,7
Rocca Santo Stefano;01/07/2022;17,9;34,3
Rocca Santo Stefano;02/07/2022;16,7;35,3
Rocca Santo Stefano;03/07/2022;19,4;36,3
Rocca Santo Stefano;04/07/2022;20,5;36,6
Rocca Santo Stefano;05/07/2022;20,0;35,3
Rocca Santo Stefano;06/07/2022;17,9;34,9
Rocca Santo Stefano;07/07/2022;17,8;33,4
Rocca Santo Stefano;08/07/2022;13,8;25,2
Rocca Santo Stefano;09/07/2022;14,8;29,0
Rocca Santo Stefano;10/07/2022;14,6;29,8
Rocca Santo Stefano;11/07/2022;15,1;30,9
Rocca Santo Stefano;12/07/2022;15,9;31,4
Rocca Santo Stefano;13/07/2022;17,4;31,0
Rocca Santo Stefano;14/07/2022;15,0;32,0
Rocca Santo Stefano;15/07/2022;17,7;33,7
Rocca Santo Stefano;16/07/2022;18,0;35,2
Rocca Santo Stefano;17/07/2022;19,5;35,9
Rocca Santo Stefano;18/07/2022;18,9;35,6
Rocca Santo Stefano;19/07/2022;18,3;35,4
Rocca Santo Stefano;20/07/2022;18,1;33,7
Rocca Santo Stefano;21/07/2022;18,9;35,1
Rocca Santo Stefano;22/07/2022;19,8;35,6
Rocca Santo Stefano;23/07/2022;19,7;36,1
Rocca Santo Stefano;24/07/2022;18,2;35,0
Rocca Santo Stefano;25/07/2022;18,5;34,6
Rocca Santo Stefano;26/07/2022;18,8;34,5
Rocca Santo Stefano;27/07/2022;20,5;32,5
Rocca Santo Stefano;28/07/2022;17,5;33,8
Rocca Santo Stefano;29/07/2022;16,7;33,9
Rocca Santo Stefano;30/07/2022;18,6;31,4
Rocca Santo Stefano;31/07/2022;17,9;32,6
Rocca di Papa;01/07/2022;20,9;29,3
Rocca di Papa;02/07/2022;21,8;31,3
Rocca di Papa;03/07/2022;25,4;31,6
Rocca di Papa;04/07/2022;25,2;31,6
Rocca di Papa;05/07/2022;24,3;29,1
Rocca di Papa;06/07/2022;22,7;29,1
Rocca di Papa;07/07/2022;21,2;27,4
Rocca di Papa;08/07/2022;14,5;27,2
Rocca di Papa;09/07/2022;17,4;27,2
Rocca di Papa;10/07/2022;16,4;25,2
Rocca di Papa;11/07/2022;18,7;25,4
Rocca di Papa;12/07/2022;18,9;25,8
Rocca di Papa;13/07/2022;19,3;24,5
Rocca di Papa;14/07/2022;19,4;25,9
Rocca di Papa;15/07/2022;21,6;28,6
Rocca di Papa;16/07/2022;22,7;28,8
Rocca di Papa;17/07/2022;22,6;30,6
Rocca di Papa;18/07/2022;24,5;31,8
Rocca di Papa;19/07/2022;24,2;28,7
Rocca di Papa;20/07/2022;23,7;29,6
Rocca di Papa;21/07/2022;24,5;30,6
Rocca di Papa;22/07/2022;23,9;31,2
Rocca di Papa;23/07/2022;23,4;29,8
Rocca di Papa;24/07/2022;22,2;29,0
Rocca di Papa;25/07/2022;23,4;30,1
Rocca di Papa;26/07/2022;22,2;29,3
Rocca di Papa;27/07/2022;21,3;27,9
Rocca di Papa;28/07/2022;20,8;27,6
Rocca di Papa;29/07/2022;19,5;26,7
Rocca di Papa;30/07/2022;20,9;26,9
Rocca di Papa;31/07/2022;21,3;26,8
Roma EUR;01/07/2022;19,3;33,5
Roma EUR;02/07/2022;20,4;36,5
Roma EUR;03/07/2022;23,6;37,6
Roma EUR;04/07/2022;23,7;38,2
Roma EUR;05/07/2022;22,9;36,4
Roma EUR;06/07/2022;22,1;35,9
Roma EUR;07/07/2022;23,3;33,9
Roma EUR;08/07/2022;18,1;32,3
Roma EUR;09/07/2022;21,6;34,7
Roma EUR;10/07/2022;20,8;31,1
Roma EUR;11/07/2022;19,5;32,0
Roma EUR;12/07/2022;21,3;33,0
Roma EUR;13/07/2022;21,4;31,0
Roma EUR;14/07/2022;20,8;31,8
Roma EUR;15/07/2022;22,9;34,2
Roma EUR;16/07/2022;22,6;34,7
Roma EUR;17/07/2022;22,3;36,4
Roma EUR;18/07/2022;23,1;37,7
Roma EUR;19/07/2022;24,9;37,1
Roma EUR;20/07/2022;22,2;34,7
Roma EUR;21/07/2022;24,2;37,6
Roma EUR;22/07/2022;24,8;37,8
Roma EUR;23/07/2022;22,7;35,5
Roma EUR;24/07/2022;23,3;34,6
Roma EUR;25/07/2022;23,5;36,7
Roma EUR;26/07/2022;23,7;33,7
Roma EUR;27/07/2022;24,5;32,2
Roma EUR;28/07/2022;24,2;32,8
Roma EUR;29/07/2022;22,2;35,1
Roma EUR;30/07/2022;23,2;33,5
Roma EUR;31/07/2022;23,7;35,8
Roma Flaminio;01/07/2022;18,5;34,6
Roma Flaminio;02/07/2022;19,6;37,2
Roma Flaminio;03/07/2022;21,7;38,6
Roma Flaminio;04/07/2022;22,9;38,0
Roma Flaminio;05/07/2022;22,3;36,6
Roma Flaminio;06/07/2022;22,4;37,4
Roma Flaminio;07/07/2022;22,4;34,3
Roma Flaminio;08/07/2022;17,7;31,6
Roma Flaminio;09/07/2022;20,9;33,4
Roma Flaminio;10/07/2022;20,4;32,0
Roma Flaminio;11/07/2022;19,4;33,2
Roma Flaminio;12/07/2022;20,6;33,6
Roma Flaminio;13/07/2022;21,3;33,0
Roma Flaminio;14/07/2022;20,8;33,4
Roma Flaminio;15/07/2022;22,0;35,5
Roma Flaminio;16/07/2022;21,9;35,4
Roma Flaminio;17/07/2022;21,6;37,0
Roma Flaminio;18/07/2022;21,8;38,3
Roma Flaminio;19/07/2022;22,9;36,8
Roma Flaminio;20/07/2022;23,1;35,9
Roma Flaminio;21/07/2022;23,1;37,2
Roma Flaminio;22/07/2022;24,7;38,0
Roma Flaminio;23/07/2022;24,9;36,4
Roma Flaminio;24/07/2022;23,3;36,0
Roma Flaminio;25/07/2022;23,5;36,2
Roma Flaminio;26/07/2022;23,5;35,4
Roma Flaminio;27/07/2022;23,9;33,5
Roma Flaminio;28/07/2022;22,4;34,5
Roma Flaminio;29/07/2022;22,3;35,0
Roma Flaminio;30/07/2022;23,2;34,9
Roma Flaminio;31/07/2022;23,2;36,1
Roma Macao;01/07/2022;21,9;34,5
Roma Macao;02/07/2022;21,2;37,6
Roma Macao;03/07/2022;25,5;39,7
Roma Macao;04/07/2022;25,7;38,9
Roma Macao;05/07/2022;24,8;36,9
Roma Macao;06/07/2022;23,8;36,4
Roma Macao;07/07/2022;23,7;34,7
Roma Macao;08/07/2022;17,7;30,8
Roma Macao;09/07/2022;20,5;32,4
Roma Macao;10/07/2022;20,4;33,1
Roma Macao;11/07/2022;21,5;33,0
Roma Macao;12/07/2022;21,4;33,8
Roma Macao;13/07/2022;22,6;32,9
Roma Macao;14/07/2022;22,4;33,2
Roma Macao;15/07/2022;22,6;35,4
Roma Macao;16/07/2022;23,0;35,1
Roma Macao;17/07/2022;23,0;37,1
Roma Macao;18/07/2022;24,2;37,9
Roma Macao;19/07/2022;24,5;37,1
Roma Macao;20/07/2022;24,2;35,7
Roma Macao;21/07/2022;24,1;37,1
Roma Macao;22/07/2022;25,5;38,4
Roma Macao;23/07/2022;25,5;36,3
Roma Macao;24/07/2022;24,5;36,0
Roma Macao;25/07/2022;24,6;36,1
Roma Macao;26/07/2022;25,0;35,8
Roma Macao;27/07/2022;25,3;33,2
Roma Macao;28/07/2022;23,1;34,6
Roma Macao;29/07/2022;23,7;35,0
Roma Macao;30/07/2022;24,3;33,7
Roma Macao;31/07/2022;23,8;36,6
Roma Monte Mario;01/07/2022;20,3;33,3
Roma Monte Mario;02/07/2022;21,0;35,5
Roma Monte Mario;03/07/2022;24,2;38,3
Roma Monte Mario;04/07/2022;24,6;36,2
Roma Monte Mario;05/07/2022;23,3;35,5
Roma Monte Mario;06/07/2022;22,9;35,3
Roma Monte Mario;07/07/2022;23,7;33,0
Roma Monte Mario;08/07/2022;17,3;30,6
Roma Monte Mario;09/07/2022;19,9;32,0
Roma Monte Mario;10/07/2022;20,0;30,4
Roma Monte Mario;11/07/2022;20,2;31,2
Roma Monte Mario;12/07/2022;20,6;32,2
Roma Monte Mario;13/07/2022;21,7;31,2
Roma Monte Mario;14/07/2022;21,6;31,8
Roma Monte Mario;15/07/2022;21,7;33,6
Roma Monte Mario;16/07/2022;22,0;33,5
Roma Monte Mario;17/07/2022;22,2;34,9
Roma Monte Mario;18/07/2022;23,5;36,5
Roma Monte Mario;19/07/2022;22,8;36,0
Roma Monte Mario;20/07/2022;23,1;34,4
Roma Monte Mario;21/07/2022;23,3;35,4
Roma Monte Mario;22/07/2022;24,5;35,8
Roma Monte Mario;23/07/2022;24,5;34,6
Roma Monte Mario;24/07/2022;23,3;35,0
Roma Monte Mario;25/07/2022;23,5;34,4
Roma Monte Mario;26/07/2022;23,8;35,3
Roma Monte Mario;27/07/2022;23,6;32,4
Roma Monte Mario;28/07/2022;22,7;34,0
Roma Monte Mario;29/07/2022;22,5;33,7
Roma Monte Mario;30/07/2022;23,5;33,2
Roma Monte Mario;31/07/2022;23,2;34,4
Roma Sud;01/07/2022;14,4;31,3
Roma Sud;02/07/2022;14,5;32,8
Roma Sud;03/07/2022;16,7;33,8
Roma Sud;04/07/2022;18,5;33,2
Roma Sud;05/07/2022;18,4;32,1
Roma Sud;06/07/2022;15,8;32,1
Roma Sud;07/07/2022;19,8;32,4
Roma Sud;08/07/2022;15,4;29,6
Roma Sud;09/07/2022;17,7;31,6
Roma Sud;10/07/2022;17,6;27,9
Roma Sud;11/07/2022;15,7;28,3
Roma Sud;12/07/2022;16,8;28,8
Roma Sud;13/07/2022;17,7;28,6
Roma Sud;14/07/2022;17,3;30,5
Roma Sud;15/07/2022;18,0;30,3
Roma Sud;16/07/2022;18,0;30,4
Roma Sud;17/07/2022;17,2;32,9
Roma Sud;18/07/2022;17,2;33,4
Roma Sud;19/07/2022;19,0;33,0
Roma Sud;20/07/2022;18,6;31,9
Roma Sud;21/07/2022;19,2;32,7
Roma Sud;22/07/2022;20,2;33,3
Roma Sud;23/07/2022;19,7;32,0
Roma Sud;24/07/2022;19,3;30,9
Roma Sud;25/07/2022;19,3;32,4
Roma Sud;26/07/2022;19,3;31,7
Roma Sud;27/07/2022;20,5;30,0
Roma Sud;28/07/2022;19,4;30,7
Roma Sud;29/07/2022;18,4;30,1
Roma Sud;30/07/2022;19,0;30,2
Roma Sud;31/07/2022;18,8;32,5
Ronciglione rlazio;01/07/2022;20,7;34,6
Ronciglione rlazio;02/07/2022;20,4;37,8
Ronciglione rlazio;03/07/2022;24,1;38,5
Ronciglione rlazio;04/07/2022;24,4;39,3
Ronciglione rlazio;05/07/2022;24,0;37,2
Ronciglione rlazio;06/07/2022;22,6;37,8
Ronciglione rlazio;07/07/2022;20,0;34,8
Ronciglione rlazio;08/07/2022;17,0;28,0
Ronciglione rlazio;09/07/2022;18,8;29,9
Ronciglione rlazio;10/07/2022;18,7;32,1
Ronciglione rlazio;11/07/2022;19,0;33,2
Ronciglione rlazio;12/07/2022;18,9;33,7
Ronciglione rlazio;13/07/2022;20,1;33,9
Ronciglione rlazio;14/07/2022;19,5;34,8
Ronciglione rlazio;15/07/2022;21,2;37,0
Ronciglione rlazio;16/07/2022;20,3;36,3
Ronciglione rlazio;17/07/2022;21,6;37,5
Ronciglione rlazio;18/07/2022;23,3;38,0
Ronciglione rlazio;19/07/2022;23,1;37,6
Ronciglione rlazio;20/07/2022;22,4;36,2
Ronciglione rlazio;21/07/2022;21,6;38,2
Ronciglione rlazio;22/07/2022;23,4;38,5
Ronciglione rlazio;23/07/2022;22,1;38,2
Ronciglione rlazio;24/07/2022;22,4;38,1
Ronciglione rlazio;25/07/2022;22,5;37,3
Ronciglione rlazio;26/07/2022;23,0;37,1
Ronciglione rlazio;27/07/2022;22,5;33,2
Ronciglione rlazio;28/07/2022;21,6;34,6
Ronciglione rlazio;29/07/2022;20,7;36,5
Ronciglione rlazio;30/07/2022;20,8;33,3
Ronciglione rlazio;31/07/2022;22,5;35,6
S.Apollinare Rlazio;01/07/2022;15,9;35,7
S.Apollinare Rlazio;02/07/2022;15,6;37,7
S.Apollinare Rlazio;03/07/2022;17,3;37,5
S.Apollinare Rlazio;04/07/2022;17,9;36,4
S.Apollinare Rlazio;05/07/2022;19,2;34
S.Apollinare Rlazio;06/07/2022;18,2;37,7
S.Apollinare Rlazio;07/07/2022;17,8;34,7
S.Apollinare Rlazio;08/07/2022;16,6;31,1
S.Apollinare Rlazio;09/07/2022;14,3;32,4
S.Apollinare Rlazio;10/07/2022;16,6;32,8
S.Apollinare Rlazio;11/07/2022;13,1;33,7
S.Apollinare Rlazio;12/07/2022;15,9;32,7
S.Apollinare Rlazio;13/07/2022;18,2;34,4
S.Apollinare Rlazio;14/07/2022;13,7;34,9
S.Apollinare Rlazio;15/07/2022;14,8;35,3
S.Apollinare Rlazio;16/07/2022;16,7;34,3
S.Apollinare Rlazio;17/07/2022;18,9;37,5
S.Apollinare Rlazio;18/07/2022;18,7;39
S.Apollinare Rlazio;19/07/2022;16,9;38,6
S.Apollinare Rlazio;20/07/2022;15,9;37,6
S.Apollinare Rlazio;21/07/2022;16,2;36,4
S.Apollinare Rlazio;22/07/2022;20,3;36,1
S.Apollinare Rlazio;23/07/2022;21,1;34,8
S.Apollinare Rlazio;24/07/2022;19,2;36,1
S.Apollinare Rlazio;25/07/2022;20,4;35,8
S.Apollinare Rlazio;26/07/2022;21;35,1
S.Apollinare Rlazio;27/07/2022;18,9;35
S.Apollinare Rlazio;28/07/2022;20,3;37,1
S.Apollinare Rlazio;29/07/2022;18,1;34,8
S.Apollinare Rlazio;30/07/2022;17,5;34,5
S.Apollinare Rlazio;31/07/2022;19,4;37,1
S.Cosimato-Mandela;01/07/2022;15;33,8
S.Cosimato-Mandela;02/07/2022;13,3;34,9
S.Cosimato-Mandela;03/07/2022;15,9;36,2
S.Cosimato-Mandela;04/07/2022;16,6;36,4
S.Cosimato-Mandela;05/07/2022;16,5;34,6
S.Cosimato-Mandela;06/07/2022;14,7;34,5
S.Cosimato-Mandela;07/07/2022;16,7;32,6
S.Cosimato-Mandela;08/07/2022;15,4;28
S.Cosimato-Mandela;09/07/2022;14,5;29,9
S.Cosimato-Mandela;10/07/2022;12,5;29,7
S.Cosimato-Mandela;11/07/2022;13,6;30,8
S.Cosimato-Mandela;12/07/2022;13,8;30,7
S.Cosimato-Mandela;13/07/2022;16,2;30,7
S.Cosimato-Mandela;14/07/2022;13,5;31,6
S.Cosimato-Mandela;15/07/2022;15,4;34,4
S.Cosimato-Mandela;16/07/2022;14;34
S.Cosimato-Mandela;17/07/2022;15,2;35,6
S.Cosimato-Mandela;18/07/2022;16,5;35,6
S.Cosimato-Mandela;19/07/2022;16,2;34,4
S.Cosimato-Mandela;20/07/2022;16,3;33,9
S.Cosimato-Mandela;21/07/2022;16,6;35,4
S.Cosimato-Mandela;22/07/2022;17,4;36,7
S.Cosimato-Mandela;23/07/2022;16,9;35,4
S.Cosimato-Mandela;24/07/2022;15,3;35
S.Cosimato-Mandela;25/07/2022;16,8;35,3
S.Cosimato-Mandela;26/07/2022;16,5;34,1
S.Cosimato-Mandela;27/07/2022;18,8;33
S.Cosimato-Mandela;28/07/2022;17;32,8
S.Cosimato-Mandela;29/07/2022;16,6;33,1
S.Cosimato-Mandela;30/07/2022;17,7;31,5
S.Cosimato-Mandela;31/07/2022;17,5;32,1
S.Vito Romano;01/07/2022;20,1;34,2
S.Vito Romano;02/07/2022;19,9;35,2
S.Vito Romano;03/07/2022;22,2;35,8
S.Vito Romano;04/07/2022;22,5;34,6
S.Vito Romano;05/07/2022;21,5;34,2
S.Vito Romano;06/07/2022;21,1;34
S.Vito Romano;07/07/2022;19;32
S.Vito Romano;08/07/2022;13,8;25,2
S.Vito Romano;09/07/2022;16;28
S.Vito Romano;10/07/2022;15,1;29
S.Vito Romano;11/07/2022;16,2;29,7
S.Vito Romano;12/07/2022;18,5;29
S.Vito Romano;13/07/2022;17,3;29,6
S.Vito Romano;14/07/2022;16,5;31,6
S.Vito Romano;15/07/2022;19,4;33,7
S.Vito Romano;16/07/2022;21,3;33,5
S.Vito Romano;17/07/2022;22,1;36,3
S.Vito Romano;18/07/2022;21;35
S.Vito Romano;19/07/2022;20,8;33,7
S.Vito Romano;20/07/2022;20,9;33,5
S.Vito Romano;21/07/2022;21,3;34,5
S.Vito Romano;22/07/2022;22,8;34,9
S.Vito Romano;23/07/2022;22,2;35,3
S.Vito Romano;24/07/2022;20,6;35
S.Vito Romano;25/07/2022;21;34,6
S.Vito Romano;26/07/2022;20,1;33
S.Vito Romano;27/07/2022;19,6;32,6
S.Vito Romano;28/07/2022;20;32,9
S.Vito Romano;29/07/2022;18,2;33,3
S.Vito Romano;30/07/2022;19,4;32,1
S.Vito Romano;31/07/2022;18,9;31,5
SS.Cosma e Damiano;01/07/2022;17,7;33,8
SS.Cosma e Damiano;02/07/2022;18,1;35,2
SS.Cosma e Damiano;03/07/2022;19,8;34,9
SS.Cosma e Damiano;04/07/2022;21,1;33,1
SS.Cosma e Damiano;05/07/2022;21,6;32
SS.Cosma e Damiano;06/07/2022;19,8;33,8
SS.Cosma e Damiano;07/07/2022;20,4;31,8
SS.Cosma e Damiano;08/07/2022;16,9;30,8
SS.Cosma e Damiano;09/07/2022;16,3;30,9
SS.Cosma e Damiano;10/07/2022;18,5;32,4
SS.Cosma e Damiano;11/07/2022;15,8;30,3
SS.Cosma e Damiano;12/07/2022;18,1;32,3
SS.Cosma e Damiano;13/07/2022;19,7;33,4
SS.Cosma e Damiano;14/07/2022;16,7;31,4
SS.Cosma e Damiano;15/07/2022;17,8;31,7
SS.Cosma e Damiano;16/07/2022;20,5;31,9
SS.Cosma e Damiano;17/07/2022;21,2;34,2
SS.Cosma e Damiano;18/07/2022;21,3;37,4
SS.Cosma e Damiano;19/07/2022;19,2;36,1
SS.Cosma e Damiano;20/07/2022;19;34,5
SS.Cosma e Damiano;21/07/2022;18,5;32,7
SS.Cosma e Damiano;22/07/2022;21,8;32,7
SS.Cosma e Damiano;23/07/2022;22,8;33,2
SS.Cosma e Damiano;24/07/2022;20,9;33,5
SS.Cosma e Damiano;25/07/2022;22,6;32,8
SS.Cosma e Damiano;26/07/2022;23;32,8
SS.Cosma e Damiano;27/07/2022;22,7;32,9
SS.Cosma e Damiano;28/07/2022;21,7;33,4
SS.Cosma e Damiano;29/07/2022;20,5;31,9
SS.Cosma e Damiano;30/07/2022;19,9;32,5
SS.Cosma e Damiano;31/07/2022;21,3;36,4
Sabaudia;01/07/2022;21,5;33,6
Sabaudia;02/07/2022;22,3;31,3
Sabaudia;03/07/2022;22,5;34,2
Sabaudia;04/07/2022;23,6;32,4
Sabaudia;05/07/2022;23,4;33,1
Sabaudia;06/07/2022;22,5;33,4
Sabaudia;07/07/2022;24;31,6
Sabaudia;08/07/2022;17,2;33,1
Sabaudia;09/07/2022;20,5;31
Sabaudia;10/07/2022;21;30,1
Sabaudia;11/07/2022;20,3;30
Sabaudia;12/07/2022;20,9;30,3
Sabaudia;13/07/2022;22,3;31,6
Sabaudia;14/07/2022;20,7;31,5
Sabaudia;15/07/2022;22,1;30,4
Sabaudia;16/07/2022;23,2;30,9
Sabaudia;17/07/2022;22,2;31,3
Sabaudia;18/07/2022;23,2;33,2
Sabaudia;19/07/2022;24,2;34,1
Sabaudia;20/07/2022;23,9;33,7
Sabaudia;21/07/2022;23,8;31,7
Sabaudia;22/07/2022;25;32,9
Sabaudia;23/07/2022;25,5;32,1
Sabaudia;24/07/2022;23,3;32,4
Sabaudia;25/07/2022;24,1;32,4
Sabaudia;26/07/2022;24,8;33,4
Sabaudia;27/07/2022;25,3;33,2
Sabaudia;28/07/2022;24,6;32,7
Sabaudia;29/07/2022;22,8;32
Sabaudia;30/07/2022;23,2;32,9
Sabaudia;31/07/2022;24,4;32,6
Sacco a Colleferro;01/07/2022;15,1;34,7
Sacco a Colleferro;02/07/2022;12,3;36,8
Sacco a Colleferro;03/07/2022;15,4;37,1
Sacco a Colleferro;04/07/2022;16,3;37,9
Sacco a Colleferro;05/07/2022;16,2;35,3
Sacco a Colleferro;06/07/2022;14,6;35
Sacco a Colleferro;07/07/2022;17,1;33,4
Sacco a Colleferro;08/07/2022;15,4;30,4
Sacco a Colleferro;09/07/2022;13,5;31,8
Sacco a Colleferro;10/07/2022;13,4;31,2
Sacco a Colleferro;11/07/2022;13,9;31,9
Sacco a Colleferro;12/07/2022;14,8;32,8
Sacco a Colleferro;13/07/2022;17,1;31,9
Sacco a Colleferro;14/07/2022;12,9;32,8
Sacco a Colleferro;15/07/2022;15,3;34,6
Sacco a Colleferro;16/07/2022;14,1;35,3
Sacco a Colleferro;17/07/2022;15,3;37
Sacco a Colleferro;18/07/2022;16,9;36,9
Sacco a Colleferro;19/07/2022;15,9;35,3
Sacco a Colleferro;20/07/2022;16,9;34,9
Sacco a Colleferro;21/07/2022;16,3;36,7
Sacco a Colleferro;22/07/2022;18;36,7
Sacco a Colleferro;23/07/2022;16,9;37,2
Sacco a Colleferro;24/07/2022;14,3;36
Sacco a Colleferro;25/07/2022;17,1;36,2
Sacco a Colleferro;26/07/2022;17,3;35,1
Sacco a Colleferro;27/07/2022;19,9;33,7
Sacco a Colleferro;28/07/2022;19,3;33,9
Sacco a Colleferro;29/07/2022;17;34,1
Sacco a Colleferro;30/07/2022;18,7;33,5
Sacco a Colleferro;31/07/2022;17,8;33
Salisano;01/07/2022;20,6;33,8
Salisano;02/07/2022;21,3;36,8
Salisano;03/07/2022;24,3;37,6
Salisano;04/07/2022;24,8;38,5
Salisano;05/07/2022;24,1;36,8
Salisano;06/07/2022;22,5;37,3
Salisano;07/07/2022;21,6;34,5
Salisano;08/07/2022;15,3;28,4
Salisano;09/07/2022;17,3;32,9
Salisano;10/07/2022;18,9;32,3
Salisano;11/07/2022;18,2;31,8
Salisano;12/07/2022;19;32,2
Salisano;13/07/2022;20,6;32,4
Salisano;14/07/2022;19,3;32,6
Salisano;15/07/2022;20,3;36,6
Salisano;16/07/2022;21,5;35,4
Salisano;17/07/2022;22,6;37,4
Salisano;18/07/2022;19,8;36,7
Salisano;19/07/2022;23,5;35,1
Salisano;20/07/2022;23,1;35,2
Salisano;21/07/2022;22,9;36
Salisano;22/07/2022;23,3;38,2
Salisano;23/07/2022;23,4;36,3
Salisano;24/07/2022;22,2;36,6
Salisano;25/07/2022;21,8;37,1
Salisano;26/07/2022;22,2;35,3
Salisano;27/07/2022;17,7;32,9
Salisano;28/07/2022;20,6;32,9
Salisano;29/07/2022;19,5;34,6
Salisano;30/07/2022;20,6;33
Salisano;31/07/2022;21,2;33,4
Salone;01/07/2022;12,2;36,4
Salone;02/07/2022;11,7;38,6
Salone;03/07/2022;15,4;39,4
Salone;04/07/2022;16,9;39,7
Salone;05/07/2022;16,1;37,1
Salone;06/07/2022;14,3;38
Salone;07/07/2022;17,7;35,6
Salone;08/07/2022;15,1;31,4
Salone;09/07/2022;13,2;33,2
Salone;10/07/2022;13,4;32,2
Salone;11/07/2022;14,1;34,2
Salone;12/07/2022;15,6;34
Salone;13/07/2022;16,4;33,4
Salone;14/07/2022;13,8;33,8
Salone;15/07/2022;16,2;36,9
Salone;16/07/2022;14,7;36,6
Salone;17/07/2022;14,9;38
Salone;18/07/2022;16,2;38
Salone;19/07/2022;17,9;37,6
Salone;20/07/2022;16,2;36,3
Salone;21/07/2022;17,2;37,5
Salone;22/07/2022;18,8;38,7
Salone;23/07/2022;18;37,6
Salone;24/07/2022;16,6;37
Salone;25/07/2022;17,5;37,6
Salone;26/07/2022;18,1;36,2
Salone;27/07/2022;20,5;34,8
Salone;28/07/2022;17,9;36,2
Salone;29/07/2022;16;35,8
Salone;30/07/2022;18,4;35,3
Salone;31/07/2022;18,7;37,1
Sambuci;01/07/2022;19,8;32,4
Sambuci;02/07/2022;20,1;34,1
Sambuci;03/07/2022;22,7;35
Sambuci;04/07/2022;22,7;35,2
Sambuci;05/07/2022;22,5;33,4
Sambuci;06/07/2022;20,7;33,3
Sambuci;07/07/2022;18,7;31
Sambuci;08/07/2022;13,3;25,7
Sambuci;09/07/2022;16,3;28,9
Sambuci;10/07/2022;15,1;28,6
Sambuci;11/07/2022;16,9;29,5
Sambuci;12/07/2022;18,1;29,8
Sambuci;13/07/2022;18,2;28,7
Sambuci;14/07/2022;16,7;30,1
Sambuci;15/07/2022;18,6;32,5
Sambuci;16/07/2022;20,8;32,5
Sambuci;17/07/2022;21,2;34
Sambuci;18/07/2022;20,5;34,5
Sambuci;19/07/2022;20,6;33,5
Sambuci;20/07/2022;20,7;32,2
Sambuci;21/07/2022;21,4;33,8
Sambuci;22/07/2022;22,2;35,4
Sambuci;23/07/2022;22,7;33,7
Sambuci;24/07/2022;21;33,7
Sambuci;25/07/2022;21,3;33,8
Sambuci;26/07/2022;21,1;33,1
Sambuci;27/07/2022;20,7;31,4
Sambuci;28/07/2022;19,8;31,5
Sambuci;29/07/2022;18,2;31,8
Sambuci;30/07/2022;19,2;30,8
Sambuci;31/07/2022;19,4;30,5
San Biagio Saracinisco;01/07/2022;18,5;30,2
San Biagio Saracinisco;02/07/2022;18,1;32,3
San Biagio Saracinisco;03/07/2022;18,7;31,6
San Biagio Saracinisco;04/07/2022;19,5;31,2
San Biagio Saracinisco;05/07/2022;19,3;29,3
San Biagio Saracinisco;06/07/2022;17,8;30,2
San Biagio Saracinisco;07/07/2022;14,5;27,2
San Biagio Saracinisco;08/07/2022;11,6;22,7
San Biagio Saracinisco;09/07/2022;12,8;24
San Biagio Saracinisco;10/07/2022;11,8;23,8
San Biagio Saracinisco;11/07/2022;13,2;24,7
San Biagio Saracinisco;12/07/2022;15,1;24,7
San Biagio Saracinisco;13/07/2022;13,1;24,8
San Biagio Saracinisco;14/07/2022;13,1;27,7
San Biagio Saracinisco;15/07/2022;15,9;28,4
San Biagio Saracinisco;16/07/2022;18,5;28,8
San Biagio Saracinisco;17/07/2022;19,3;31,5
San Biagio Saracinisco;18/07/2022;17,7;29,6
San Biagio Saracinisco;19/07/2022;16,7;29,9
San Biagio Saracinisco;20/07/2022;16,9;30,8
San Biagio Saracinisco;21/07/2022;19,7;30,7
San Biagio Saracinisco;22/07/2022;20,2;30
San Biagio Saracinisco;23/07/2022;19,4;30,1
San Biagio Saracinisco;24/07/2022;19,7;30
San Biagio Saracinisco;25/07/2022;19,6;29,5
San Biagio Saracinisco;26/07/2022;17,9;28,3
San Biagio Saracinisco;27/07/2022;17,4;27,5
San Biagio Saracinisco;28/07/2022;17;29,7
San Biagio Saracinisco;29/07/2022;16,2;29,6
San Biagio Saracinisco;30/07/2022;16,8;27
San Biagio Saracinisco;31/07/2022;15,5;27,8
San Marino;01/07/2022;18,6;36,9
San Marino;02/07/2022;17,2;38,2
San Marino;03/07/2022;20;39,3
San Marino;04/07/2022;20,4;38,6
San Marino;05/07/2022;19,4;36,7
San Marino;06/07/2022;19,3;37,4
San Marino;07/07/2022;18,6;35,3
San Marino;08/07/2022;15,4;32,9
San Marino;09/07/2022;17,5;33,9
San Marino;10/07/2022;15,6;32,3
San Marino;11/07/2022;16,2;33
San Marino;12/07/2022;18,1;33,7
San Marino;13/07/2022;18,2;34,2
San Marino;14/07/2022;16,9;34,6
San Marino;15/07/2022;17,6;37
San Marino;16/07/2022;18,2;37,4
San Marino;17/07/2022;18,8;38,5
San Marino;18/07/2022;20,2;37,8
San Marino;19/07/2022;18,7;36,9
San Marino;20/07/2022;20,7;36,8
San Marino;21/07/2022;19,4;37,7
San Marino;22/07/2022;20,1;39
San Marino;23/07/2022;20,2;39,1
San Marino;24/07/2022;19;38,5
San Marino;25/07/2022;19,6;39,1
San Marino;26/07/2022;20;37,9
San Marino;27/07/2022;20,8;36,7
San Marino;28/07/2022;21,7;35,9
San Marino;29/07/2022;20,4;35,8
San Marino;30/07/2022;21,4;35,6
San Marino;31/07/2022;19,2;36,1
Santa Severa;01/07/2022;17,7;32,3
Santa Severa;02/07/2022;18,8;33,9
Santa Severa;03/07/2022;21,6;33,4
Santa Severa;04/07/2022;22,1;31,5
Santa Severa;05/07/2022;21,1;31,6
Santa Severa;06/07/2022;20,6;31,4
Santa Severa;07/07/2022;23,1;30,5
Santa Severa;08/07/2022;19,1;32,1
Santa Severa;09/07/2022;22,7;34,3
Santa Severa;10/07/2022;20,1;29,6
Santa Severa;11/07/2022;18,1;29,1
Santa Severa;12/07/2022;17,7;28,8
Santa Severa;13/07/2022;20,2;29,7
Santa Severa;14/07/2022;19,9;29,2
Santa Severa;15/07/2022;20,5;29,9
Santa Severa;16/07/2022;20,1;31,1
Santa Severa;17/07/2022;20,2;31,1
Santa Severa;18/07/2022;21,1;31,5
Santa Severa;19/07/2022;21,6;31,8
Santa Severa;20/07/2022;21,7;31,4
Santa Severa;21/07/2022;21,1;32,2
Santa Severa;22/07/2022;23,5;32,7
Santa Severa;23/07/2022;21,5;32
Santa Severa;24/07/2022;22,7;31,8
Santa Severa;25/07/2022;22,4;32,7
Santa Severa;26/07/2022;22,7;32,6
Santa Severa;27/07/2022;25,2;32,2
Santa Severa;28/07/2022;23,1;30,9
Santa Severa;29/07/2022;22,7;31,6
Santa Severa;30/07/2022;23,9;31,9
Santa Severa;31/07/2022;23,4;33,5
Sasso Furbara;01/07/2022;21,8;33,1
Sasso Furbara;02/07/2022;21,6;37,8
Sasso Furbara;03/07/2022;25,8;36,5
Sasso Furbara;04/07/2022;25,3;38,3
Sasso Furbara;05/07/2022;24,1;36,4
Sasso Furbara;06/07/2022;23,1;35,5
Sasso Furbara;07/07/2022;21,7;33,1
Sasso Furbara;08/07/2022;17,6;29,9
Sasso Furbara;09/07/2022;19,5;32,1
Sasso Furbara;10/07/2022;18,3;30
Sasso Furbara;11/07/2022;19,3;31,1
Sasso Furbara;12/07/2022;20,4;32,9
Sasso Furbara;13/07/2022;21,6;31,5
Sasso Furbara;14/07/2022;20,6;32,3
Sasso Furbara;15/07/2022;21,5;36,7
Sasso Furbara;16/07/2022;22,5;35
Sasso Furbara;17/07/2022;23;36,4
Sasso Furbara;18/07/2022;25,1;36,3
Sasso Furbara;19/07/2022;22,7;35,2
Sasso Furbara;20/07/2022;22,4;33,8
Sasso Furbara;21/07/2022;22,5;37,3
Sasso Furbara;22/07/2022;23,6;36,9
Sasso Furbara;23/07/2022;23,1;35
Sasso Furbara;24/07/2022;22,5;33,6
Sasso Furbara;25/07/2022;23,7;36,3
Sasso Furbara;26/07/2022;23,1;33,5
Sasso Furbara;27/07/2022;24,2;33,1
Sasso Furbara;28/07/2022;22;32,3
Sasso Furbara;29/07/2022;21;33
Sasso Furbara;30/07/2022;22,3;33,8
Sasso Furbara;31/07/2022;23,3;35,9
Settefrati;01/07/2022;19,3;35,4
Settefrati;02/07/2022;19,3;34,6
Settefrati;03/07/2022;21,2;35,6
Settefrati;04/07/2022;21,7;35,2
Settefrati;05/07/2022;21,4;34,3
Settefrati;06/07/2022;19,3;33,9
Settefrati;07/07/2022;13,7;31,7
Settefrati;08/07/2022;13,6;25
Settefrati;09/07/2022;15,1;28,3
Settefrati;10/07/2022;13,5;27,9
Settefrati;11/07/2022;15,4;27,7
Settefrati;12/07/2022;16,6;29,8
Settefrati;13/07/2022;16,5;29,6
Settefrati;14/07/2022;15,8;31,5
Settefrati;15/07/2022;17,8;32,8
Settefrati;16/07/2022;19,6;33,4
Settefrati;17/07/2022;20,5;34,5
Settefrati;18/07/2022;20,5;33,7
Settefrati;19/07/2022;19,5;32,5
Settefrati;20/07/2022;19,7;33,6
Settefrati;21/07/2022;20,2;34,1
Settefrati;22/07/2022;21;34,7
Settefrati;23/07/2022;21,3;34,3
Settefrati;24/07/2022;20,1;34,3
Settefrati;25/07/2022;20,3;34,2
Settefrati;26/07/2022;18,2;32,8
Settefrati;27/07/2022;18,4;32,1
Settefrati;28/07/2022;18,5;32,9
Settefrati;29/07/2022;18,1;32,5
Settefrati;30/07/2022;18,5;32
Settefrati;31/07/2022;18,2;31,1
Sgurgola;01/07/2022;15,2;38
Sgurgola;02/07/2022;12,6;39
Sgurgola;03/07/2022;15;39,7
Sgurgola;04/07/2022;15,8;39,4
Sgurgola;05/07/2022;16,5;37,4
Sgurgola;06/07/2022;14,7;38
Sgurgola;07/07/2022;16,5;35,9
Sgurgola;08/07/2022;15,5;32,8
Sgurgola;09/07/2022;12,7;33,8
Sgurgola;10/07/2022;14,2;33
Sgurgola;11/07/2022;12,7;33,5
Sgurgola;12/07/2022;14,1;34,2
Sgurgola;13/07/2022;16,9;34,4
Sgurgola;14/07/2022;13;35,3
Sgurgola;15/07/2022;14,3;37,4
Sgurgola;16/07/2022;14,3;37,1
Sgurgola;17/07/2022;15,3;39,2
Sgurgola;18/07/2022;16,6;39,1
Sgurgola;19/07/2022;15,5;37,3
Sgurgola;20/07/2022;16,6;37,6
Sgurgola;21/07/2022;16,4;38
Sgurgola;22/07/2022;17,4;38,8
Sgurgola;23/07/2022;16,8;39
Sgurgola;24/07/2022;14;38,8
Sgurgola;25/07/2022;16,8;39,1
Sgurgola;26/07/2022;17,1;38,2
Sgurgola;27/07/2022;20,1;37,4
Sgurgola;28/07/2022;19,7;36,5
Sgurgola;29/07/2022;17;37,5
Sgurgola;30/07/2022;18,4;35,9
Sgurgola;31/07/2022;18,3;35,4
Sora;01/07/2022;19,1;35,8
Sora;02/07/2022;18,6;36,2
Sora;03/07/2022;20,3;37,8
Sora;04/07/2022;20,5;37,6
Sora;05/07/2022;20,7;36,1
Sora;06/07/2022;18,8;36,2
Sora;07/07/2022;17,1;33,5
Sora;08/07/2022;16,7;27,5
Sora;09/07/2022;19,9;29,7
Sora;10/07/2022;18,2;30,7
Sora;11/07/2022;15,1;31,3
Sora;12/07/2022;16,6;32,1
Sora;13/07/2022;18,1;31,5
Sora;14/07/2022;17,1;33
Sora;15/07/2022;16,7;34,8
Sora;16/07/2022;18,9;35,8
Sora;17/07/2022;19,7;37,7
Sora;18/07/2022;19,6;34,1
Sora;19/07/2022;19,1;35,2
Sora;20/07/2022;19,8;35,3
Sora;21/07/2022;20,1;36,4
Sora;22/07/2022;20,9;37,3
Sora;23/07/2022;19,7;36,9
Sora;24/07/2022;18,6;36,5
Sora;25/07/2022;20,5;36,7
Sora;26/07/2022;20,2;34,9
Sora;27/07/2022;19,3;34,3
Sora;28/07/2022;19,2;34,1
Sora;29/07/2022;18,1;34,1
Sora;30/07/2022;19,5;33,5
Sora;31/07/2022;18,7;32,2
Sorano Meteo;01/07/2022;20,1;27,8
Sorano Meteo;02/07/2022;20,1;31,6
Sorano Meteo;03/07/2022;23,3;33,4
Sorano Meteo;04/07/2022;24;33,1
Sorano Meteo;05/07/2022;23,7;30,7
Sorano Meteo;06/07/2022;22,1;30,6
Sorano Meteo;07/07/2022;15,7;28,6
Sorano Meteo;08/07/2022;15,5;22,7
Sorano Meteo;09/07/2022;15,6;23,7
Sorano Meteo;10/07/2022;16,1;27,1
Sorano Meteo;11/07/2022;19,2;27,2
Sorano Meteo;12/07/2022;19,9;26,6
Sorano Meteo;13/07/2022;19,4;28,3
Sorano Meteo;14/07/2022;19,7;30,3
Sorano Meteo;15/07/2022;20,6;30,4
Sorano Meteo;16/07/2022;21,2;29,4
Sorano Meteo;17/07/2022;21,4;32,2
Sorano Meteo;18/07/2022;22,2;31,1
Sorano Meteo;19/07/2022;22,4;31
Sorano Meteo;20/07/2022;23,4;32
Sorano Meteo;21/07/2022;22,8;31,6
Sorano Meteo;22/07/2022;23,1;33,2
Sorano Meteo;23/07/2022;22,8;31
Sorano Meteo;24/07/2022;21,8;31,4
Sorano Meteo;25/07/2022;22,2;31,3
Sorano Meteo;26/07/2022;21,7;31,1
Sorano Meteo;27/07/2022;20,6;28,7
Sorano Meteo;28/07/2022;19,7;31,1
Sorano Meteo;29/07/2022;19,6;30
Sorano Meteo;30/07/2022;19,2;29,2
Sorano Meteo;31/07/2022;20,8;29,5
Sorgenti Capore;01/07/2022;15,5;35,2
Sorgenti Capore;02/07/2022;14,9;38,3
Sorgenti Capore;03/07/2022;18,8;38,7
Sorgenti Capore;04/07/2022;19,6;39,6
Sorgenti Capore;05/07/2022;18,1;37,9
Sorgenti Capore;06/07/2022;17,3;37,4
Sorgenti Capore;07/07/2022;17,7;35,4
Sorgenti Capore;08/07/2022;15,5;30,4
Sorgenti Capore;09/07/2022;14,1;33,7
Sorgenti Capore;10/07/2022;13,5;32,8
Sorgenti Capore;11/07/2022;15,3;33,3
Sorgenti Capore;12/07/2022;15,7;32,9
Sorgenti Capore;13/07/2022;16,5;32,9
Sorgenti Capore;14/07/2022;15,6;33,8
Sorgenti Capore;15/07/2022;16,7;37,7
Sorgenti Capore;16/07/2022;16,2;36,3
Sorgenti Capore;17/07/2022;16,5;38,7
Sorgenti Capore;18/07/2022;19,8;38,3
Sorgenti Capore;19/07/2022;18,7;36,5
Sorgenti Capore;20/07/2022;18,2;36,2
Sorgenti Capore;21/07/2022;19;38,3
Sorgenti Capore;22/07/2022;19,1;39,3
Sorgenti Capore;23/07/2022;18,7;39
Sorgenti Capore;24/07/2022;16,9;38,1
Sorgenti Capore;25/07/2022;19;37,5
Sorgenti Capore;26/07/2022;18,3;36,3
Sorgenti Capore;27/07/2022;18,7;35,4
Sorgenti Capore;28/07/2022;17,9;34,4
Sorgenti Capore;29/07/2022;18,2;35,6
Sorgenti Capore;30/07/2022;19;32,6
Sorgenti Capore;31/07/2022;18,2;35,7
Sorgenti Peschiera;01/07/2022;15,7;34,5
Sorgenti Peschiera;02/07/2022;13,2;37
Sorgenti Peschiera;03/07/2022;19,3;37,1
Sorgenti Peschiera;04/07/2022;17,8;37,7
Sorgenti Peschiera;05/07/2022;17,5;35,3
Sorgenti Peschiera;06/07/2022;15,4;35,2
Sorgenti Peschiera;07/07/2022;19,2;33,5
Sorgenti Peschiera;08/07/2022;14,6;26,7
Sorgenti Peschiera;09/07/2022;14,1;29,5
Sorgenti Peschiera;10/07/2022;14,3;29,9
Sorgenti Peschiera;11/07/2022;14,5;31,8
Sorgenti Peschiera;12/07/2022;13,8;30,6
Sorgenti Peschiera;13/07/2022;17,8;31,8
Sorgenti Peschiera;14/07/2022;14,8;33,7
Sorgenti Peschiera;15/07/2022;15,5;35,8
Sorgenti Peschiera;16/07/2022;14,2;34,8
Sorgenti Peschiera;17/07/2022;14,4;36,5
Sorgenti Peschiera;18/07/2022;18,2;35,7
Sorgenti Peschiera;19/07/2022;18,1;36,3
Sorgenti Peschiera;20/07/2022;18,2;35,2
Sorgenti Peschiera;21/07/2022;17,4;36,2
Sorgenti Peschiera;22/07/2022;17,6;37,2
Sorgenti Peschiera;23/07/2022;17,1;37
Sorgenti Peschiera;24/07/2022;14,9;36,6
Sorgenti Peschiera;25/07/2022;17;35,6
Sorgenti Peschiera;26/07/2022;16,4;35,1
Sorgenti Peschiera;27/07/2022;16,7;33,3
Sorgenti Peschiera;28/07/2022;15,4;34,3
Sorgenti Peschiera;29/07/2022;16;34,1
Sorgenti Peschiera;30/07/2022;16,5;32,5
Sorgenti Peschiera;31/07/2022;18,6;34
Soriano nel Cimino;01/07/2022;21,5;35,9
Soriano nel Cimino;02/07/2022;21,3;38
Soriano nel Cimino;03/07/2022;24,1;39,3
Soriano nel Cimino;04/07/2022;24,4;38,2
Soriano nel Cimino;05/07/2022;24,8;36,7
Soriano nel Cimino;06/07/2022;23,2;36
Soriano nel Cimino;07/07/2022;20,2;34,1
Soriano nel Cimino;08/07/2022;17,5;28
Soriano nel Cimino;09/07/2022;17,6;29,1
Soriano nel Cimino;10/07/2022;16,8;30,9
Soriano nel Cimino;11/07/2022;19,2;33,1
Soriano nel Cimino;12/07/2022;19,7;33,1
Soriano nel Cimino;13/07/2022;20,1;32,5
Soriano nel Cimino;14/07/2022;19,5;35,8
Soriano nel Cimino;15/07/2022;21,4;36,2
Soriano nel Cimino;16/07/2022;21,6;35,3
Soriano nel Cimino;17/07/2022;22,6;37,3
Soriano nel Cimino;18/07/2022;23;36,8
Soriano nel Cimino;19/07/2022;22,7;36,3
Soriano nel Cimino;20/07/2022;21,7;37
Soriano nel Cimino;21/07/2022;22,6;36
Soriano nel Cimino;22/07/2022;23,5;37,7
Soriano nel Cimino;23/07/2022;22,9;38,1
Soriano nel Cimino;24/07/2022;22,5;37,6
Soriano nel Cimino;25/07/2022;23,4;36
Soriano nel Cimino;26/07/2022;24,1;37,2
Soriano nel Cimino;27/07/2022;22,2;34,5
Soriano nel Cimino;28/07/2022;21,4;36,2
Soriano nel Cimino;29/07/2022;20,8;35,4
Soriano nel Cimino;30/07/2022;20,8;33,7
Soriano nel Cimino;31/07/2022;21,5;34,5
Spigno Saturnia;01/07/2022;17,1;33,4
Spigno Saturnia;02/07/2022;17,5;35,7
Spigno Saturnia;03/07/2022;19,6;35,8
Spigno Saturnia;04/07/2022;20,1;33,3
Spigno Saturnia;05/07/2022;20,4;32,4
Spigno Saturnia;06/07/2022;18,8;34,4
Spigno Saturnia;07/07/2022;19,2;32
Spigno Saturnia;08/07/2022;17,8;31,9
Spigno Saturnia;09/07/2022;16,8;31,1
Spigno Saturnia;10/07/2022;20,2;31,6
Spigno Saturnia;11/07/2022;17,8;31,2
Spigno Saturnia;12/07/2022;17,3;32,8
Spigno Saturnia;13/07/2022;19,1;32,7
Spigno Saturnia;14/07/2022;16,5;32,5
Spigno Saturnia;15/07/2022;17,5;32,7
Spigno Saturnia;16/07/2022;19;32,3
Spigno Saturnia;17/07/2022;20,1;35,3
Spigno Saturnia;18/07/2022;20,9;36,8
Spigno Saturnia;19/07/2022;20,5;36,5
Spigno Saturnia;20/07/2022;19,1;35,1
Spigno Saturnia;21/07/2022;18,3;33,6
Spigno Saturnia;22/07/2022;21,2;33,5
Spigno Saturnia;23/07/2022;22,4;33,8
Spigno Saturnia;24/07/2022;19,5;33,8
Spigno Saturnia;25/07/2022;21,6;33
Spigno Saturnia;26/07/2022;22,8;33,2
Spigno Saturnia;27/07/2022;21,9;33,1
Spigno Saturnia;28/07/2022;20,7;34,8
Spigno Saturnia;29/07/2022;20,4;32,7
Spigno Saturnia;30/07/2022;18,7;33
Spigno Saturnia;31/07/2022;20,7;34,7
Subiaco-Scolastica;01/07/2022;17,8;35,6
Subiaco-Scolastica;02/07/2022;16,7;37
Subiaco-Scolastica;03/07/2022;18,3;38,1
Subiaco-Scolastica;04/07/2022;18,8;36,8
Subiaco-Scolastica;05/07/2022;19,3;36,5
Subiaco-Scolastica;06/07/2022;16,7;35,4
Subiaco-Scolastica;07/07/2022;17,1;34,2
Subiaco-Scolastica;08/07/2022;14,2;28,9
Subiaco-Scolastica;09/07/2022;14,2;30,5
Subiaco-Scolastica;10/07/2022;14,3;32,1
Subiaco-Scolastica;11/07/2022;13,6;31,5
Subiaco-Scolastica;12/07/2022;14,9;31,5
Subiaco-Scolastica;13/07/2022;16,9;30,8
Subiaco-Scolastica;14/07/2022;14,5;33,2
Subiaco-Scolastica;15/07/2022;15,1;35,5
Subiaco-Scolastica;16/07/2022;17,3;35
Subiaco-Scolastica;17/07/2022;18,1;37,7
Subiaco-Scolastica;18/07/2022;17;36,2
Subiaco-Scolastica;19/07/2022;15,8;36
Subiaco-Scolastica;20/07/2022;18,3;35,9
Subiaco-Scolastica;21/07/2022;18,5;35,8
Subiaco-Scolastica;22/07/2022;19;37
Subiaco-Scolastica;23/07/2022;18,8;37
Subiaco-Scolastica;24/07/2022;16,9;37
Subiaco-Scolastica;25/07/2022;18,2;36,2
Subiaco-Scolastica;26/07/2022;17,8;35,9
Subiaco-Scolastica;27/07/2022;19,7;34,1
Subiaco-Scolastica;28/07/2022;18,5;34,1
Subiaco-Scolastica;29/07/2022;16,7;35,2
Subiaco-Scolastica;30/07/2022;19,1;33,7
Subiaco-Scolastica;31/07/2022;17,3;33,6
Supino;01/07/2022;14,9;29,7
Supino;02/07/2022;15,9;29,4
Supino;03/07/2022;17,8;30,1
Supino;04/07/2022;19,8;30,4
Supino;05/07/2022;18,8;28,7
Supino;06/07/2022;16,2;28,6
Supino;07/07/2022;14,7;25,9
Supino;08/07/2022;12,6;21,9
Supino;09/07/2022;12,2;22,5
Supino;10/07/2022;11,1;22,2
Supino;11/07/2022;11,9;23,1
Supino;12/07/2022;16,9;25,2
Supino;13/07/2022;14,4;23,6
Supino;14/07/2022;12,5;25,6
Supino;15/07/2022;17,7;27,2
Supino;16/07/2022;16,9;27,4
Supino;17/07/2022;16,9;30,1
Supino;18/07/2022;16,8;27
Supino;19/07/2022;16,6;26,4
Supino;20/07/2022;15,7;27,1
Supino;21/07/2022;17,2;29,4
Supino;22/07/2022;19,4;29,2
Supino;23/07/2022;20,7;31,2
Supino;24/07/2022;16,3;30,2
Supino;25/07/2022;17,3;28,2
Supino;26/07/2022;17,2;27,1
Supino;27/07/2022;16,2;27,9
Supino;28/07/2022;15,7;26,7
Supino;29/07/2022;15;27,1
Supino;30/07/2022;15,9;25,4
Supino;31/07/2022;15,8;23,9
Sutri;01/07/2022;15,1;33,2
Sutri;02/07/2022;15,6;38,9
Sutri;03/07/2022;19,1;38,4
Sutri;04/07/2022;19,4;38,4
Sutri;05/07/2022;18,3;36,3
Sutri;06/07/2022;17,8;36,3
Sutri;07/07/2022;18,4;34
Sutri;08/07/2022;15,2;29,7
Sutri;09/07/2022;19,1;31,9
Sutri;10/07/2022;14,5;32,6
Sutri;11/07/2022;14,2;32
Sutri;12/07/2022;15,5;32
Sutri;13/07/2022;17;33,8
Sutri;14/07/2022;16;33,5
Sutri;15/07/2022;18,1;37,3
Sutri;16/07/2022;17;34,9
Sutri;17/07/2022;15,7;36,9
Sutri;18/07/2022;18,7;37,2
Sutri;19/07/2022;18,8;39,5
Sutri;20/07/2022;17,6;34,8
Sutri;21/07/2022;17,3;37,6
Sutri;22/07/2022;18,6;38,5
Sutri;23/07/2022;17,7;37,2
Sutri;24/07/2022;18;36,8
Sutri;25/07/2022;19,3;36,8
Sutri;26/07/2022;19,2;35,6
Sutri;27/07/2022;20,3;31,6
Sutri;28/07/2022;17,9;33,1
Sutri;29/07/2022;17,7;35,9
Sutri;30/07/2022;18,1;33,1
Sutri;31/07/2022;18,5;37,2
Terracina;01/07/2022;23,2;32,7
Terracina;02/07/2022;22,8;34,1
Terracina;03/07/2022;24,4;34,1
Terracina;04/07/2022;25,5;33,2
Terracina;05/07/2022;25,3;32,8
Terracina;06/07/2022;24,1;33,8
Terracina;07/07/2022;24,5;33,0
Terracina;08/07/2022;19,1;32,0
Terracina;09/07/2022;22,1;31,7
Terracina;10/07/2022;21,9;31,5
Terracina;11/07/2022;22,0;31,7
Terracina;12/07/2022;21,5;32,5
Terracina;13/07/2022;23,7;31,5
Terracina;14/07/2022;21,9;32,0
Terracina;15/07/2022;22,1;32,5
Terracina;16/07/2022;24,0;33,2
Terracina;17/07/2022;23,7;34,9
Terracina;18/07/2022;25,2;36,3
Terracina;19/07/2022;25,2;34,9
Terracina;20/07/2022;24,3;33,9
Terracina;21/07/2022;24,2;32,6
Terracina;22/07/2022;25,5;33,1
Terracina;23/07/2022;26,5;35,1
Terracina;24/07/2022;24,2;33,5
Terracina;25/07/2022;25,5;33,9
Terracina;26/07/2022;25,5;32,9
Terracina;27/07/2022;26,5;33,1
Terracina;28/07/2022;25,2;34,0
Terracina;29/07/2022;23,7;31,8
Terracina;30/07/2022;23,8;33,7
Terracina;31/07/2022;25,5;33,3
Tevere a Castelgiubileo;01/07/2022;16,5;34,2
Tevere a Castelgiubileo;02/07/2022;17,4;37,2
Tevere a Castelgiubileo;03/07/2022;20,3;38,2
Tevere a Castelgiubileo;04/07/2022;21,6;37,7
Tevere a Castelgiubileo;05/07/2022;20,7;36,0
Tevere a Castelgiubileo;06/07/2022;20,0;36,0
Tevere a Castelgiubileo;07/07/2022;21,2;33,9
Tevere a Castelgiubileo;08/07/2022;17,5;30,0
Tevere a Castelgiubileo;09/07/2022;19,7;32,1
Tevere a Castelgiubileo;10/07/2022;18,7;31,2
Tevere a Castelgiubileo;11/07/2022;18,3;32,0
Tevere a Castelgiubileo;12/07/2022;19,3;31,8
Tevere a Castelgiubileo;13/07/2022;20,4;31,6
Tevere a Castelgiubileo;14/07/2022;19,4;32,6
Tevere a Castelgiubileo;15/07/2022;20,6;35,2
Tevere a Castelgiubileo;16/07/2022;20,8;34,6
Tevere a Castelgiubileo;17/07/2022;19,6;36,1
Tevere a Castelgiubileo;18/07/2022;20,3;37,1
Tevere a Castelgiubileo;19/07/2022;20,9;36,2
Tevere a Castelgiubileo;20/07/2022;21,2;35,2
Tevere a Castelgiubileo;21/07/2022;21,8;36,5
Tevere a Castelgiubileo;22/07/2022;23,4;37,4
Tevere a Castelgiubileo;23/07/2022;23,4;35,8
Tevere a Castelgiubileo;24/07/2022;21,9;36,0
Tevere a Castelgiubileo;25/07/2022;22,0;36,0
Tevere a Castelgiubileo;26/07/2022;22,1;36,0
Tevere a Castelgiubileo;27/07/2022;22,4;33,1
Tevere a Castelgiubileo;28/07/2022;21,2;34,1
Tevere a Castelgiubileo;29/07/2022;21,1;34,8
Tevere a Castelgiubileo;30/07/2022;22,3;34,1
Tevere a Castelgiubileo;31/07/2022;22,1;35,3
Tevere a Stimigliano;01/07/2022;14,2;35,4
Tevere a Stimigliano;02/07/2022;14,1;39,2
Tevere a Stimigliano;03/07/2022;18,2;39,1
Tevere a Stimigliano;04/07/2022;18,9;39,3
Tevere a Stimigliano;05/07/2022;18,2;38,0
Tevere a Stimigliano;06/07/2022;17,7;37,3
Tevere a Stimigliano;07/07/2022;18,6;34,9
Tevere a Stimigliano;08/07/2022;16,9;28,5
Tevere a Stimigliano;09/07/2022;16,7;30,3
Tevere a Stimigliano;10/07/2022;14,9;32,3
Tevere a Stimigliano;11/07/2022;15,7;33,4
Tevere a Stimigliano;12/07/2022;16,5;33,5
Tevere a Stimigliano;13/07/2022;18,0;33,6
Tevere a Stimigliano;14/07/2022;16,7;34,4
Tevere a Stimigliano;15/07/2022;18,1;37,4
Tevere a Stimigliano;16/07/2022;18,4;36,5
Tevere a Stimigliano;17/07/2022;16,4;38,5
Tevere a Stimigliano;18/07/2022;18,2;37,2
Tevere a Stimigliano;19/07/2022;18,1;37,9
Tevere a Stimigliano;20/07/2022;18,4;36,9
Tevere a Stimigliano;21/07/2022;19,2;38,4
Tevere a Stimigliano;22/07/2022;20,5;39,6
Tevere a Stimigliano;23/07/2022;20,0;38,3
Tevere a Stimigliano;24/07/2022;19,5;37,4
Tevere a Stimigliano;25/07/2022;20,0;38,2
Tevere a Stimigliano;26/07/2022;19,7;36,3
Tevere a Stimigliano;27/07/2022;20,4;34,3
Tevere a Stimigliano;28/07/2022;18,6;35,0
Tevere a Stimigliano;29/07/2022;19,2;36,1
Tevere a Stimigliano;30/07/2022;20,0;33,3
Tevere a Stimigliano;31/07/2022;19,0;35,8
Tor Vergata;01/07/2022;15,9;39,9
Tor Vergata;02/07/2022;15,2;38,7
Tor Vergata;03/07/2022;18,0;41,3
Tor Vergata;04/07/2022;19,4;40,7
Tor Vergata;05/07/2022;17,9;39,1
Tor Vergata;06/07/2022;17,7;40,6
Tor Vergata;07/07/2022;19,3;38,1
Tor Vergata;08/07/2022;15,8;33,0
Tor Vergata;09/07/2022;14,6;33,7
Tor Vergata;10/07/2022;15,8;33,8
Tor Vergata;11/07/2022;15,6;36,0
Tor Vergata;12/07/2022;17,2;38,1
Tor Vergata;13/07/2022;18,1;35,5
Tor Vergata;14/07/2022;15,7;36,3
Tor Vergata;15/07/2022;18,0;37,6
Tor Vergata;16/07/2022;17,7;38,0
Tor Vergata;17/07/2022;17,1;39,3
Tor Vergata;18/07/2022;17,9;41,2
Tor Vergata;19/07/2022;18,9;39,0
Tor Vergata;20/07/2022;17,6;39,8
Tor Vergata;21/07/2022;20,1;38,8
Tor Vergata;22/07/2022;21,0;39,7
Tor Vergata;23/07/2022;19,2;39,2
Tor Vergata;24/07/2022;18,5;39,3
Tor Vergata;25/07/2022;19,8;39,1
Tor Vergata;26/07/2022;19,4;38,5
Tor Vergata;27/07/2022;21,1;38,6
Tor Vergata;28/07/2022;20,1;38,7
Tor Vergata;29/07/2022;18,4;37,1
Tor Vergata;30/07/2022;20,2;38,1
Tor Vergata;31/07/2022;19,8;37,2
Torrente Tafone;01/07/2022;15,6;31,4
Torrente Tafone;02/07/2022;17,6;35,9
Torrente Tafone;03/07/2022;18,2;36,2
Torrente Tafone;04/07/2022;19,5;37,5
Torrente Tafone;05/07/2022;19,6;35,5
Torrente Tafone;06/07/2022;18,8;33,9
Torrente Tafone;07/07/2022;19,8;31,3
Torrente Tafone;08/07/2022;19,2;32,2
Torrente Tafone;09/07/2022;20,0;33,1
Torrente Tafone;10/07/2022;19,4;31,2
Torrente Tafone;11/07/2022;16,1;30,2
Torrente Tafone;12/07/2022;18,1;30,0
Torrente Tafone;13/07/2022;18,8;30,3
Torrente Tafone;14/07/2022;18,3;30,7
Torrente Tafone;15/07/2022;18,7;33,8
Torrente Tafone;16/07/2022;19,4;32,0
Torrente Tafone;17/07/2022;18,9;32,1
Torrente Tafone;18/07/2022;19,4;34,3
Torrente Tafone;19/07/2022;21,4;36,0
Torrente Tafone;20/07/2022;19,0;32,8
Torrente Tafone;21/07/2022;21,5;33,0
Torrente Tafone;22/07/2022;20,7;35,4
Torrente Tafone;23/07/2022;21,0;32,9
Torrente Tafone;24/07/2022;21,7;33,6
Torrente Tafone;25/07/2022;20,2;36,3
Torrente Tafone;26/07/2022;20,9;35,3
Torrente Tafone;27/07/2022;22,5;32,9
Torrente Tafone;28/07/2022;20,7;32,1
Torrente Tafone;29/07/2022;20,6;32,5
Torrente Tafone;30/07/2022;22,8;33,0
Torrente Tafone;31/07/2022;21,9;35,5
Torrita Tiberina;01/07/2022;15,4;36,0
Torrita Tiberina;02/07/2022;14,6;38,8
Torrita Tiberina;03/07/2022;18,9;40,4
Torrita Tiberina;04/07/2022;19,6;40,2
Torrita Tiberina;05/07/2022;18,7;38,0
Torrita Tiberina;06/07/2022;18,0;38,8
Torrita Tiberina;07/07/2022;19,1;35,8
Torrita Tiberina;08/07/2022;16,7;29,8
Torrita Tiberina;09/07/2022;15,2;31,6
Torrita Tiberina;10/07/2022;15,8;33,8
Torrita Tiberina;11/07/2022;16,6;34,5
Torrita Tiberina;12/07/2022;17,4;34,7
Torrita Tiberina;13/07/2022;18,7;34,8
Torrita Tiberina;14/07/2022;16,7;34,9
Torrita Tiberina;15/07/2022;18,2;38,0
Torrita Tiberina;16/07/2022;18,2;37,1
Torrita Tiberina;17/07/2022;17,4;39,4
Torrita Tiberina;18/07/2022;19,0;39,2
Torrita Tiberina;19/07/2022;18,4;38,0
Torrita Tiberina;20/07/2022;19,2;37,1
Torrita Tiberina;21/07/2022;19,7;39,7
Torrita Tiberina;22/07/2022;20,9;40,8
Torrita Tiberina;23/07/2022;20,2;38,7
Torrita Tiberina;24/07/2022;19,4;37,9
Torrita Tiberina;25/07/2022;20,5;38,8
Torrita Tiberina;26/07/2022;20,3;37,1
Torrita Tiberina;27/07/2022;19,8;34,5
Torrita Tiberina;28/07/2022;18,8;35,9
Torrita Tiberina;29/07/2022;21,3;37,7
Torrita Tiberina;30/07/2022;20,3;35,3
Torrita Tiberina;31/07/2022;20,0;37,2
Tragliatella rlazio;01/07/2022;15,1;34,2
Tragliatella rlazio;02/07/2022;16,2;37,8
Tragliatella rlazio;03/07/2022;21,8;38,9
Tragliatella rlazio;04/07/2022;22,0;39,1
Tragliatella rlazio;05/07/2022;20,3;36,5
Tragliatella rlazio;06/07/2022;20,4;37,0
Tragliatella rlazio;07/07/2022;19,7;34,2
Tragliatella rlazio;08/07/2022;16,8;29,4
Tragliatella rlazio;09/07/2022;20,1;31,1
Tragliatella rlazio;10/07/2022;18,7;31,3
Tragliatella rlazio;11/07/2022;16,0;33,6
Tragliatella rlazio;12/07/2022;16,3;32,9
Tragliatella rlazio;13/07/2022;18,6;32,1
Tragliatella rlazio;14/07/2022;18,2;32,7
Tragliatella rlazio;15/07/2022;17,8;36,5
Tragliatella rlazio;16/07/2022;18,5;35,7
Tragliatella rlazio;17/07/2022;18,6;36,8
Tragliatella rlazio;18/07/2022;21,3;37,8
Tragliatella rlazio;19/07/2022;19,3;37,4
Tragliatella rlazio;20/07/2022;20,8;35,1
Tragliatella rlazio;21/07/2022;18,7;36,3
Tragliatella rlazio;22/07/2022;21,6;38,2
Tragliatella rlazio;23/07/2022;20,9;36,6
Tragliatella rlazio;24/07/2022;20,1;35,5
Tragliatella rlazio;25/07/2022;20,5;37,3
Tragliatella rlazio;26/07/2022;21,0;35,4
Tragliatella rlazio;27/07/2022;22,2;33,1
Tragliatella rlazio;28/07/2022;20,5;33,5
Tragliatella rlazio;29/07/2022;19,9;34,7
Tragliatella rlazio;30/07/2022;20,2;33,9
Tragliatella rlazio;31/07/2022;20,6;36,4
Treia a Civita Castellana;01/07/2022;12,4;35,8
Treia a Civita Castellana;02/07/2022;12,7;38,2
Treia a Civita Castellana;03/07/2022;16,8;39,4
Treia a Civita Castellana;04/07/2022;17,3;39,3
Treia a Civita Castellana;05/07/2022;16,3;37,5
Treia a Civita Castellana;06/07/2022;16,1;37,1
Treia a Civita Castellana;07/07/2022;17,0;35,3
Treia a Civita Castellana;08/07/2022;16,1;29,4
Treia a Civita Castellana;09/07/2022;13,8;31,1
Treia a Civita Castellana;10/07/2022;12,7;33,2
Treia a Civita Castellana;11/07/2022;13,8;33,3
Treia a Civita Castellana;12/07/2022;14,8;34,1
Treia a Civita Castellana;13/07/2022;16,4;34,0
Treia a Civita Castellana;14/07/2022;15,6;34,4
Treia a Civita Castellana;15/07/2022;16,7;37,9
Treia a Civita Castellana;16/07/2022;16,5;36,6
Treia a Civita Castellana;17/07/2022;14,9;38,4
Treia a Civita Castellana;18/07/2022;17,0;38,6
Treia a Civita Castellana;19/07/2022;17,0;38,4
Treia a Civita Castellana;20/07/2022;17,2;37,0
Treia a Civita Castellana;21/07/2022;17,8;38,8
Treia a Civita Castellana;22/07/2022;19,4;39,7
Treia a Civita Castellana;23/07/2022;18,4;38,2
Treia a Civita Castellana;24/07/2022;19,0;37,9
Treia a Civita Castellana;25/07/2022;19,1;38,0
Treia a Civita Castellana;26/07/2022;18,7;37,1
Treia a Civita Castellana;27/07/2022;20,2;34,1
Treia a Civita Castellana;28/07/2022;17,5;35,1
Treia a Civita Castellana;29/07/2022;17,9;36,7
Treia a Civita Castellana;30/07/2022;18,6;33,7
Treia a Civita Castellana;31/07/2022;17,2;36,2
Trevi nel Lazio;01/07/2022;15,3;32,9
Trevi nel Lazio;02/07/2022;16,1;33,7
Trevi nel Lazio;03/07/2022;17,4;34,1
Trevi nel Lazio;04/07/2022;18,4;34,6
Trevi nel Lazio;05/07/2022;18,5;33,6
Trevi nel Lazio;06/07/2022;15,8;32,8
Trevi nel Lazio;07/07/2022;14,4;30,8
Trevi nel Lazio;08/07/2022;12,8;24,7
Trevi nel Lazio;09/07/2022;15,4;28,0
Trevi nel Lazio;10/07/2022;14,5;26,5
Trevi nel Lazio;11/07/2022;12,3;28,3
Trevi nel Lazio;12/07/2022;14,0;29,1
Trevi nel Lazio;13/07/2022;15,2;29,4
Trevi nel Lazio;14/07/2022;13,0;30,1
Trevi nel Lazio;15/07/2022;14,2;31,6
Trevi nel Lazio;16/07/2022;16,3;32,9
Trevi nel Lazio;17/07/2022;17,5;33,9
Trevi nel Lazio;18/07/2022;14,5;31,4
Trevi nel Lazio;19/07/2022;14,1;31,4
Trevi nel Lazio;20/07/2022;16,8;32,6
Trevi nel Lazio;21/07/2022;17,2;34,0
Trevi nel Lazio;22/07/2022;18,1;34,0
Trevi nel Lazio;23/07/2022;18,0;33,9
Trevi nel Lazio;24/07/2022;16,3;33,2
Trevi nel Lazio;25/07/2022;17,3;34,1
Trevi nel Lazio;26/07/2022;17,2;32,7
Trevi nel Lazio;27/07/2022;18,1;30,7
Trevi nel Lazio;28/07/2022;17,0;30,9
Trevi nel Lazio;29/07/2022;15,3;31,2
Trevi nel Lazio;30/07/2022;17,3;29,7
Trevi nel Lazio;31/07/2022;15,5;29,7
Trevignano Romano;01/07/2022;20,9;33,4
Trevignano Romano;02/07/2022;20,7;36,5
Trevignano Romano;03/07/2022;24,6;36,3
Trevignano Romano;04/07/2022;24,3;37,9
Trevignano Romano;05/07/2022;23,3;36,6
Trevignano Romano;06/07/2022;23,5;35,2
Trevignano Romano;07/07/2022;19,6;32,3
Trevignano Romano;08/07/2022;17,3;30,1
Trevignano Romano;09/07/2022;19,6;32,8
Trevignano Romano;10/07/2022;19,9;32,7
Trevignano Romano;11/07/2022;19,6;30,6
Trevignano Romano;12/07/2022;20,4;30,2
Trevignano Romano;13/07/2022;21,7;29,9
Trevignano Romano;14/07/2022;20,0;31,1
Trevignano Romano;15/07/2022;21,8;37,2
Trevignano Romano;16/07/2022;21,7;32,7
Trevignano Romano;17/07/2022;21,9;35,5
Trevignano Romano;18/07/2022;23,5;36,6
Trevignano Romano;19/07/2022;22,8;38,5
Trevignano Romano;20/07/2022;22,6;34,0
Trevignano Romano;21/07/2022;22,1;37,8
Trevignano Romano;22/07/2022;23,6;38,2
Trevignano Romano;23/07/2022;21,8;33,4
Trevignano Romano;24/07/2022;22,4;35,1
Trevignano Romano;25/07/2022;23,0;37,7
Trevignano Romano;26/07/2022;24,8;35,2
Trevignano Romano;27/07/2022;23,9;30,9
Trevignano Romano;28/07/2022;23,2;32,5
Trevignano Romano;29/07/2022;22,1;33,4
Trevignano Romano;30/07/2022;23,0;33,2
Trevignano Romano;31/07/2022;23,3;37,3
Tuscania;01/07/2022;14,6;33,8
Tuscania;02/07/2022;16,1;38,6
Tuscania;03/07/2022;21,2;40,0
Tuscania;04/07/2022;20,9;39,1
Tuscania;05/07/2022;20,1;36,9
Tuscania;06/07/2022;18,3;37,0
Tuscania;07/07/2022;18,2;34,9
Tuscania;08/07/2022;17,6;29,3
Tuscania;09/07/2022;20,2;31,1
Tuscania;10/07/2022;18,5;32,4
Tuscania;11/07/2022;15,6;32,6
Tuscania;12/07/2022;18,9;32,5
Tuscania;13/07/2022;17,8;34,5
Tuscania;14/07/2022;17,2;32,9
Tuscania;15/07/2022;18,7;36,2
Tuscania;16/07/2022;18,7;34,3
Tuscania;17/07/2022;17,5;36,1
Tuscania;18/07/2022;19,7;37,8
Tuscania;19/07/2022;22,4;38,5
Tuscania;20/07/2022;19,7;37,8
Tuscania;21/07/2022;20,8;36,7
Tuscania;22/07/2022;20,0;38,4
Tuscania;23/07/2022;20,6;36,6
Tuscania;24/07/2022;19,5;36,7
Tuscania;25/07/2022;20,2;37,3
Tuscania;26/07/2022;19,9;37,2
Tuscania;27/07/2022;19,9;35,0
Tuscania;28/07/2022;20,9;34,7
Tuscania;29/07/2022;18,7;35,1
Tuscania;30/07/2022;20,5;34,6
Tuscania;31/07/2022;20,3;36,2
Valentano;01/07/2022;18,7;31,1
Valentano;02/07/2022;18,8;37,1
Valentano;03/07/2022;22,2;37,6
Valentano;04/07/2022;22,9;36,7
Valentano;05/07/2022;22,6;34,7
Valentano;06/07/2022;20,2;33,8
Valentano;07/07/2022;17,0;30,8
Valentano;08/07/2022;16,3;26,6
Valentano;09/07/2022;16,5;27,6
Valentano;10/07/2022;16,6;29,3
Valentano;11/07/2022;17,2;30,2
Valentano;12/07/2022;17,2;29,7
Valentano;13/07/2022;18,3;31,5
Valentano;14/07/2022;17,7;31,9
Valentano;15/07/2022;18,5;34,1
Valentano;16/07/2022;18,4;32,4
Valentano;17/07/2022;18,6;35,0
Valentano;18/07/2022;22,8;34,0
Valentano;19/07/2022;22,3;35,4
Valentano;20/07/2022;21,1;35,7
Valentano;21/07/2022;19,6;35,7
Valentano;22/07/2022;21,8;35,9
Valentano;23/07/2022;19,4;34,1
Valentano;24/07/2022;20,8;35,1
Valentano;25/07/2022;21,1;35,1
Valentano;26/07/2022;21,0;35,9
Valentano;27/07/2022;19,8;32,1
Valentano;28/07/2022;20,0;32,5
Valentano;29/07/2022;18,8;33,6
Valentano;30/07/2022;20,4;31,8
Valentano;31/07/2022;21,0;33,3
Valle del Rio;01/07/2022;18,4;34,2
Valle del Rio;02/07/2022;19,5;34,1
Valle del Rio;03/07/2022;20,5;35,0
Valle del Rio;04/07/2022;20,8;35,5
Valle del Rio;05/07/2022;20,8;33,7
Valle del Rio;06/07/2022;19,3;33,5
Valle del Rio;07/07/2022;15,3;30,8
Valle del Rio;08/07/2022;13,4;23,2
Valle del Rio;09/07/2022;16,0;27,2
Valle del Rio;10/07/2022;14,9;27,8
Valle del Rio;11/07/2022;14,8;27,8
Valle del Rio;12/07/2022;15,6;30,0
Valle del Rio;13/07/2022;15,4;28,2
Valle del Rio;14/07/2022;14,6;31,1
Valle del Rio;15/07/2022;17,9;32,5
Valle del Rio;16/07/2022;20,5;33,8
Valle del Rio;17/07/2022;20,7;35,8
Valle del Rio;18/07/2022;20,6;32,8
Valle del Rio;19/07/2022;19,6;32,4
Valle del Rio;20/07/2022;19,5;33,0
Valle del Rio;21/07/2022;21,0;34,2
Valle del Rio;22/07/2022;21,7;34,0
Valle del Rio;23/07/2022;22,0;34,9
Valle del Rio;24/07/2022;20,6;34,2
Valle del Rio;25/07/2022;20,8;35,1
Valle del Rio;26/07/2022;18,1;32,7
Valle del Rio;27/07/2022;18,1;31,5
Valle del Rio;28/07/2022;18,5;31,9
Valle del Rio;29/07/2022;17,7;31,6
Valle del Rio;30/07/2022;17,9;30,8
Valle del Rio;31/07/2022;17,2;30,1
Vallecorsa;01/07/2022;22,0;33,7
Vallecorsa;02/07/2022;21,5;35,2
Vallecorsa;03/07/2022;23,9;35,4
Vallecorsa;04/07/2022;23,9;35,6
Vallecorsa;05/07/2022;23,5;33,9
Vallecorsa;06/07/2022;21,5;35,6
Vallecorsa;07/07/2022;19,6;31,6
Vallecorsa;08/07/2022;15,7;31,4
Vallecorsa;09/07/2022;17,8;29,5
Vallecorsa;10/07/2022;17,2;29,2
Vallecorsa;11/07/2022;18,3;29,1
Vallecorsa;12/07/2022;18,5;32,3
Vallecorsa;13/07/2022;20,0;30,0
Vallecorsa;14/07/2022;18,5;31,6
Vallecorsa;15/07/2022;20,3;32,3
Vallecorsa;16/07/2022;22,1;34,1
Vallecorsa;17/07/2022;22,6;35,6
Vallecorsa;18/07/2022;21,6;35,4
Vallecorsa;19/07/2022;21,2;33,3
Vallecorsa;20/07/2022;22,1;33,8
Vallecorsa;21/07/2022;23,0;34,2
Vallecorsa;22/07/2022;23,2;33,9
Vallecorsa;23/07/2022;23,4;35,2
Vallecorsa;24/07/2022;22,7;33,9
Vallecorsa;25/07/2022;21,3;34,0
Vallecorsa;26/07/2022;22,7;32,8
Vallecorsa;27/07/2022;21,6;33,5
Vallecorsa;28/07/2022;21,5;32,5
Vallecorsa;29/07/2022;20,3;31,8
Vallecorsa;30/07/2022;20,9;32,0
Vallecorsa;31/07/2022;20,2;30,0
Vallepietra;01/07/2022;17,0;32,4
Vallepietra;02/07/2022;18,0;33,0
Vallepietra;03/07/2022;19,0;34,4
Vallepietra;04/07/2022;20,5;34,6
Vallepietra;05/07/2022;19,6;32,8
Vallepietra;06/07/2022;17,5;33,0
Vallepietra;07/07/2022;14,5;30,0
Vallepietra;08/07/2022;12,7;23,6
Vallepietra;09/07/2022;15,1;27,2
Vallepietra;10/07/2022;13,8;26,2
Vallepietra;11/07/2022;13,9;27,6
Vallepietra;12/07/2022;14,8;28,1
Vallepietra;13/07/2022;15,8;28,5
Vallepietra;14/07/2022;13,8;29,9
Vallepietra;15/07/2022;16,5;31,3
Vallepietra;16/07/2022;18,0;32,0
Vallepietra;17/07/2022;19,1;33,1
Vallepietra;18/07/2022;14,3;30,8
Vallepietra;19/07/2022;16,3;30,6
Vallepietra;20/07/2022;18,0;30,7
Vallepietra;21/07/2022;18,4;32,8
Vallepietra;22/07/2022;19,4;33,3
Vallepietra;23/07/2022;19,5;33,2
Vallepietra;24/07/2022;18,0;33,0
Vallepietra;25/07/2022;18,9;32,8
Vallepietra;26/07/2022;17,7;31,8
Vallepietra;27/07/2022;18,1;29,8
Vallepietra;28/07/2022;16,8;29,6
Vallepietra;29/07/2022;16,2;30,2
Vallepietra;30/07/2022;17,1;28,6
Vallepietra;31/07/2022;16,2;28,0
Velino a Rieti;01/07/2022;14,6;34,5
Velino a Rieti;02/07/2022;13,2;37,1
Velino a Rieti;03/07/2022;17,1;37,1
Velino a Rieti;04/07/2022;17,7;37,4
Velino a Rieti;05/07/2022;17,4;35,6
Velino a Rieti;06/07/2022;16,3;35,8
Velino a Rieti;07/07/2022;17,3;32,4
Velino a Rieti;08/07/2022;13,6;27,2
Velino a Rieti;09/07/2022;11,6;29,2
Velino a Rieti;10/07/2022;11,6;30,4
Velino a Rieti;11/07/2022;13,8;32,1
Velino a Rieti;12/07/2022;14,6;30,8
Velino a Rieti;13/07/2022;14,4;31,9
Velino a Rieti;14/07/2022;13,7;33,9
Velino a Rieti;15/07/2022;15,9;36,5
Velino a Rieti;16/07/2022;15,0;35,5
Velino a Rieti;17/07/2022;15,7;37,2
Velino a Rieti;18/07/2022;17,6;35,5
Velino a Rieti;19/07/2022;16,1;35,6
Velino a Rieti;20/07/2022;16,8;36,2
Velino a Rieti;21/07/2022;17,5;36,6
Velino a Rieti;22/07/2022;18,0;38,0
Velino a Rieti;23/07/2022;17,8;37,5
Velino a Rieti;24/07/2022;15,9;37,6
Velino a Rieti;25/07/2022;18,1;37,1
Velino a Rieti;26/07/2022;18,0;35,9
Velino a Rieti;27/07/2022;16,5;33,9
Velino a Rieti;28/07/2022;15,8;33,5
Velino a Rieti;29/07/2022;16,9;34,5
Velino a Rieti;30/07/2022;17,2;33,1
Velino a Rieti;31/07/2022;16,2;33,8
Veroli;01/07/2022;19,4;35,4
Veroli;02/07/2022;18,3;36,7
Veroli;03/07/2022;21,1;36,9
Veroli;04/07/2022;20,8;37,5
Veroli;05/07/2022;20,1;35,6
Veroli;06/07/2022;18,1;34,9
Veroli;07/07/2022;18,4;32,8
Veroli;08/07/2022;15,2;28,6
Veroli;09/07/2022;17,1;31,6
Veroli;10/07/2022;15,3;29,8
Veroli;11/07/2022;15,3;31,5
Veroli;12/07/2022;16,3;32,1
Veroli;13/07/2022;17,6;31,3
Veroli;14/07/2022;16,1;32,9
Veroli;15/07/2022;17,5;35,0
Veroli;16/07/2022;18,8;35,2
Veroli;17/07/2022;20,0;37,9
Veroli;18/07/2022;20,0;35,7
Veroli;19/07/2022;18,0;35,6
Veroli;20/07/2022;19,4;34,9
Veroli;21/07/2022;19,4;36,3
Veroli;22/07/2022;20,5;36,5
Veroli;23/07/2022;20,1;37,1
Veroli;24/07/2022;18,9;36,1
Veroli;25/07/2022;20,2;36,4
Veroli;26/07/2022;19,9;34,2
Veroli;27/07/2022;20,2;33,7
Veroli;28/07/2022;19,7;34,6
Veroli;29/07/2022;18,3;34,2
Veroli;30/07/2022;18,7;32,0
Veroli;31/07/2022;18,9;32,5
Vetralla Rlazio;01/07/2022;14,3;35,7
Vetralla Rlazio;02/07/2022;16,3;36,6
Vetralla Rlazio;03/07/2022;19,9;37,7
Vetralla Rlazio;04/07/2022;20,1;38,3
Vetralla Rlazio;05/07/2022;19,4;36,6
Vetralla Rlazio;06/07/2022;17,5;36,4
Vetralla Rlazio;07/07/2022;17,3;34,6
Vetralla Rlazio;08/07/2022;14,4;27,4
Vetralla Rlazio;09/07/2022;14,2;28,6
Vetralla Rlazio;10/07/2022;14,7;31,4
Vetralla Rlazio;11/07/2022;13,6;32,2
Vetralla Rlazio;12/07/2022;15,6;33,2
Vetralla Rlazio;13/07/2022;16,6;32,4
Vetralla Rlazio;14/07/2022;15,0;33,7
Vetralla Rlazio;15/07/2022;16,6;35,7
Vetralla Rlazio;16/07/2022;17,0;34,5
Vetralla Rlazio;17/07/2022;17,7;36,4
Vetralla Rlazio;18/07/2022;19,0;38,6
Vetralla Rlazio;19/07/2022;18,0;36,2
Vetralla Rlazio;20/07/2022;17,4;35,8
Vetralla Rlazio;21/07/2022;17,8;36,4
Vetralla Rlazio;22/07/2022;18,7;38,2
Vetralla Rlazio;23/07/2022;17,6;37,1
Vetralla Rlazio;24/07/2022;18,0;36,4
Vetralla Rlazio;25/07/2022;18,8;36,8
Vetralla Rlazio;26/07/2022;18,7;36,6
Vetralla Rlazio;27/07/2022;18,8;35,0
Vetralla Rlazio;28/07/2022;17,3;35,0
Vetralla Rlazio;29/07/2022;17,4;35,1
Vetralla Rlazio;30/07/2022;17,5;33,2
Vetralla Rlazio;31/07/2022;17,4;34,1
Vico nel Lazio;01/07/2022;21,6;35,2
Vico nel Lazio;02/07/2022;22,0;36,2
Vico nel Lazio;03/07/2022;23,5;35,9
Vico nel Lazio;04/07/2022;23,8;35,9
Vico nel Lazio;05/07/2022;23,6;34,1
Vico nel Lazio;06/07/2022;21,4;34,3
Vico nel Lazio;07/07/2022;15,4;32,5
Vico nel Lazio;08/07/2022;14,1;26,1
Vico nel Lazio;09/07/2022;17,1;29,2
Vico nel Lazio;10/07/2022;15,9;29,6
Vico nel Lazio;11/07/2022;17,6;28,3
Vico nel Lazio;12/07/2022;19,0;29,6
Vico nel Lazio;13/07/2022;18,2;30,1
Vico nel Lazio;14/07/2022;17,7;31,4
Vico nel Lazio;15/07/2022;20,1;34,4
Vico nel Lazio;16/07/2022;21,8;33,7
Vico nel Lazio;17/07/2022;22,9;35,9
Vico nel Lazio;18/07/2022;18,3;33,8
Vico nel Lazio;19/07/2022;21,5;32,3
Vico nel Lazio;20/07/2022;21,8;33,8
Vico nel Lazio;21/07/2022;22,5;34,2
Vico nel Lazio;22/07/2022;23,2;34,9
Vico nel Lazio;23/07/2022;23,3;35,5
Vico nel Lazio;24/07/2022;22,6;35,2
Vico nel Lazio;25/07/2022;22,0;34,7
Vico nel Lazio;26/07/2022;22,0;34,5
Vico nel Lazio;27/07/2022;20,9;32,4
Vico nel Lazio;28/07/2022;21,1;33,8
Vico nel Lazio;29/07/2022;20,1;33,9
Vico nel Lazio;30/07/2022;20,5;31,4
Vico nel Lazio;31/07/2022;20,3;31,0
Viterbo;01/07/2022;20,3;35,0
Viterbo;02/07/2022;20,8;37,8
Viterbo;03/07/2022;24,9;38,5
Viterbo;04/07/2022;25,8;38,4
Viterbo;05/07/2022;23,3;36,1
Viterbo;06/07/2022;21,8;36,2
Viterbo;07/07/2022;17,5;34,6
Viterbo;08/07/2022;17,2;27,3
Viterbo;09/07/2022;17,8;29,0
Viterbo;10/07/2022;17,1;32,4
Viterbo;11/07/2022;18,0;32,0
Viterbo;12/07/2022;19,4;31,9
Viterbo;13/07/2022;20,7;32,6
Viterbo;14/07/2022;18,6;34,5
Viterbo;15/07/2022;20,6;36,2
Viterbo;16/07/2022;20,3;34,3
Viterbo;17/07/2022;21,0;36,9
Viterbo;18/07/2022;24,0;37,2
Viterbo;19/07/2022;23,6;37,2
Viterbo;20/07/2022;22,5;36,4
Viterbo;21/07/2022;21,5;36,7
Viterbo;22/07/2022;22,5;37,7
Viterbo;23/07/2022;21,7;36,3
Viterbo;24/07/2022;21,5;36,5
Viterbo;25/07/2022;23,6;35,9
Viterbo;26/07/2022;23,9;36,9
Viterbo;27/07/2022;23,1;33,9
Viterbo;28/07/2022;21,4;35,8
Viterbo;29/07/2022;20,8;34,8
Viterbo;30/07/2022;21,5;34,3
Viterbo;31/07/2022;21,9;35,3
Vivaro Romano;01/07/2022;18,0;33,6
Vivaro Romano;02/07/2022;18,5;35,4
Vivaro Romano;03/07/2022;20,6;36,4
Vivaro Romano;04/07/2022;20,9;35,1
Vivaro Romano;05/07/2022;20,7;34,8
Vivaro Romano;06/07/2022;18,6;33,9
Vivaro Romano;07/07/2022;16,6;32,6
Vivaro Romano;08/07/2022;13,2;26,2
Vivaro Romano;09/07/2022;15,0;29,4
Vivaro Romano;10/07/2022;14,5;29,0
Vivaro Romano;11/07/2022;15,0;29,3
Vivaro Romano;12/07/2022;15,9;29,4
Vivaro Romano;13/07/2022;17,1;31,0
Vivaro Romano;14/07/2022;14,8;31,9
Vivaro Romano;15/07/2022;16,7;33,7
Vivaro Romano;16/07/2022;19,4;33,7
Vivaro Romano;17/07/2022;20,0;35,5
Vivaro Romano;18/07/2022;18,6;34,2
Vivaro Romano;19/07/2022;18,2;33,3
Vivaro Romano;20/07/2022;20,0;33,3
Vivaro Romano;21/07/2022;19,7;33,9
Vivaro Romano;22/07/2022;20,4;35,0
Vivaro Romano;23/07/2022;21,4;35,4
Vivaro Romano;24/07/2022;20,0;35,6
Vivaro Romano;25/07/2022;20,0;34,0
Vivaro Romano;26/07/2022;19,3;33,9
Vivaro Romano;27/07/2022;17,5;32,0
Vivaro Romano;28/07/2022;17,8;31,5
Vivaro Romano;29/07/2022;17,2;33,3
Vivaro Romano;30/07/2022;18,1;31,5
Vivaro Romano;31/07/2022;18,7;33,5
